日時,担当者名,送り先,商品コード,発送伝票番号,結果
2026-06-01 08:49:48,203,,,492534956686,CLEAR
2026-06-01 08:50:18,210,宮本 ふみ代,jk1074x230xblk,492534958904,OK
2026-06-01 08:51:06,209,,,492534957924,CLEAR
2026-06-01 08:51:21,203,山本泰之,ds8154xlxblk,492534956944,OK
2026-06-01 08:51:37,208,中村琴美,bck030x220xblk,492534958370,OK
2026-06-01 08:51:40,210,高田 勝基,skec232469wx270xcbk,492534958893,OK
2026-06-01 08:51:43,203,川崎浩史,ds8154xlxblk,492534956933,OK
2026-06-01 08:51:44,209,高橋 伸直,wilson8xx270x81bk,490346038184,OK
2026-06-01 08:52:07,203,佐々木 裕美,ds8154xlxblk,492534956922,OK
2026-06-01 08:52:20,208,山下真弓,4937687200385,492534958366,NG_商品違い
2026-06-01 08:52:24,208,山下真弓,bck030x220xblk,492534958366,OK
2026-06-01 08:52:27,209,金森 弘記,mz0800xmxblk,490346038173,OK
2026-06-01 08:52:31,203,山本麻美,ds8154xlxblk,492534956911,OK
2026-06-01 08:52:54,209,金田 行輝,avv5891xmxblk,490346038162,OK
2026-06-01 08:53:00,203,原和臣,ds8154xlxnvy,492534956900,OK
2026-06-01 08:53:03,208,双澤雅江,bck030x220xblk,492534958355,OK
2026-06-01 08:53:03,210,杉浦 祐介,adsji2086x245xji2086,492534958882,OK
2026-06-01 08:53:29,203,富岡 邦夫,ds8154xmxblk,492534956896,OK
2026-06-01 08:53:42,208,横地 悠,bck030x220xblk,492534958344,OK
2026-06-01 08:53:55,210,武藤 宏伸,bck030x200xgry,492534958871,OK
2026-06-01 08:53:57,203,吉村 徹,ds8154xlxnvy,492534956885,OK
2026-06-01 08:54:06,209,前田 幸夫,165hmmm951blk250,490346038151,OK
2026-06-01 08:54:22,203,鵜飼 繁,ds8154xmxgry,492534956874,OK
2026-06-01 08:54:22,208,中村 智美,bck030x220xblk,492534958333,OK
2026-06-01 08:54:32,209,尾身 和紀,165hmmm951blk270,490346038140,OK
2026-06-01 08:54:41,210,武藤 智美,mz8016xsxbeg,492534958860,OK
2026-06-01 08:54:51,203,赤倉 正志,ds8154xlxnvy,492534956863,OK
2026-06-01 08:54:56,209,岡島 圭一,165hmmm951blk250,490346038136,OK
2026-06-01 08:55:16,208,土屋 友美,bck030x200xbkw,492534958322,OK
2026-06-01 08:55:17,203,峯 みらい,ds8154xmxblk,492534956852,OK
2026-06-01 08:55:26,210,竹中 光一,bck030x230xbeg,492534958856,OK
2026-06-01 08:55:38,209,廣瀬 麟,165hmmm9592blk260,490346038125,OK
2026-06-01 08:55:46,203,小野 功豊,ds8154xlxgry,492534956841,OK
2026-06-01 08:55:58,208,金子 未来,bck030x210xbkw,492534958311,OK
2026-06-01 08:56:08,210,荻谷光代,bck030x230xbeg,492534958845,OK
2026-06-01 08:56:10,203,金田 照吉,ds8154xmxnvy,492534956830,OK
2026-06-01 08:56:23,209,尾崎 江里子,bt60xa1blk230,490346038114,OK
2026-06-01 08:56:34,203,佐々木 裕美,ds8154xmxgry,492534956826,OK
2026-06-01 08:56:34,208,荻野 奈未,bck030x210xbkw,492534958300,OK
2026-06-01 08:56:55,210,岡崎 美幸,ba36603x220xsax,492534958834,OK
2026-06-01 08:57:00,209,紀岡 美都,mz8017xlxblw,490346038103,OK
2026-06-01 08:57:08,203,鈴木健司,ds8154xmxblk,492534956815,OK
2026-06-01 08:57:11,208,北野 安慈,bck030x210xbkw,492534958296,OK
2026-06-01 08:57:26,209,米澤 由芽,mz8017xlxblw,490346038092,OK
2026-06-01 08:57:31,203,堤 聡司,ds8154x2lxnvy,492534956804,OK
2026-06-01 08:57:33,210,南部 唯,ba36603x220xsax,492534958823,OK
2026-06-01 08:57:43,208,久徳 夏美,bck030x210xbkw,492534958285,OK
2026-06-01 08:57:57,209,磯崎 真美,edw37600x230xblk,490346038081,OK
2026-06-01 08:58:01,203,孫竹 政彦,ds8154xmxnvy,492534956793,OK
2026-06-01 08:58:15,208,水藤友理,4550230408481,492534958274,NG_商品違い
2026-06-01 08:58:25,209,瀬戸口幸代,l303x250xpnk,490346038070,OK
2026-06-01 08:58:51,210,中禰 洋一,ev1001x280xgrn,492534958812,OK
2026-06-01 08:58:52,209,岡田 章,dr6275x250xdbr,490346038066,OK
2026-06-01 08:59:00,208,水藤友理,bck030x190xbkw,492534958274,OK
2026-06-01 08:59:34,208,中島 彩馨,bck030x190xbkw,492534958263,OK
2026-06-01 08:59:41,209,三木谷 将晴,mz19315x230xnvy,490346038055,OK
2026-06-01 09:00:11,209,吉田恵,mz808x240xblk,490346038044,OK
2026-06-01 09:00:13,208,奥井 美穂,bck030x190xbkw,492534958252,OK
2026-06-01 09:00:20,210,新井 正夫,edw7971x255xcml,492534958801,OK
2026-06-01 09:00:48,209,森 亮二,larkins670x255x686blk,490346038033,OK
2026-06-01 09:00:49,208,鈴木 徹,bck030x210xbkw,492534958241,OK
2026-06-01 09:01:09,203,石戸 智美,rstac007xmxbkbr,492534956782,OK
2026-06-01 09:01:15,210,川崎 玲奈,ifme205303x130xpnk,492534958790,OK
2026-06-01 09:01:18,209,志賀 真実,ifme205318x170x13ppl,490346038022,OK
2026-06-01 09:01:27,208,岩田郁恵,bck030x230xbkw,492534958230,OK
2026-06-01 09:01:58,208,二村侑介,bck030x210xbkw,492534958226,OK
2026-06-01 09:02:06,209,中村文彦,l6476bkr255,490346038011,OK
2026-06-01 09:02:16,210,林 加奈子,bck030x230xgry,492534958786,OK
2026-06-01 09:02:26,208,織部 治美,bck030x190xpcc,492534958215,NG_商品違い
2026-06-01 09:02:59,209,金子 雄太,wilson9xx255x1blk,490346038000,OK
2026-06-01 09:03:04,210,鈴木 貴哉,bck030x220xbeg,492534958775,OK
2026-06-01 09:03:29,209,柴田 幸恵,moz4777x2lxblk,490346037996,OK
2026-06-01 09:03:44,203,上條晃,2012wilsonairx265x72,492534956771,OK
2026-06-01 09:03:44,208,織部 治美,bck030x190xbkw,492534958215,OK
2026-06-01 09:03:53,210,佐原 希美,bck030x220xbeg,492534958764,OK
2026-06-01 09:03:54,209,栗原 渉,2012wilsonairx260x78,490346037985,OK
2026-06-01 09:04:16,208,佐藤 美香,bck030x210xbkw,492534958204,OK
2026-06-01 09:04:25,209,柴田 美穂,2012wilsonairx260x78,490346037974,OK
2026-06-01 09:04:33,210,熊谷 麻稀,bck030x180xbeg,492534958753,OK
2026-06-01 09:04:42,203,吉原一人,nev817xlxblk,492534956760,OK
2026-06-01 09:04:49,209,近藤龍次,2012wilsonairx260x78,490346037963,OK
2026-06-01 09:04:59,208,今井 健太郎,bck030x230xbkw,492534958193,OK
2026-06-01 09:05:22,209,桂川 沙紀,fs900blkm,490346037952,OK
2026-06-01 09:05:27,210,宇野光保,puma312672x280x01,492534958742,OK
2026-06-01 09:05:33,208,山田 賢太朗,bck030x230xbkw,492534958182,OK
2026-06-01 09:05:56,203,橋口かおり,mz7017x190xsax,492534956756,OK
2026-06-01 09:06:01,208,熊野 美沙絵,bck030x230xbkw,492534958171,OK
2026-06-01 09:06:31,209,,,490346037941,CLEAR
2026-06-01 09:06:36,208,上山 麻由,bck030x220xbkw,492534958160,NG_商品違い
2026-06-01 09:06:40,203,谷口 信和,2012wilsonairx280x70,492534956745,OK
2026-06-01 09:06:44,208,上山 麻由,bck030x210xbkw,492534958160,OK
2026-06-01 09:06:54,209,八馬 輝行,adsig9184mx300xig9184,490346037930,OK
2026-06-01 09:07:16,208,中矢 美帆,bck030x200xbkw,492534958156,OK
2026-06-01 09:07:19,210,松田久美,okinawa,492534958731,NG_商品違い
2026-06-01 09:07:37,210,松田久美,mz300xmxbge,492534958731,OK
2026-06-01 09:07:54,208,住吉 亜里紗,bck030x210xvnl,492534958145,OK
2026-06-01 09:08:00,203,一瀬 歌織,mz7017x220xabk,492534956734,OK
2026-06-01 09:08:28,208,小林 仁,bck030x210xvnl,492534958134,OK
2026-06-01 09:08:31,210,西山洋子,ls3062fx230xivr,492534958720,OK
2026-06-01 09:08:43,209,板坂由門,nbmw8804ebc7x250xbc7,490346037926,OK
2026-06-01 09:09:05,208,中村 美穂,bck030x220xvnl,492534958123,OK
2026-06-01 09:09:18,209,工藤 雄一,fs900blkm,490346037915,OK
2026-06-01 09:09:39,210,田中 文香,ifme204319x185xppl,492534958716,OK
2026-06-01 09:09:41,208,林 玲子,bck030x220xvnl,492534958112,OK
2026-06-01 09:10:05,209,木村真由美,l50456x255xblk,490346037904,OK
2026-06-01 09:10:14,208,田中 聡美,bck030x220xvnl,492534958101,OK
2026-06-01 09:10:25,203,久木山 浩紹,2012wilsonairx270x78,492534956723,OK
2026-06-01 09:10:35,210,荒田峰織,mm5122x230xblk,492534958705,OK
2026-06-01 09:10:46,208,吉廣 朗,bck030x210xvnl,492534958090,OK
2026-06-01 09:11:08,209,鎌田 理恵,edw37600x235xoak,490346037893,OK
2026-06-01 09:11:18,208,石倉 智代,bck030x190xvnl,492534958086,OK
2026-06-01 09:11:33,203,森久保裕介,va78xmxblk,492534956712,OK
2026-06-01 09:11:44,209,大橋 三貴子,skr1041x225xblk,490346037882,OK
2026-06-01 09:11:55,208,亀山 麻子,bck030x210xvnl,492534958075,OK
2026-06-01 09:12:21,209,増田 哲朗,fs900blkm,490346037871,OK
2026-06-01 09:12:32,208,篠田友理子,bck030x210xvnl,492534958064,OK
2026-06-01 09:12:39,203,白根 雅也,mz7017x240xblw,492534956701,NG_商品違い
2026-06-01 09:12:52,209,麻生 浩司,fs900blkm,490346037860,OK
2026-06-01 09:13:01,203,白根 雅也,mz7017x220xblw,492534956701,OK
2026-06-01 09:13:12,208,大西 浩之,bck030x200xvnl,492534958053,OK
2026-06-01 09:13:36,209,ふじえだ よしこ,cg1299xmxivo,490346037856,OK
2026-06-01 09:13:50,208,瀬下 友美,bck030x230xvnl,492534958042,OK
2026-06-01 09:13:53,210,民部田 則之,kri9828x250xkhk,492534958694,OK
2026-06-01 09:14:09,203,可児 礼子,mz7017x230xlvd,492534956690,OK
2026-06-01 09:14:30,208,舟久保 有記,bck030x200xvnl,492534958031,OK
2026-06-01 09:14:31,209,相原 香織,mz8416xsxkhk,490346037845,OK
2026-06-01 09:14:48,210,福岡善哉,spltamm118x270xblk,492534958683,OK
2026-06-01 09:15:02,209,山口 喜代子,l761x230x780blk,490346037834,OK
2026-06-01 09:15:04,208,石丸 美紀,bck030x230xvnl,492534958020,OK
2026-06-01 09:15:23,203,岡山 しずか,bck030x230xctd,492534956686,OK
2026-06-01 09:15:30,209,野村光,mz0800xlxblk,490346037823,OK
2026-06-01 09:16:00,210,森川朋子,ifme205303x145xpnk,492534958672,OK
2026-06-01 09:16:03,209,深田 千春,wilsoncaj16012blk260,490346037812,OK
2026-06-01 09:16:19,208,四位 知実,bck030x230xpcc,492534958016,OK
2026-06-01 09:16:27,209,澤田寛子,mz0800xmxblk,490346037801,OK
2026-06-01 09:16:51,209,崎山蒼馬,mz0800xmxblk,490346037790,OK
2026-06-01 09:17:07,210,斉藤未来,sp1296xmx8bk,492534958661,OK
2026-06-01 09:17:25,209,篠塚 紗稀,bt60xa1blk235,490346037786,OK
2026-06-01 09:17:42,203,上野江利奈,va707x190xwht,492534956675,OK
2026-06-01 09:17:59,209,菅野 久美子,avv5891xmxblk,490346037775,OK
2026-06-01 09:18:00,210,行森美優,ifme205318x175x13nvy,492534958650,OK
2026-06-01 09:18:36,203,佐々木亮一,xst6032bkwh260,492534956664,OK
2026-06-01 09:18:56,210,井原真樹,skec205046x260xbbk,492534958646,OK
2026-06-01 09:19:10,208,小柳 綾,bck030x230xpcc,492534958005,OK
2026-06-01 09:19:33,209,西村和明,ff123a3bkl,490346037764,OK
2026-06-01 09:19:42,203,向井 利文,4550230408627,492534956653,NG_商品違い
2026-06-01 09:19:51,203,向井 利文,bck030x190xbeg,492534956653,OK
2026-06-01 09:19:54,208,木村 典子,ifmesc0003x165xblu,492534957994,OK
2026-06-01 09:20:08,209,松本まゆみ,gpu22514x230xnvw,490346037753,OK
2026-06-01 09:20:24,210,長谷川綾夏,bck030x220xgry,492534958635,OK
2026-06-01 09:20:35,208,平島 琴乃,ifmesc0003x170xyel,492534957983,OK
2026-06-01 09:20:49,209,手塚 秀人,wilson9xx255x6blk,490346037742,OK
2026-06-01 09:21:07,208,長谷本 悟,ifmesc0003x170xyel,492534957972,OK
2026-06-01 09:21:16,209,斉藤 竜也,penny6001x3lxgry,490346037731,OK
2026-06-01 09:21:26,210,中山 康誉,gripper342whtwht250,492534958624,OK
2026-06-01 09:21:46,208,杉山 桃子,ifmesc0002x240xwht,492534957961,OK
2026-06-01 09:21:51,209,山口 香澄,xst6032bkb250,490346037720,OK
2026-06-01 09:22:26,210,岡村駿也,mz0800x2lxblk,492534958613,OK
2026-06-01 09:22:30,209,合田隆志,xst6032bkb250,490346037716,OK
2026-06-01 09:23:13,203,森地 諭理子,im6220x235x6220bk,492534956642,OK
2026-06-01 09:23:23,209,澤本令章,nb22act30x260xtwh,490346037705,OK
2026-06-01 09:23:27,210,中林 遥香,mz0800x2lxblk,492534958602,OK
2026-06-01 09:23:33,208,鱒渕 晃之,ifmesc0003x200xwht,492534957950,OK
2026-06-01 09:23:53,209,浅子憲利,nb22act30x270xtwh,490346037694,OK
2026-06-01 09:24:16,203,中村直美,mmm2033xlxblk,492534956631,OK
2026-06-01 09:24:23,208,硲 春奈,ifmesc0003x150xblu,492534957946,OK
2026-06-01 09:24:33,209,浅見 富美子,mz19315x250x2366blk,490346037683,OK
2026-06-01 09:24:34,210,永井 和寿,haruta30482brw235,492534958591,OK
2026-06-01 09:25:01,209,高橋 亜希,alb5503x280xblk,490346037672,OK
2026-06-01 09:25:20,203,濱中 文子,mz8016xmxabk,492534956620,OK
2026-06-01 09:25:32,210,小口真和,sjj1840x190xwhw,492534958580,OK
2026-06-01 09:25:35,208,高田 里菜,ifmesc0003x180xgrn,492534957935,OK
2026-06-01 09:25:36,209,松原幸男,wilsoncaj16021dbr260,490346037661,OK
2026-06-01 09:26:21,210,柴山 純,gpu22206x270xblk,492534958576,OK
2026-06-01 09:26:33,209,森誠,4069161653261,490346037650,NG_商品違い
2026-06-01 09:26:56,209,森誠,dcs605xmxbrw,490346037650,OK
2026-06-01 09:27:19,210,三木 愛子,bck030x230xblk,492534958565,OK
2026-06-01 09:27:22,203,金澤 茉弥,hmz5529x170xblu,492534956616,OK
2026-06-01 09:27:33,209,荒井 佳子,ci07x240xmnt,490346037646,OK
2026-06-01 09:27:43,208,,,490346040295,CLEAR
2026-06-01 09:27:58,210,真下 由香理,bck030x230xblk,492534958554,OK
2026-06-01 09:28:10,209,齋藤誠,penny6001x3lxblk,490346037635,OK
2026-06-01 09:28:36,210,太田 美妃,bck030x230xblk,492534958543,OK
2026-06-01 09:28:51,209,西田 修,penny6001x2lxblk,490346037624,OK
2026-06-01 09:29:23,210,石原節子,moz84161xsxkhk,492534958532,OK
2026-06-01 09:29:24,209,杉本 麻美,penny6001x3lxblk,490346037613,OK
2026-06-01 09:29:40,208,山崎美樹,adshq0080x255xhq0080,490346040295,OK
2026-06-01 09:29:53,209,伊藤彰宏,penny6001x2lxblk,490346037602,OK
2026-06-01 09:30:15,210,山邊 奈緒子,bck030x180xbkw,492534958521,OK
2026-06-01 09:30:16,208,竹崎 紗千,puma313770x245x02,490346040284,OK
2026-06-01 09:30:26,209,辻元 美枝,spltm196x280xnvy,490346037591,OK
2026-06-01 09:31:01,203,金子文彦,12187125230,492534956605,NG_商品違い
2026-06-01 09:31:01,210,永留 美幸,bck030x180xbkw,492534958510,OK
2026-06-01 09:31:08,203,金子文彦,mfs018cx230xnvy,492534956605,OK
2026-06-01 09:31:14,208,石川泰仁,2012wilsonairx265x72,490346040273,OK
2026-06-01 09:31:46,210,桑田 幸奈,bck030x180xbkw,492534958506,OK
2026-06-01 09:32:05,208,斉藤真探永,dr630x255x1blk,490346040262,OK
2026-06-01 09:32:11,203,須田 貴子,spltm196x270xnvy,492534956594,OK
2026-06-01 09:32:31,209,那須 圭士郎,penny6001xlxgry,490346037580,OK
2026-06-01 09:32:34,210,伊藤 昌哉,bck030x180xbkw,492534958495,OK
2026-06-01 09:32:53,208,橋本 悠,ifme203314x140x02beg,490346040251,OK
2026-06-01 09:33:05,209,森本翼,ifme206315x165xblk,490346037565,OK
2026-06-01 09:33:21,210,花房 美香,sp1296xlx8bk,492534958484,OK
2026-06-01 09:33:25,203,加藤 由里子,l761x240x780blk,492534956583,OK
2026-06-01 09:33:37,208,笹山 健志,texcy70x250x10blk,490346040240,OK
2026-06-01 09:33:38,209,井上広明,ifme206305x130xblu,490346037576,OK
2026-06-01 09:34:25,203,中村 剛,mz5815x260xwht,492534956572,OK
2026-06-01 09:34:27,209,藤本 和明,penny6001x2lxdbr,490346037554,OK
2026-06-01 09:34:32,210,渋谷 奈央子,sy12080xlxbge,492534958473,OK
2026-06-01 09:34:38,208,米田 雅子,dwalkxmx1203,490346040236,OK
2026-06-01 09:35:00,209,藤田豊,tu8002x245x008,490346037543,OK
2026-06-01 09:35:15,210,永井礼子,sp1296x2lx8bk,492534958462,OK
2026-06-01 09:35:20,203,神成隆司,du6009x265xblk,492534956561,OK
2026-06-01 09:35:35,209,田村智子,mz8416xmxgry,490346037532,OK
2026-06-01 09:35:57,210,神野 和美,bck030x220xblk,492534958451,OK
2026-06-01 09:36:12,208,飯泉 佳奈,rstac007xmxbkbr,490346040225,OK
2026-06-01 09:36:35,210,大杉 育美,bck030x210xgry,492534958440,OK
2026-06-01 09:37:23,210,齋藤 晴子,bck030x220xblk,492534958436,OK
2026-06-01 09:37:24,209,石塚 理飛,wilson1901x280xblk,490346037510,OK
2026-06-01 09:37:54,209,中村 久美子,mz8416xlxkhk,490346037506,OK
2026-06-01 09:38:06,210,工藤 元,bck030x220xblk,492534958425,OK
2026-06-01 09:38:21,209,木村 さゆり,mz8416xlxkhk,490346037495,OK
2026-06-01 09:38:53,209,廣瀬陽子,mz8416xlxkhk,490346037484,OK
2026-06-01 09:39:10,203,小畑直正,l50493x260xnvy,492534956550,OK
2026-06-01 09:39:18,209,大山雅子,mz8416xlxkhk,490346037473,OK
2026-06-01 09:39:32,208,田中 佳美,dwalkxmx1203,490346040214,OK
2026-06-01 09:39:40,209,星野ﾐｶ,mz8416xlxkhk,490346037462,OK
2026-06-01 09:40:03,210,古舘 亜紗子,bck030x220xblk,492534958414,OK
2026-06-01 09:40:12,203,春日 優作,ifme205318x170x13ppl,492534956546,OK
2026-06-01 09:40:26,209,中島 菜穂,fs900blks,490346037451,OK
2026-06-01 09:40:28,208,前川 未来,rstac007xsxbkbk,490346040203,OK
2026-06-01 09:40:39,210,馬場 望,bck030x210xgry,492534958403,OK
2026-06-01 09:40:57,203,田中 由佳,mz6214xlx03bk,492534956535,OK
2026-06-01 09:41:00,209,坂本 剛志,fs900blks,490346037440,OK
2026-06-01 09:41:20,210,田口文哉,bck030x220xblk,492534958392,OK
2026-06-01 09:41:59,210,深野 愛,bck030x220xblk,492534958381,OK
2026-06-01 09:42:06,209,岡本利也,dr6265x265xlbr,490346037436,OK
2026-06-01 09:42:43,208,竹中邦広,mz8017xmxblw,490346040192,OK
2026-06-01 09:42:47,209,山崎 祐美,fs900blks,490346037425,OK
2026-06-01 09:43:18,209,長峰 洋祐,texcy70x245x10brn,490346037414,OK
2026-06-01 09:43:29,203,本郷 沙織,ifme205318x170x13pnk,492534956524,OK
2026-06-01 09:43:39,208,吉原智絵,asahir301x230x310blk,490346040181,OK
2026-06-01 09:43:58,209,林田 純一,xstreetxst241x255xjkblk,490346037403,OK
2026-06-01 09:44:28,203,中村将人,xstreetxst241x300xjkblk,492534956513,OK
2026-06-01 09:44:35,208,森 めぐみ,asahir301x240x310blk,490346040170,OK
2026-06-01 09:44:35,209,由利 希,sanrio1501x235xwpl,490346037392,OK
2026-06-01 09:45:09,209,栗栖 龍一,wilson8xx265x81bk,490346037381,OK
2026-06-01 09:45:34,203,濱本 創,penny6001xlxblk,492534956502,OK
2026-06-01 09:45:38,208,窪内隆梓,aj221a7blk250,490346040166,OK
2026-06-01 09:45:42,209,山崎渚,puma401527x180xbkw,490346037370,OK
2026-06-01 09:46:15,209,角江 幸恵,edm235x270xwpblk,490346037366,OK
2026-06-01 09:46:34,208,大薗 彩子,puma313769x240x01,490346040155,OK
2026-06-01 09:46:38,203,大庭 弘枝,sa2841x235xwhpb,492534956491,OK
2026-06-01 09:46:42,209,小原 心輔,jk1074x255xblk,490346037355,OK
2026-06-01 09:47:11,209,相澤美由紀,pansy4482ax235xgry,490346037344,OK
2026-06-01 09:47:21,208,稲葉 英雄,puma311996mx265x07,490346040144,OK
2026-06-01 09:47:42,209,高橋 あずみ,l6075x255xblk,490346037333,OK
2026-06-01 09:48:15,209,向笠 真司,2012wilsonairx260x70,490346037322,OK
2026-06-01 09:48:24,208,村岡真奈美,rbk10021257mx260xbbg,490346040133,OK
2026-06-01 09:48:41,209,森本宏子,kg4060x1508blk260,490346037311,NG_商品違い
2026-06-01 09:48:47,209,森本宏子,l204x260xbkb,490346037311,OK
2026-06-01 09:49:14,209,佐野 正朋,2012wilsonairx265x70,490346037300,OK
2026-06-01 09:49:24,210,石川 楓華,pw7602xlx1blk,490346039676,OK
2026-06-01 09:49:39,208,鳥山 早穂,bck030x210xbeg,490346040122,OK
2026-06-01 09:50:03,209,石川 美子,dr6265x270xlbr,490346037296,OK
2026-06-01 09:50:49,208,佐藤 祐太,mz0800xsxbrn,490346040111,OK
2026-06-01 09:50:51,210,菱まどか,parkavenue211wsv235,490346039665,OK
2026-06-01 09:51:33,210,三浦秀一,wilsoncaj16012blk255,490346039654,OK
2026-06-01 09:51:35,208,杉山 雄亮,mz0800xsxbrn,490346040100,OK
2026-06-01 09:52:05,208,河野真美子,mz0800xsxbrn,490346040096,OK
2026-06-01 09:52:17,210,安斉 洋美,2012wilsonairx245x70,490346039643,OK
2026-06-01 09:52:21,209,北村 元,starcrestjb60x265x604,490346037285,OK
2026-06-01 09:52:25,203,小林弘幸,sk4910x3lxgym,492534956480,OK
2026-06-01 09:52:37,208,赤松由佳子,mz0800xsxbrn,490346040085,OK
2026-06-01 09:52:49,209,谷口 義信,jk1313x300xblk,490346037274,OK
2026-06-01 09:53:01,210,向當 勇樹,xstreetxst241x265xjkblk,490346039632,OK
2026-06-01 09:53:24,209,康 翊祐,jk1313x280xblk,490346037263,OK
2026-06-01 09:53:44,208,阿部弘志,algy4502x230xblk,490346040074,OK
2026-06-01 09:53:45,210,飯島良教,fs900blk2l,490346039621,OK
2026-06-01 09:54:05,209,関 千明,l6339blk260,490346037252,OK
2026-06-01 09:54:29,203,松浦 正始,im6620x240x6630bl,492534956476,OK
2026-06-01 09:54:30,210,佐野 正明,puma313769x270x01,490346039610,OK
2026-06-01 09:54:40,209,丹治佑太,jk1074x260xblk,490346037241,OK
2026-06-01 09:54:57,208,齊藤 由香,im6220x240x6220bk,490346040063,OK
2026-06-01 09:55:02,209,大石 哲也,edm235x260xwpblk,490346037230,OK
2026-06-01 09:55:33,209,土井 孝之,edm235x260xwpblk,490346037226,OK
2026-06-01 09:55:38,210,佐々木由佳,mz7017x230xsax,490346039606,OK
2026-06-01 09:56:16,210,牛田 奈穂,fs900blk2l,490346039595,OK
2026-06-01 09:56:17,209,佐藤文仁,doq7572x3lxslv,490346037215,OK
2026-06-01 09:56:21,203,沼尾智子,bck030x230xgry,492534956465,OK
2026-06-01 09:57:06,210,小川 拓也,va78xmxblk,490346039584,OK
2026-06-01 09:57:18,203,青木 和美,bck030x210xgry,492534956454,OK
2026-06-01 09:57:22,208,河野 剛志,mz6820xlxnvy,490346040052,OK
2026-06-01 09:57:53,209,,,490346037204,CLEAR
2026-06-01 09:58:06,203,関口 麻紀,bck030x220xgry,492534956443,OK
2026-06-01 09:58:07,208,隈元剛,nev817xlxblk,490346040041,OK
2026-06-01 09:58:08,209,小池 文彦,wilsoncaj16012blk260,490346037193,OK
2026-06-01 09:58:16,210,梶家 洋子,jk1074x235xwht,490346039573,OK
2026-06-01 09:58:39,208,藪田真弘,nev817xlxblk,490346040030,OK
2026-06-01 09:58:59,210,八木橋 大生,edm235x280xwpblk,490346039562,OK
2026-06-01 09:59:04,203,小田ちあき,bck030x200xbkw,492534956432,OK
2026-06-01 09:59:37,208,宮本由葵,mz7017x190xsax,490346040026,OK
2026-06-01 09:59:50,210,石伊 奈緒子,bck030x200xgry,490346039551,OK
2026-06-01 09:59:53,203,嶺 真貴子,bck030x220xblk,492534956421,OK
2026-06-01 10:00:13,208,三野 隆太,precure3809x180x37ppl,490346040015,OK
2026-06-01 10:00:32,210,飛川 香織,b151142x199xble240,490346039540,OK
2026-06-01 10:00:47,208,江口 香奈江,2012wilsonairx280x70,490346040004,OK
2026-06-01 10:00:54,203,野口直紀,bck030x230xvnl,492534956410,OK
2026-06-01 10:01:00,209,稲木 均,wilsoncaj16012blk260,490346037182,OK
2026-06-01 10:01:20,210,上村 浩史,nikecn9677011x290x011,490346039536,OK
2026-06-01 10:01:30,209,高橋 瑞葵,b151142x199xble235,490346037171,OK
2026-06-01 10:01:44,208,西村英晃,ifme305317x185xgrn,490346039993,OK
2026-06-01 10:01:56,209,下城 瞳,skr1041x225xblk,490346037160,OK
2026-06-01 10:02:24,208,溝上 達也,2012wilsonairx280x78,490346039982,OK
2026-06-01 10:02:24,209,石崎 由紀子,sa2814x245xblk,490346037156,OK
2026-06-01 10:02:56,209,土田あゆみ,lg1700x245xnvy,490346037145,OK
2026-06-01 10:02:57,203,政本 千尋,ifmesc0002x175xblu,492534956406,OK
2026-06-01 10:03:01,210,永島美紀,sa2841x235xbeca,490346039525,OK
2026-06-01 10:03:26,209,高橋 秀雄,wilsoncaj16012blk250,490346037134,OK
2026-06-01 10:03:39,208,沼沢 彩,puma312247x250x02,490346039971,OK
2026-06-01 10:03:55,203,小島 彬,ifmesc0003x180xwht,492534956395,OK
2026-06-01 10:03:57,210,貞廣 暁利,mmh2064xmxblk,490346039514,OK
2026-06-01 10:04:31,208,興梠 未喜,im6620x230x6620bl,490346039960,OK
2026-06-01 10:04:40,209,橋本 裕子,sa2814x235xblk,490346037123,OK
2026-06-01 10:05:00,208,大西慶周,2012wilsonairx280x78,490346039956,OK
2026-06-01 10:05:10,209,中村光男,wilsoncaj16012blk250,490346037112,OK
2026-06-01 10:05:35,203,尾上 貴江,r4380047x210xtdl,492534956384,OK
2026-06-01 10:05:38,209,大眉 みゆき,jk1074x240xwht,490346037101,OK
2026-06-01 10:05:56,208,近藤 博武,mz8017xsxbeg,490346039945,OK
2026-06-01 10:06:09,209,兼森 幸子,mz8017x2lxbeg,490346037090,OK
2026-06-01 10:06:11,203,飯田 桃子,r4360647x200xbkb,492534956373,OK
2026-06-01 10:06:11,210,関由加里,penny6001x3lxdbr,490346039503,OK
2026-06-01 10:06:35,208,大坂俊徳,bck030x210xbeg,490346039934,OK
2026-06-01 10:06:50,209,生田 裕香,cg1299xlxblk,490346037086,OK
2026-06-01 10:07:02,210,菊地 貴博,2012wilsonairx255x78,490346039492,OK
2026-06-01 10:07:36,208,ｶ-ｱｼｽﾄ BASE松尾 尚,l50456x265xcmo,490346039923,OK
2026-06-01 10:07:40,203,土山 佳奈,ifmesc0002x190xgrn,492534956362,OK
2026-06-01 10:08:01,210,酒匂 公貴,fkr1363x210xbkr,490346039481,OK
2026-06-01 10:08:41,210,坂口 絵美理,mz7017x240xabk,490346039470,OK
2026-06-01 10:08:46,208,山口 友理,rpremium3681xlxbks,490346039912,OK
2026-06-01 10:08:58,209,,,490346037204,CLEAR
2026-06-01 10:09:00,203,藤井 公子,ifmesc0002x195xgrn,492534956351,OK
2026-06-01 10:09:21,210,市村 早苗,xst6033bkbs,490346039466,OK
2026-06-01 10:09:58,208,坪倉美佐子,skr1041x245xnvy,490346039901,OK
2026-06-01 10:10:09,210,横井めぐみ,nikecn9677011x250x011,490346039455,OK
2026-06-01 10:10:11,203,前田 知世,ifmesc0002x200xwht,492534956340,OK
2026-06-01 10:10:43,208,鈴木 幸子,mz9023x230xgry,490346039890,OK
2026-06-01 10:11:06,210,蓮田 裕子,mz7017x250xblw,490346039444,OK
2026-06-01 10:11:21,208,鈴木明熙,bck030x210xbeg,490346039886,OK
2026-06-01 10:11:30,209,,,490346037204,CLEAR
2026-06-01 10:11:43,210,中村 浩平,texcy70x255x10blk,490346039433,OK
2026-06-01 10:11:47,203,大西 秋奈,ifmesc0002x175xwht,492534956336,OK
2026-06-01 10:12:02,209,岩倉 隆裕,4963613876898,490346037204,NG_商品違い
2026-06-01 10:12:04,208,上嶋奏士,puma402632x270x01,490346039875,OK
2026-06-01 10:12:28,210,河野 彩,mz7017x230xabk,490346039422,OK
2026-06-01 10:12:44,203,高木 英樹,ifmesc0002x175xwht,492534956325,OK
2026-06-01 10:12:49,208,藤林 瑛美,bck030x210xbeg,490346039864,OK
2026-06-01 10:13:08,210,石橋知美,mz7017x230xabk,490346039411,OK
2026-06-01 10:13:29,208,渋沢友貴,asahir301x220x310blk,490346039853,OK
2026-06-01 10:13:37,203,青山沙智,ba36603x180xppl,492534956314,NG_商品違い
2026-06-01 10:13:40,210,西 雅秀,490346039400,490346039400,NG_商品違い
2026-06-01 10:13:54,210,西 雅秀,texcy70x245x10blk,490346039400,OK
2026-06-01 10:14:17,208,,,490346039842,CLEAR
2026-06-01 10:14:22,203,青山沙智,lz56601kxmxnvy,492534956314,OK
2026-06-01 10:14:43,210,吉村 純子,xst6033bkbm,490346039396,OK
2026-06-01 10:14:56,208,斉木翔平,nbgk578bkx220xbk,490346039842,OK
2026-06-01 10:15:29,203,山本 麻衣,ifmesc0003x170xpnk,492534956303,OK
2026-06-01 10:15:43,210,三島 俊介,mz7017x220xblw,490346039385,OK
2026-06-01 10:15:56,208,千葉勝,aj221a7blk255,490346039831,OK
2026-06-01 10:16:21,203,松村 望,ba36603x220xppl,492534956292,OK
2026-06-01 10:17:09,208,,,490346039831,CLEAR
2026-06-01 10:17:25,210,熊上 達耶,mz7017x220xblw,490346039374,OK
2026-06-01 10:18:00,209,,,490346037204,CLEAR
2026-06-01 10:18:07,203,加藤 里菜,ifmesc0003x160xpnk,492534956281,OK
2026-06-01 10:18:10,210,木村千裕,ls4034x220xblk,490346039363,NG_商品違い
2026-06-01 10:18:26,210,木村千裕,ls4034x200xblk,490346039363,OK
2026-06-01 10:18:34,208,池田 智是,sa2814x225xdbr,490346039820,OK
2026-06-01 10:18:34,209,大谷綾子,mz0800xsxblk,490346038302,OK
2026-06-01 10:18:52,203,八須 三知江,ifmesc0003x160xwht,492534956270,OK
2026-06-01 10:19:11,210,長井千尋,ifme205318x165x13org,490346039352,OK
2026-06-01 10:19:18,208,高浪 麻里子,pw7602xlxblk,490346039816,OK
2026-06-01 10:19:25,209,角一美,pn8403x245xbeg,490346038291,OK
2026-06-01 10:19:40,203,山本 志穂,ifmesc0003x175xblu,492534956266,OK
2026-06-01 10:20:02,209,古村 昭子,skec141489x230xtpe,490346038280,OK
2026-06-01 10:20:29,203,菅家 伸子,ds8155xlxblk,492534956255,OK
2026-06-01 10:20:41,208,金俊龍,dj3567x260x6gry,490346039805,NG_商品違い
2026-06-01 10:20:42,210,中村 靖雄,skc232962wx250xbbk,490346039341,OK
2026-06-01 10:20:46,208,金俊龍,aj221a7blk260,490346039805,OK
2026-06-01 10:21:29,209,菊池里奈,hms1863x250xbkb,490346038276,NG_商品違い
2026-06-01 10:21:44,208,大東 ひとみ,pw7602xmxblk,490346039794,OK
2026-06-01 10:21:48,210,傳住 加代子,rpremium2853x240xoke,490346039330,OK
2026-06-01 10:21:50,209,菊池里奈,hms1863x250xwhb,490346038276,OK
2026-06-01 10:22:20,208,古牧 由奈,pw7602xmxblk,490346039783,OK
2026-06-01 10:22:28,209,安藤一,dr6275x265xdbr,490346038265,OK
2026-06-01 10:22:33,210,浦田 久美子,algy4503x230xbrn,490346039326,OK
2026-06-01 10:22:58,208,小森 美穂,pw7602x2lxblk,490346039772,OK
2026-06-01 10:23:20,209,桑原 かずえ,l761x245x780blk,490346038254,OK
2026-06-01 10:23:25,210,鈴木 悠,mz7017x250xnvy,490346039315,OK
2026-06-01 10:23:35,208,東本 真帆,sa2814x240xblk,490346039761,OK
2026-06-01 10:23:52,209,小山田 猛,mz710x245xblk,490346038243,OK
2026-06-01 10:24:25,208,上野恵,mz8416xmxkhk,490346039750,OK
2026-06-01 10:24:32,210,染谷多賀子,mz498xmxblk,490346039304,OK
2026-06-01 10:25:08,208,服部真弓,mz8416xmxkhk,490346039746,OK
2026-06-01 10:25:28,210,穂満 真澄,l303x235xbeg,490346039293,OK
2026-06-01 10:25:50,203,,,490346035174,CLEAR
2026-06-01 10:25:50,208,宮脇知子,mz8416xmxkhk,490346039735,OK
2026-06-01 10:26:00,203,,,490346035395,CLEAR
2026-06-01 10:26:17,210,吉田 菜津美,pwpt7017x170x81ppk,490346039282,OK
2026-06-01 10:26:26,209,澁谷 愛,o4170050x220xblk,490346038232,OK
2026-06-01 10:26:41,208,佐藤 萌花,xst6033nvpkm,490346039724,OK
2026-06-01 10:26:59,209,高倉美羽,sa2841x235xcmdb,490346038221,OK
2026-06-01 10:27:04,210,梶谷 憲子,mz729x245xwht,490346039271,OK
2026-06-01 10:27:39,209,根本 晃行,starcrestjb60x265x605,490346038210,OK
2026-06-01 10:27:52,208,西木 亜季,fkr1534x200xblk,490346039713,OK
2026-06-01 10:28:21,210,萬戸利和,dr6265x250xlbr,490346039260,OK
2026-06-01 10:28:29,209,郡司吉則,l6236x270xblk,490346038206,OK
2026-06-01 10:28:56,203,白石 沙織,ifmesc0003x235xwht,490346035395,OK
2026-06-01 10:29:03,209,秋田 やよい,l304x230xbkb,490346038195,OK
2026-06-01 10:29:11,208,田中 歩,mz7017x230xsax,490346039702,OK
2026-06-01 10:29:25,210,鈴木 智子,sa2814x245xbeg,490346039256,OK
2026-06-01 10:29:43,203,山田 祐陽,ifmesc0003x235xwht,490346035384,OK
2026-06-01 10:29:46,209,木坂 光基,2012wilsonairx280x73,490346038346,OK
2026-06-01 10:30:03,208,東本 真帆,sa2814x240xblk,490346039691,OK
2026-06-01 10:30:13,203,堀江 美里,ifmesc0003x165xwht,490346035373,OK
2026-06-01 10:30:29,210,石光清子,va78xlxblk,490346039245,OK
2026-06-01 10:30:40,203,佐藤 有香,sy12080x2lxblk,490346035362,OK
2026-06-01 10:31:00,209,熊谷 光,alb5503x270xwht,490346037075,OK
2026-06-01 10:31:05,203,石井 和幸,sy12080x2lxbge,490346035351,OK
2026-06-01 10:31:09,208,末岡優樹,starcrestjb60x265x605,490346039680,OK
2026-06-01 10:31:36,203,澤田 由季,ifmesc0003x160xpnk,490346035340,OK
2026-06-01 10:31:42,209,湯目早苗,sa2814x250xcml,490346037064,OK
2026-06-01 10:32:07,210,川上 真実,kg9659x5508blk235,490346039234,OK
2026-06-01 10:32:11,203,口池 大輔,ba36603x190xblk,490346035336,OK
2026-06-01 10:32:26,209,谷渕 郁,rpremium2853x245xble,490346037053,OK
2026-06-01 10:32:47,203,橋詰 亜矢子,ifmesc0003x165xpnk,490346035325,OK
2026-06-01 10:33:03,210,麻生 麻由子,mz7017x210xnvy,490346039223,OK
2026-06-01 10:33:19,203,青澤 一恵,ifmesc0003x165xpnk,490346035314,OK
2026-06-01 10:33:50,203,藤原 駿介,ifmesc0003x190xgrn,490346035303,OK
2026-06-01 10:33:59,209,斎藤清美,du6009x290xblk,490346037042,OK
2026-06-01 10:34:26,203,下村 修平,ifmesc0003x230xyel,490346035292,OK
2026-06-01 10:34:28,210,小泉 雅美,mz710x235xpnk,490346039212,OK
2026-06-01 10:35:09,209,土井万理,jk1074x245xwht,490346037031,OK
2026-06-01 10:35:15,203,小山田 美穂,490346035270,490346035281,NG_商品違い
2026-06-01 10:35:16,210,冨原一真,annanicola377blkbkl,490346039201,OK
2026-06-01 10:35:28,203,小山田 美穂,2012dietslippersxfreexnvy,490346035281,OK
2026-06-01 10:35:43,209,吉立 亜紀子,skr1041x235xnvy,490346037020,OK
2026-06-01 10:35:44,203,山田大介,ds8154xlxbrn,490346035270,OK
2026-06-01 10:36:22,209,清永境子,skr1041x235xnvy,490346037016,OK
2026-06-01 10:36:46,208,西田敦子,moz491x2lxblk,490346036342,OK
2026-06-01 10:36:56,210,吉村 南海子,l303x240xgry,490346039190,OK
2026-06-01 10:37:00,209,川畑匠史,dm2022x250xgry,490346037005,OK
2026-06-01 10:37:30,203,山下 ﾀｶｺ,ds8155xlxnvy,490346035266,OK
2026-06-01 10:37:32,208,高橋智春,jk1074x250xblk,490346036331,OK
2026-06-01 10:37:38,209,小山 麻子,wilson8xx260x82bk,490346036994,OK
2026-06-01 10:37:41,210,宮本 真由美,annanicola377blkbkl,490346039186,OK
2026-06-01 10:38:05,203,棚井裕子,ds8155xlxnvy,490346035255,OK
2026-06-01 10:38:09,209,筒井 智晴,mz8017xmxbeg,490346036983,OK
2026-06-01 10:38:16,208,山下絵里香,jk1074x250xblk,490346036320,OK
2026-06-01 10:38:30,203,中尾なるこ,ds8155xmxlgy,490346035244,OK
2026-06-01 10:38:56,203,佐々木 友,ds8155xmxlgy,490346035233,OK
2026-06-01 10:38:56,208,室谷 沙也香,ifme205318x180x13pnk,490346036316,OK
2026-06-01 10:38:57,209,ﾉｸﾞﾁｱｷﾋﾄ,robks1a20blk265,490346036972,OK
2026-06-01 10:39:02,210,北川悠美子,algy4502x210xwht,490346039175,OK
2026-06-01 10:39:36,203,田中 順子,ds8155xmxlgy,490346035222,OK
2026-06-01 10:39:37,208,藤岡貴子,moz491xmxbkw,490346036305,OK
2026-06-01 10:39:52,210,西山浩之,wilsoncaj16011dbr260,490346039164,OK
2026-06-01 10:40:00,203,佐々木駿介,ds8154x2lxblk,490346035211,OK
2026-06-01 10:40:26,208,長島 五生,jk1074x255xwht,490346036294,OK
2026-06-01 10:40:27,203,岩国屋秀昭,ds8154x2lxblk,490346035200,OK
2026-06-01 10:40:52,209,,,490346036961,CLEAR
2026-06-01 10:40:57,208,村上ひろこ,lg1700x260xblk,490346036283,OK
2026-06-01 10:41:05,203,水野理帆,ds8155xmxlgy,490346035196,OK
2026-06-01 10:41:10,210,高塩 由紀,mz6214xmx03bk,490346039153,OK
2026-06-01 10:41:18,209,西出 正宏,rbks130x255xdbr,490346036950,OK
2026-06-01 10:41:32,203,神成 亮,ds8154x2lxblk,490346035185,OK
2026-06-01 10:41:51,208,吉岡 つばさ,ifme205318x180x13org,490346036272,OK
2026-06-01 10:41:59,210,畠中祥美,mz8889xmxblk,490346039142,OK
2026-06-01 10:42:28,203,高崎孝生,ds8154xlxblk,490346035174,OK
2026-06-01 10:42:29,208,,,490346036261,CLEAR
2026-06-01 10:42:38,209,溝上 瞳,mz8017xmxbeg,490346036946,OK
2026-06-01 10:42:53,203,村上勝,ds8154xlxblk,490346035163,OK
2026-06-01 10:42:56,210,三浦 克史,165hmmm952cho260,490346039131,OK
2026-06-01 10:43:23,203,江端 悠亮,ds8154x2lxbrn,490346035152,OK
2026-06-01 10:43:33,209,中川 奈美枝,sa2814x230xbeg,490346036935,OK
2026-06-01 10:43:48,208,椎名 ひろえ,sngyuv01x300xabu,490346036261,OK
2026-06-01 10:43:50,203,森本 勝代,ds8154x2lxnvy,490346035141,OK
2026-06-01 10:44:14,210,門脇 律子,b151142oke240,490346039120,OK
2026-06-01 10:44:19,203,山本 淳史,ds8154x2lxnvy,490346035130,OK
2026-06-01 10:44:45,209,,,490346036924,CLEAR
2026-06-01 10:44:46,203,柘植 麻由美,ds8154xlxnvy,490346035126,OK
2026-06-01 10:45:04,208,斉藤 涼子,bck030x230xbeg,490346036250,OK
2026-06-01 10:45:09,210,齊藤 布沙子,pw7602xlxwht,490346039116,OK
2026-06-01 10:45:12,203,豊原 奈央子,ds8154xmxnvy,490346035115,OK
2026-06-01 10:45:37,203,叶井さと子,ds8154xmxgry,490346035104,OK
2026-06-01 10:46:00,208,松野朋朗,bck030x230xbeg,490346036246,OK
2026-06-01 10:46:01,203,篠田 早苗,ds8154x2lxgry,490346035093,OK
2026-06-01 10:46:05,209,,,490346036913,CLEAR
2026-06-01 10:46:26,209,岩倉 隆裕,dm2020x265xblk,490346037204,OK
2026-06-01 10:46:31,203,田村 芳恵,ds8154xlxnvy,490346035082,OK
2026-06-01 10:46:35,208,岩本智香子,bck030x230xbeg,490346036235,OK
2026-06-01 10:46:57,203,佐藤琴江,ds8155xlxlgy,490346035071,OK
2026-06-01 10:47:16,208,赤津 直樹,ba36603x220xsax,490346036224,OK
2026-06-01 10:47:27,203,島田 和人,ds8154xlxgry,490346035060,OK
2026-06-01 10:47:30,209,佐藤絹子,b151142x225x062ble,490346036902,NG_商品違い
2026-06-01 10:47:42,209,佐藤絹子,b151142oke225,490346036902,OK
2026-06-01 10:47:55,203,,,490346035056,CLEAR
2026-06-01 10:48:11,209,高橋京子,nb22act30x230xtwh,490346036891,OK
2026-06-01 10:48:13,210,田原 華奈,2011valentisaa913l,490346039105,OK
2026-06-01 10:48:19,208,高橋聡美,lz56601kxlxsbu,490346036213,OK
2026-06-01 10:49:03,208,原 彩子,bck030x230xgry,490346036202,OK
2026-06-01 10:49:07,209,田中 基司,du6009x265xdbn,490346036913,OK
2026-06-01 10:49:20,210,鈴木 あゆみ,mz710x230xgrg,490346039094,OK
2026-06-01 10:49:45,208,小金井 麻依子,bck030x230xgry,490346036191,OK
2026-06-01 10:50:07,209,橋本 真衣,l303x240xblk,490346036880,OK
2026-06-01 10:50:07,210,新川 茂美,xst6032bkb260,490346039083,OK
2026-06-01 10:50:31,208,大島 若菜,bck030x220xbeg,490346036180,OK
2026-06-01 10:50:38,209,松本明子,algy4502x200xwht,490346036876,OK
2026-06-01 10:51:05,210,丸島 真理子,kyoikupowereng240,490346039072,OK
2026-06-01 10:51:11,208,高橋 枝里子,ba36603x220xsax,490346036176,OK
2026-06-01 10:51:12,209,道川 侑香,fkr1363x220xbkr,490346036865,OK
2026-06-01 10:51:47,209,田口 有香,mz8017xlxbeg,490346036854,OK
2026-06-01 10:52:08,203,野崎美幸,im6620x230x6320bl,490346035056,OK
2026-06-01 10:52:10,208,高橋真由美,mz300xlxbge,490346036165,OK
2026-06-01 10:52:24,210,中村紘子,puma373168x245x02,490346039061,OK
2026-06-01 10:52:33,209,,,490346036843,CLEAR
2026-06-01 10:52:58,209,千葉 智美,arpeggiox250xblk,490346036961,OK
2026-06-01 10:53:00,208,村山 正美,sy12080xlxbge,490346036154,NG_商品違い
2026-06-01 10:53:15,210,近藤 知章,l6236x250xwhr,490346039050,OK
2026-06-01 10:53:37,203,鈴木 純子,b151142x240x062oke,490346035045,OK
2026-06-01 10:54:08,210,竹内孝代,puma373168x245x02,490346039046,OK
2026-06-01 10:54:22,209,加茂 花菜,mz8017xlxbeg,490346036843,OK
2026-06-01 10:54:49,203,重森 裕明,cc400x250x3blk,490346035034,OK
2026-06-01 10:54:59,210,吉村博之,mz6222x270xnvy,490346039035,OK
2026-06-01 10:55:56,210,田上幸治,sac041x180xwht,490346039024,OK
2026-06-01 10:55:59,203,伊木 真理子,wilson8xx260x81bk,490346035023,OK
2026-06-01 10:56:14,208,,,490346036154,CLEAR
2026-06-01 10:56:45,209,中川 晃一,tr744blkl,490346036832,OK
2026-06-01 10:56:56,210,早川 義,mz6221x250xblk,490346039013,OK
2026-06-01 10:57:08,208,新田頼人,nbml515gryx260xgry,490346036143,OK
2026-06-01 10:57:28,209,原 衣織,fkr1363x225xbkr,490346036821,OK
2026-06-01 10:57:29,203,正岡 亜希子,2011valentisaa9132l,490346035012,NG_商品違い
2026-06-01 10:57:38,210,山岡道子,tz2339x235xblk,490346039002,OK
2026-06-01 10:57:40,203,正岡 亜希子,pw7602x2lxblk,490346035012,OK
2026-06-01 10:58:01,209,月松健二,edm235x265xwpblk,490346036810,OK
2026-06-01 10:58:27,208,奥村 智美,ba36603x190xblk,490346036132,OK
2026-06-01 10:58:38,209,北林 麻純,mz7017x200xbeg,490346036806,OK
2026-06-01 10:58:52,203,秋元 奈緒美,sa2814x240xdbr,490346035001,OK
2026-06-01 10:59:16,209,藤村香澄,sa2814x235xdbr,490346036795,OK
2026-06-01 10:59:30,210,中谷 友紀,20201301brn235,490346038991,OK
2026-06-01 10:59:37,208,遅澤佐知,nikeib3952002x235x002,490346036121,OK
2026-06-01 10:59:48,209,吉田 未央,mz8016x2lxabk,490346036784,OK
2026-06-01 10:59:55,203,甲斐綾子,2012wilsonairx270x78bit,490346034990,OK
2026-06-01 11:00:16,210,古閑 亮一,mz7017x220xabk,490346038980,OK
2026-06-01 11:00:19,208,吽野 尚行,skec205046x255xbbk,490346036110,OK
2026-06-01 11:00:35,209,田中 修平,mfs018cx190xnvy,490346036773,OK
2026-06-01 11:01:02,210,嶋田 遥,valentino3911blkl,490346038976,NG_商品違い
2026-06-01 11:01:07,208,藤田 ひろみ,puma401527x170xbkw,490346036106,OK
2026-06-01 11:01:08,203,花田 博,edm235x245xwpblk,490346034986,OK
2026-06-01 11:01:08,209,池上 正吾,wilsoncaj16012blk265,490346036762,OK
2026-06-01 11:01:14,210,嶋田 遥,2011valentisaa901l,490346038976,NG_商品違い
2026-06-01 11:01:26,210,嶋田 遥,valentino3912blkl,490346038976,OK
2026-06-01 11:01:38,209,赤荻 裕幸,l203x280xbkb,490346036751,OK
2026-06-01 11:02:01,203,城輝見子,4571501718597,490346034975,NG_商品違い
2026-06-01 11:02:07,208,,,490346036095,CLEAR
2026-06-01 11:02:15,208,熊谷裕太,gpu22206x260xblk,490346036095,OK
2026-06-01 11:02:19,203,城輝見子,pansy4482ax235xblk,490346034975,OK
2026-06-01 11:02:29,210,宇原 織江,valentino3911blkl,490346038965,OK
2026-06-01 11:02:31,209,,,490346036740,CLEAR
2026-06-01 11:03:18,209,渡邉 美和,mz7017x230xbeg,490346036740,OK
2026-06-01 11:03:36,203,高山 恵莉子,mz7017x210xabk,490346034964,OK
2026-06-01 11:03:45,102,柳井谷理沙,im6620x235x6320bl,492534964692,OK
2026-06-01 11:03:45,210,林 英樹,mz8889xmxblk,490346038954,OK
2026-06-01 11:04:03,209,吉野 智子,rpremium2853x230xoke,490346036736,OK
2026-06-01 11:04:17,102,大賀英則,2012wilsonairx265x72,492534964681,OK
2026-06-01 11:04:27,210,伊藤宏至,xst6032bkwh270,490346038943,OK
2026-06-01 11:04:28,104,森口 健治,dj295x270xblk,492534964062,OK
2026-06-01 11:04:49,208,嶋野 喜之,nbwe4302elk4x225xlk4,490346036084,OK
2026-06-01 11:04:52,209,川瀬 奈生,b151142x199xoke240,490346036725,OK
2026-06-01 11:04:56,104,野口 あゆみ,pw7602xmxblk,492534964051,OK
2026-06-01 11:05:00,102,伊藤昌代,puma373168x225x01,492534964670,OK
2026-06-01 11:05:21,210,宮田ゆう子,nbgk578bkx230xbk,490346038932,OK
2026-06-01 11:05:29,104,藤井 玲加,pw7602xmxblk,492534964040,OK
2026-06-01 11:05:31,209,芳野 雅,l304x250xdnv,490346036714,OK
2026-06-01 11:05:40,102,上村浩子,dwalkxsx4022,492534964666,OK
2026-06-01 11:06:04,210,竹村美菜子,nbgk578bkx230xbk,490346038921,OK
2026-06-01 11:06:06,104,糸井恵美,mz8416xmxkhk,492534964036,OK
2026-06-01 11:06:06,209,進藤 芳則,wl5501blk260,490346036703,OK
2026-06-01 11:06:29,104,中村 みゆき,mz8416xmxkhk,492534964025,OK
2026-06-01 11:06:38,209,熊谷 あゆみ,parkavenue211wsv240,490346036692,OK
2026-06-01 11:06:50,208,浦田 久美子,nmj133x230xdnm,490346036073,OK
2026-06-01 11:06:52,102,小泉 由佳,rstac007xlxbkbk,492534964655,OK
2026-06-01 11:06:54,210,渡部 裕樹,mz0800xmxbrn,490346038910,OK
2026-06-01 11:07:01,104,田ﾉ上 沙絵,mz7017x240xblw,492534964014,OK
2026-06-01 11:07:13,203,高澤 菜摘,ifme205318x165x13org,490346034953,OK
2026-06-01 11:07:25,104,高島 沙紀,pw7602x2lxblk,492534964003,OK
2026-06-01 11:07:33,209,石村 千裕,mz8048xlxblk,490346036681,OK
2026-06-01 11:07:36,208,井上貴登,bck030x220xgry,490346036062,OK
2026-06-01 11:07:47,102,松田真幸,nbm413lw32ex280xlw3,492534964644,OK
2026-06-01 11:07:58,210,本谷 哲也,skec229210x250xolv,490346038906,OK
2026-06-01 11:07:59,104,石崎直己,jk1074x270xwht,492534963992,OK
2026-06-01 11:08:04,203,荒木里香,wilsoncaj16012blk270,490346034942,OK
2026-06-01 11:08:06,209,石崎ﾋｻ子,penny9907x260xjkcml,490346036670,OK
2026-06-01 11:08:20,102,塩澤 麻里菜,rstac007xmxbkbk,492534964633,OK
2026-06-01 11:08:30,104,山尾 夏美,mz5592x2lxblk,492534963981,OK
2026-06-01 11:08:51,209,山崎 京姫,l304x225xbkb,490346036666,OK
2026-06-01 11:09:01,104,水野卓也,cg1299x2lxblk,492534963970,OK
2026-06-01 11:09:02,208,長島大輔,dcs607xmxkhk,490346036051,OK
2026-06-01 11:09:09,203,直塚 彩也乃,mz6214xmx03iv,490346034931,OK
2026-06-01 11:09:16,102,田島淳子,1012b678x245x100,492534964622,OK
2026-06-01 11:09:21,209,山本 純一,mmm51xmxblk,490346036655,NG_商品違い
2026-06-01 11:09:35,209,山本 純一,165hmmm9592blk250,490346036655,NG_商品違い
2026-06-01 11:09:39,104,近内 紀子,2012wilsonairx270x78,492534963966,OK
2026-06-01 11:09:49,102,久保沙也香,dwalkxmx1203,492534964611,OK
2026-06-01 11:09:49,209,山本 純一,165hmmm951blk260,490346036655,OK
2026-06-01 11:10:08,208,清水駿,4069156467781,490346036040,NG_商品違い
2026-06-01 11:10:12,104,湯浅 裕見子,xst6033bpkm,492534963955,OK
2026-06-01 11:10:13,208,清水駿,puma402486mx255xwhb,490346036040,OK
2026-06-01 11:10:24,210,柳澤英恵,annanicola377blkbkm,490346038895,OK
2026-06-01 11:10:27,209,柴原 敦子,precure3809x180x37pnk,490346036644,OK
2026-06-01 11:10:31,102,石関郁美,puma401527x210xbkw,492534964600,OK
2026-06-01 11:10:37,203,福本 誠,tz2350x225xpgd,490346034920,OK
2026-06-01 11:10:42,104,苅谷久恵,mz8416xmxgry,492534963944,OK
2026-06-01 11:10:59,102,小野美芳,rstac007xsxbkbr,492534964596,OK
2026-06-01 11:10:59,208,唐橋 佳志,bck030x230xblk,490346036036,OK
2026-06-01 11:11:04,209,湯川 恵子,l304x225xbkb,490346036633,OK
2026-06-01 11:11:07,104,井手 里音,mz8016x2lxnvy,492534963933,OK
2026-06-01 11:11:18,210,田中 智佳,cg1299xmxblk,490346038884,OK
2026-06-01 11:11:32,104,松生悦子,mz7017x210xsax,492534963922,OK
2026-06-01 11:11:39,208,比留川祐樹,bck030x230xblk,490346036025,OK
2026-06-01 11:11:39,209,佐藤 弘毅,xstreetxst241x260xjkwht,490346036622,OK
2026-06-01 11:11:50,104,,010,010,NG_伝票未登録
2026-06-01 11:11:56,104,玉盛 和輝,mz7017x210xsax,492534963911,OK
2026-06-01 11:12:05,210,佐藤 李咲,annanicola377blkbkm,490346038873,OK
2026-06-01 11:12:14,104,,010,010,NG_伝票未登録
2026-06-01 11:12:14,208,川口 奈々,bck030x230xblk,490346036014,OK
2026-06-01 11:12:17,102,笹沢 貴弘,adsjr4613x260xjr4613,492534964585,OK
2026-06-01 11:12:18,209,竹内 真里,mz7017x240xbeg,490346036611,OK
2026-06-01 11:12:23,104,清水 七緒,mz710x250xblk,492534963900,OK
2026-06-01 11:12:51,104,須崎 洋一,edm235x250xwpblk,492534963896,OK
2026-06-01 11:12:57,102,吉村優,adshq0082x265xhq0082,492534964574,OK
2026-06-01 11:13:04,209,安庭樹,gpu22341x280xbkb,490346036600,OK
2026-06-01 11:13:07,208,Gatot Irawan,puma402632x280x01,490346036003,OK
2026-06-01 11:13:07,210,清水 香織,mz8016xmxsax,490346038862,OK
2026-06-01 11:13:10,203,松岡大起,bck030x190xgry,490346034916,OK
2026-06-01 11:13:17,104,元田純恵,mz710x250xblk,492534963885,OK
2026-06-01 11:13:29,102,浅海麻起子,puma401527x210xbkw,492534964563,OK
2026-06-01 11:13:45,104,天野ゆかり,xst6032bkb260,492534963874,OK
2026-06-01 11:13:47,210,高橋 美保,annanicola377blkbkm,490346038851,OK
2026-06-01 11:13:48,209,藤田陽介,lg1700x250xblk,490346036596,OK
2026-06-01 11:13:56,208,水野 佐智恵,bck030x220xgry,490346035992,OK
2026-06-01 11:14:05,102,小川 梨紗,mz8017xmxblw,492534964552,OK
2026-06-01 11:14:12,104,永石 直也,xst6032bkb260,492534963863,OK
2026-06-01 11:14:29,208,飯田明美,bck030x220xgry,490346035981,OK
2026-06-01 11:14:35,210,星野 二葉,tz2350x240xblk,490346038840,OK
2026-06-01 11:14:36,102,羽賀 加代子,mz8017xmxblw,492534964541,OK
2026-06-01 11:14:46,203,神保 直子,254hpl1006xlxblk,490346034905,OK
2026-06-01 11:15:03,102,鈴木裕一郎,nev817xlxblk,492534964530,OK
2026-06-01 11:15:21,104,TODANIKOJIRO,adshq0082x265xhq0082,492534963852,OK
2026-06-01 11:15:30,208,山口和樹,sp1296xlx9bk,490346035970,OK
2026-06-01 11:15:35,102,山崎雄三,nev817xlxblk,492534964526,OK
2026-06-01 11:15:40,210,諸貫 ひとみ,rpremium2853x245xoke,490346038836,OK
2026-06-01 11:15:46,104,中田 由香里,mz8017xmxnvy,492534963841,OK
2026-06-01 11:15:50,203,田中 美穂,xst6033nvpkl,490346034894,OK
2026-06-01 11:15:55,209,洲崎 悠太,165hmmm9592blk270,490346036585,OK
2026-06-01 11:16:07,102,後迫 香代,avv300x245xblk,492534964515,OK
2026-06-01 11:16:12,104,宮田 智子,mfs018cx180xnvy,492534963830,OK
2026-06-01 11:16:19,208,木村明子,bck030x220xblk,490346035966,OK
2026-06-01 11:16:36,102,今泉通男,nev817xlxblk,492534964504,OK
2026-06-01 11:16:43,209,加藤 賢一,wilsoncaj16022blk270,490346036574,OK
2026-06-01 11:16:46,104,雑賀 秀明,xstreetxst241x265xjkblk,492534963826,OK
2026-06-01 11:16:57,210,竹田 温,sa2841x235xwhbu,490346038825,OK
2026-06-01 11:16:58,208,藤平 陽子,bck030x220xblk,490346035955,OK
2026-06-01 11:17:18,209,佐々木友也,mz5815x280xwht,490346036563,OK
2026-06-01 11:17:24,104,青砥 翔平,dj360x265xbkb,492534963815,OK
2026-06-01 11:17:42,210,宮本 亜希子,2011valentisaa901s,490346038814,OK
2026-06-01 11:17:45,209,濱田 夏摘,jk1074x265xwht,490346036552,OK
2026-06-01 11:17:56,203,西木戸 由幸,ds8154xlxgry,490346034883,OK
2026-06-01 11:18:03,208,小守 公美,bck030x190xbkw,490346035944,OK
2026-06-01 11:18:21,209,橋本 普明,wilson1901x265xblk,490346036541,OK
2026-06-01 11:18:49,208,杉原 さゆり,bck030x230xbkw,490346035933,OK
2026-06-01 11:18:50,209,大木 智,wilsoncaj16022blk245,490346036530,OK
2026-06-01 11:18:59,104,小松原 正晴,penny9907x265xjkcml,492534963804,OK
2026-06-01 11:19:26,104,高山優作,fs900blk2l,492534963793,OK
2026-06-01 11:19:29,209,兼子友紀,nb22act30x255xtwh,490346036526,OK
2026-06-01 11:19:30,208,市川 由衣,bck030x230xbkw,490346035922,OK
2026-06-01 11:19:33,210,濱野 利幸,mz19315x240xnvy,490346038803,OK
2026-06-01 11:19:35,203,坂口 慈,starcrestjb60x245x601,490346034872,OK
2026-06-01 11:19:59,104,中浜友幸,dj360x260xgry,492534963782,NG_商品違い
2026-06-01 11:20:01,209,阿部 愛,l761x240x780gry,490346036515,OK
2026-06-01 11:20:10,102,門永雄治,nev817xlxblk,492534964493,OK
2026-06-01 11:20:26,208,松田 絵里,bck030x210xbkw,490346035911,OK
2026-06-01 11:20:33,209,形川晃一,mz6820x2lxblk,490346036504,OK
2026-06-01 11:20:37,102,松本 太士,skec237473x280xbbk,492534964482,OK
2026-06-01 11:20:37,104,中浜友幸,dj360x250xgry,492534963782,OK
2026-06-01 11:20:37,210,栗原裕美,va78xlxblk,490346038792,OK
2026-06-01 11:21:07,104,徳廣桂,ifme205318x170x13nvy,492534963771,OK
2026-06-01 11:21:10,209,齋藤 ひとみ,fkr1364x225xbkp,490346036493,OK
2026-06-01 11:21:11,203,本田 ひとみ,mz19315x235xnvy,490346034861,OK
2026-06-01 11:21:23,102,出石治,mz0800xsxbrn,492534964471,OK
2026-06-01 11:21:24,208,松村麻美,bck030x230xbkw,490346035900,OK
2026-06-01 11:21:25,210,貞久 真実,annanicola377blkbks,490346038781,OK
2026-06-01 11:21:52,209,福井基之,fg550x280x01dbr,490346036482,OK
2026-06-01 11:21:55,102,多田雅史,adsjr4613x300xjr4613,492534964460,OK
2026-06-01 11:22:01,208,小泉 智美,bck030x230xbkw,490346035896,OK
2026-06-01 11:22:10,104,木間 正則,va78xmxblk,492534963760,OK
2026-06-01 11:22:20,210,下西加寿美,annanicola377blkbks,490346038770,OK
2026-06-01 11:22:26,209,桑原 幸子,im6620x225x6620bl,490346036471,OK
2026-06-01 11:22:38,104,長田正義,va78xmxblk,492534963756,OK
2026-06-01 11:22:38,208,土師 美佳,bck030x200xbkw,490346035885,OK
2026-06-01 11:22:47,203,石森 かほる,l203x265xblk,490346034850,OK
2026-06-01 11:22:56,102,福富堅斗,2012wilsonairx265x72,492534964456,OK
2026-06-01 11:23:10,104,河野 正史,2012wilsonairx260x70bbr,492534963745,OK
2026-06-01 11:23:11,209,大島 勇樹,mm5125x230xblk,490346036460,OK
2026-06-01 11:23:14,208,西口 江津子,bck030x230xbkw,490346035874,OK
2026-06-01 11:23:20,210,石田寿美,mz834x235xwhb,490346038766,OK
2026-06-01 11:23:21,102,松原和生,nev817xmxblk,492534964445,OK
2026-06-01 11:23:42,104,坂本 幸治,puma311996mx300x07,492534963734,OK
2026-06-01 11:23:42,209,布宮蓮,2012wilsonairx265x78,490346036456,OK
2026-06-01 11:23:47,102,川上幸子,nev817xmxblk,492534964434,OK
2026-06-01 11:23:57,208,定方彩,bck030x230xbkw,490346035863,OK
2026-06-01 11:24:04,210,藤澤 幸治,nikehj5228009x270x009,490346038755,OK
2026-06-01 11:24:14,102,田中 篤史,xst6032bkb280,492534964423,OK
2026-06-01 11:24:15,104,小坂 周一郎,edm235x280xwpblk,492534963723,OK
2026-06-01 11:24:25,209,森崎 邦彦,2012wilsonairx270x73,490346036445,OK
2026-06-01 11:24:41,104,ｷﾞｬﾙｿﾝﾄﾗｽﾄ,edm235x280xwpblk,492534963712,OK
2026-06-01 11:24:42,203,森唯,mfs018cx190xnvy,490346034846,OK
2026-06-01 11:24:54,102,藤岡文子,edw51333xsxoak,492534964412,OK
2026-06-01 11:25:00,208,木下 結以,bck030x210xvnl,490346035852,OK
2026-06-01 11:25:01,209,横尾加奈子,lg1700x260xblk,490346036434,OK
2026-06-01 11:25:10,104,竹田 厚,wilson8xx245x81bk,492534963701,OK
2026-06-01 11:25:31,102,笹川 敦史,xst6032bkb280,492534964401,OK
2026-06-01 11:25:34,209,天羽渉,lg1700x280xblk,490346036423,OK
2026-06-01 11:25:34,210,久保田 聡美,edw37190x235xblk,490346038744,OK
2026-06-01 11:25:38,102,氏本 奈央子,b151142bks235,492534964390,OK
2026-06-01 11:25:38,104,岩田 さおり,bck030x200xgry,492534963690,OK
2026-06-01 11:25:51,102,河西 建一郎,tu7796x275xblk,492534964386,OK
2026-06-01 11:25:54,208,松尾 歩美,bck030x210xvnl,490346035841,OK
2026-06-01 11:26:00,102,高澤 豪汰,tu7796x275xblk,492534964375,OK
2026-06-01 11:26:11,210,前田 亜砂美,edw37600x230xoak,490346038733,OK
2026-06-01 11:26:13,102,岡元 千穂,mz7017x190xsax,492534964364,OK
2026-06-01 11:26:14,104,藤谷 泰史,xstreetxst241x265xjkblk,492534963686,OK
2026-06-01 11:26:15,209,塩野 幸代,wilson8xx280x82bk,490346036412,OK
2026-06-01 11:26:22,203,木村 草太,du6009x290xdbn,490346034835,OK
2026-06-01 11:26:27,102,野口 美仁,mz7017x190xsax,492534964353,OK
2026-06-01 11:26:40,102,塩原 拓也,2012wilsonairx280x70,492534964342,OK
2026-06-01 11:26:41,208,上松 朱未,bck030x190xvnl,490346035830,OK
2026-06-01 11:26:44,104,弓達辰也,nikecn9677011x290x011,492534963675,OK
2026-06-01 11:26:50,210,佐藤 俊嘉,mz7017x220xbeg,490346038722,OK
2026-06-01 11:26:53,102,前田勇也,1273a124x260xbks,492534964331,OK
2026-06-01 11:27:10,102,坂元義秀,rbks130x250xcml,492534964320,OK
2026-06-01 11:27:21,102,長山 裕輝,im6620x230x6620bl,492534964316,OK
2026-06-01 11:27:22,208,吉田 聡子,bck030x230xvnl,490346035826,OK
2026-06-01 11:27:34,104,三輪 莉歩,dstar4609x150xpnk,492534963664,OK
2026-06-01 11:27:37,102,鳥居洋平,mz6820xlxblk,492534964305,OK
2026-06-01 11:27:39,210,服部 秀俊,mz7017x220xlvd,490346038711,OK
2026-06-01 11:27:49,102,赤城 祐生,mz6820xlxblk,492534964294,OK
2026-06-01 11:28:04,102,名和良治,nev817x2lxbkr,492534964283,OK
2026-06-01 11:28:08,104,田村健一,penny6001x3lxdbr,492534963653,OK
2026-06-01 11:28:11,208,村山 正美,sy12080xmxbge,490346036154,OK
2026-06-01 11:28:23,102,成田 美千枝,bck030x210xbeg,492534964272,OK
2026-06-01 11:28:28,209,辻 利男,starcrestjb60x265x601,490346036401,NG_商品違い
2026-06-01 11:28:37,210,福屋直美,mz8889xmxdbr,490346038700,OK
2026-06-01 11:28:38,102,永山 綾子,skr1041x240xnvy,492534964261,OK
2026-06-01 11:28:38,104,前田忍,dsm404x2lxblk,492534963642,OK
2026-06-01 11:28:50,209,辻 利男,starcrestjb60x265x607,490346036401,OK
2026-06-01 11:28:52,102,岩根 有希,rpremium3681xlxoke,492534964250,OK
2026-06-01 11:29:02,102,芳賀 祐貴子,skr1041x240xblk,492534964246,OK
2026-06-01 11:29:11,104,朱 洪敏,asahir301x240x310nvy,492534963631,OK
2026-06-01 11:29:16,102,福園 佳那,bck030x210xbeg,492534964235,OK
2026-06-01 11:29:23,209,柳川 勉,starcrestjb60x265x601,490346036390,OK
2026-06-01 11:29:26,102,公平経二,nev817xlxwht,492534964224,OK
2026-06-01 11:29:31,210,黒田 千恵,nb22act30x245xtwh,490346038696,OK
2026-06-01 11:29:38,102,遠藤 知佳,b151142x199xble245,492534964213,OK
2026-06-01 11:29:49,102,大井雅貴,2012wilsonairx250x78,492534964202,OK
2026-06-01 11:29:49,104,松本 賢二,asahir301x235x310nvy,492534963620,OK
2026-06-01 11:29:59,209,川口 毅,starcrestjb60x245x605,490346036386,OK
2026-06-01 11:30:00,102,島村 良輔,l203x265xblk,492534964191,OK
2026-06-01 11:30:10,102,小高祐佐,asahir301x220x310blk,492534964180,OK
2026-06-01 11:30:22,102,西崎 正芳,165hmmm952cho250,492534964176,OK
2026-06-01 11:30:22,210,海老沼愛,mz7017x210xbeg,490346038685,OK
2026-06-01 11:30:26,104,渡邉 雄亮,2012wilsonairx255x78,492534963616,OK
2026-06-01 11:30:31,209,長門桂子,apc186x150xpnk,490346036375,OK
2026-06-01 11:30:33,102,横山 滋,2012wilsonairx250x78,492534964165,OK
2026-06-01 11:30:48,102,前田圭亮,2012wilsonairx250x78,492534964154,OK
2026-06-01 11:30:53,104,杉田晋吾,asahir301x230x310nvy,492534963605,OK
2026-06-01 11:31:04,102,石田 一,mmm2033xmxblk,492534964143,OK
2026-06-01 11:31:08,210,渡邉 祐子,l303x235xblk,490346038674,OK
2026-06-01 11:31:12,102,,,492534964132,CLEAR
2026-06-01 11:31:15,209,古賀 誠,2012wilsonairx265x78,490346036364,OK
2026-06-01 11:31:27,104,岡田 泰葉,asahir301x215x310nvy,492534963594,OK
2026-06-01 11:31:51,209,衛藤凛太郎,moz491xsxblk,490346036353,OK
2026-06-01 11:31:54,210,登山 奈央,l303x235xblk,490346038663,OK
2026-06-01 11:31:58,203,荒瀬 小智枝,jk1074x230xwht,490346034824,OK
2026-06-01 11:32:23,104,白坂 紀美代,mz7017x240xabk,492534963583,OK
2026-06-01 11:32:34,102,福岡俊和,nbgk578bkx220xbk,492534964132,OK
2026-06-01 11:32:45,210,竹内 亜紀子,l304x250xdnv,490346038652,OK
2026-06-01 11:32:54,102,坂根 勇輝,nbgk578bkx220xbk,492534964121,OK
2026-06-01 11:33:12,102,工藤 由希,mz7017x220xnvy,492534964110,OK
2026-06-01 11:33:26,102,加藤 ﾙﾐ,mz8017xlxnvy,492534964106,OK
2026-06-01 11:33:35,210,大野彩子,ifme203314x135x02nvy,490346038641,OK
2026-06-01 11:33:41,208,,,490346035815,CLEAR
2026-06-01 11:33:43,102,加藤義一,nev816xlxblk,492534964095,OK
2026-06-01 11:33:54,102,ｳﾞｪﾘﾃｸﾘﾆｯｸ 銀座院,pw7602xlxblk,492534964084,OK
2026-06-01 11:34:01,209,,,490346036924,CLEAR
2026-06-01 11:34:03,102,藤井 直美,pw7602xlxblk,492534964073,OK
2026-06-01 11:34:42,210,田所 理恵,l6518x260xblk,490346038630,OK
2026-06-01 11:34:52,209,小林 祥子,edw151208xsxnvy,490346037941,OK
2026-06-01 11:34:55,208,兼子 志保里,bck030x200xvnl,490346035815,OK
2026-06-01 11:35:02,203,,,490346034813,CLEAR
2026-06-01 11:35:17,104,渡邊 朝美,mz7017x240xblw,492534963572,OK
2026-06-01 11:35:40,210,中山秀明,fs900blkl,490346038626,OK
2026-06-01 11:35:43,102,,,492534963465,CLEAR
2026-06-01 11:36:19,208,相原 佳奈,ifmesc0003x150xblu,490346035804,OK
2026-06-01 11:36:21,102,大岩正人,197463tapes,492534963465,OK
2026-06-01 11:36:32,102,宮本 千代子,2012wilsonairx245x78,492534963454,OK
2026-06-01 11:36:33,104,炬口 諒輔,wilson910x260x1blk,492534963561,OK
2026-06-01 11:36:41,102,小原 賢大,xst217x280xblk,492534963443,OK
2026-06-01 11:36:43,210,西 晴輝,texcy70x260x10brn,490346038615,OK
2026-06-01 11:36:56,102,高橋 輝気,2012wilsonairx290x78,492534963432,OK
2026-06-01 11:37:01,104,岡崎 新,xst6033bkbs,492534963550,OK
2026-06-01 11:37:05,208,結城 恵美子,ifmesc0003x175xgrn,490346035793,OK
2026-06-01 11:37:08,102,中村悠一,gpu52504mx260xwhg,492534963421,OK
2026-06-01 11:37:23,104,上野 充俊,spltamm118x255xblk,492534963546,OK
2026-06-01 11:37:26,102,木立 亜美,parka8132whs220,492534963410,OK
2026-06-01 11:37:34,203,北村 圭子,4937687200347,490346034802,NG_商品違い
2026-06-01 11:37:37,210,福島早織,mz6222x265xblk,490346038604,OK
2026-06-01 11:37:38,102,坂下 友理,fkr1363x210xbkr,492534963406,OK
2026-06-01 11:37:44,203,北村 圭子,bck030x200xgry,490346034802,OK
2026-06-01 11:37:45,209,,,490346036924,CLEAR
2026-06-01 11:37:51,102,赤坂 隼一,2012wilsonairx245x78,492534963395,OK
2026-06-01 11:37:53,104,渡辺 晴代,nikecn9677011x250x011,492534963535,OK
2026-06-01 11:38:02,102,菊間 伸弘,fkr1363x210xbkr,492534963384,OK
2026-06-01 11:38:18,102,栗林亜希,nbw413lk3x240xlk3,492534963373,OK
2026-06-01 11:38:31,104,角 和代,wilson9xx265x6blk,492534963524,OK
2026-06-01 11:38:37,210,大塚 友貴,mz8017xlxblw,490346038593,OK
2026-06-01 11:38:38,102,荒巻敬一,2012wilsonairx265x70bbr,492534963362,OK
2026-06-01 11:38:56,203,鈴木 さおり,bck030x230xbeg,490346034791,OK
2026-06-01 11:38:59,104,高橋 智子,mz7017x240xabk,492534963513,OK
2026-06-01 11:39:01,102,葛西和佳奈,rc040x265xblk,492534963351,OK
2026-06-01 11:39:08,208,杉浦 唯,ifmesc0003x180xpnk,490346035782,OK
2026-06-01 11:39:16,102,大内 さやか,ls4034x220xivr,492534963340,OK
2026-06-01 11:39:19,104,,010,010,NG_伝票未登録
2026-06-01 11:39:19,210,遠藤 亜弥,ifme203314x130x02pnk,490346038582,OK
2026-06-01 11:39:31,104,三浦由晴,4963613763419,492534963502,NG_商品違い
2026-06-01 11:39:35,102,宮川豊,wilsonairxmx710bk,492534963336,OK
2026-06-01 11:39:39,209,藤田 祐介,xst6032bkb260,492534962850,OK
2026-06-01 11:39:42,104,三浦由晴,dr630x255x1blk,492534963502,OK
2026-06-01 11:39:45,208,村上 久恵,ifmesc0003x175xwht,490346035771,OK
2026-06-01 11:39:47,102,小川 怜也,2012wilsonairx270x70,492534963325,OK
2026-06-01 11:40:08,102,中川 一枝,sanrio1505x240xbkw,492534963314,OK
2026-06-01 11:40:10,203,保立 直子,bck030x220xmbu,490346034780,OK
2026-06-01 11:40:16,104,野口 美仁,mz7017x230xabk,492534963491,OK
2026-06-01 11:40:28,209,片野 春菜,puma373168x245x02,492534962846,OK
2026-06-01 11:40:31,102,大杉優子,pansy9723xmxblk,492534963303,OK
2026-06-01 11:40:37,208,海老原 八重,ifmesc0003x175xpnk,490346035760,OK
2026-06-01 11:40:42,104,吉田 亜梨沙,precure3809x180x37pnk,492534963480,OK
2026-06-01 11:40:46,102,金子 郁己,mz19315x245x2366gry,492534963292,OK
2026-06-01 11:41:09,102,赤瀬 千歩,fkr1364x240xbkp,492534963281,OK
2026-06-01 11:41:10,104,古屋智靖,ifme205318x175x13blk,492534963476,OK
2026-06-01 11:41:12,209,深松 真弓,mz7017x210xlvd,492534962835,OK
2026-06-01 11:41:19,102,芹沢彰人,starcrestjb60x260x601,492534963270,OK
2026-06-01 11:41:20,203,今井 綾,bck030x230xbkw,490346034776,OK
2026-06-01 11:41:36,102,藤田一貴,bck030x230xctd,492534963266,OK
2026-06-01 11:41:43,209,塚元将仁,fg550x245x02blk,492534962824,OK
2026-06-01 11:41:46,102,松山 新吾,spltm196x260xnvy,492534963255,OK
2026-06-01 11:41:46,208,末永 亜紗子,4550230408634,490346035756,NG_商品違い
2026-06-01 11:41:55,102,増田 梓,2012wilsonairx265x78bit,492534963244,OK
2026-06-01 11:41:55,203,松中 麻衣子,490346034765,490346034765,NG_商品違い
2026-06-01 11:42:01,210,武末賢次,jk1313x265xnvy,490346038571,OK
2026-06-01 11:42:08,208,末永 亜紗子,bck030x200xpcc,490346035756,OK
2026-06-01 11:42:09,102,柳谷憲治,starcrestjb60x270x604,492534963233,OK
2026-06-01 11:42:12,209,宮下加帆里,sac041x170xwht,492534962813,OK
2026-06-01 11:42:29,203,松中 麻衣子,r4380047x230xblk,490346034765,OK
2026-06-01 11:42:55,208,兵頭 優子,bck030x220xmbu,490346035745,OK
2026-06-01 11:42:58,210,村上圭一郎,mz6222x255xnvy,490346038560,OK
2026-06-01 11:43:02,209,川村 礼奈,l203x250xbkb,492534962802,OK
2026-06-01 11:43:33,208,加藤 瞳,bck030x210xmbu,490346035734,OK
2026-06-01 11:43:38,209,石渡小百合,puma373168x245x02,492534962791,OK
2026-06-01 11:43:50,104,三科 あつみ,mz8017xlxabk,492534962356,OK
2026-06-01 11:43:53,210,岩田 直人,tr744blk2l,490346038556,OK
2026-06-01 11:44:08,102,藤井 建樹,starcrestjb60x255x605,492534963222,OK
2026-06-01 11:44:12,104,田中 陽花莉,mz8017xlxabk,492534962345,OK
2026-06-01 11:44:14,209,大石 藍,msadv01wts230,492534962780,OK
2026-06-01 11:44:34,104,岩田 麻由,mz8017xlxabk,492534962334,OK
2026-06-01 11:44:36,102,吉村 沙也子,mz7017x250xgry,492534963211,OK
2026-06-01 11:44:48,210,永地 藍,rpremium2853x230xblk,490346038545,OK
2026-06-01 11:44:55,104,市川 明日香,mz8017xlxabk,492534962323,OK
2026-06-01 11:44:55,209,吉原 千恵,mz7017x220xabk,492534962776,OK
2026-06-01 11:45:15,102,後藤 愛依子,skr1041x245xblk,492534963200,OK
2026-06-01 11:45:25,104,江藤 千尋,ifme205318x155x13pnk,492534962312,OK
2026-06-01 11:45:30,209,細谷 智美,b151142bke245,492534962765,OK
2026-06-01 11:45:40,210,上野 明子,rpremium2853x230xblk,490346038534,OK
2026-06-01 11:45:44,102,新井直美,l303x225xblk,492534963196,OK
2026-06-01 11:45:51,208,吉宗由佳子,r4380047x220xtdb,490346035723,OK
2026-06-01 11:45:55,104,小林 享弘,ifme205318x155x13pnk,492534962301,OK
2026-06-01 11:46:03,209,松浦 利奈,mz7017x220xabk,492534962754,OK
2026-06-01 11:46:10,102,清水真央,b151142bke235,492534963185,OK
2026-06-01 11:46:26,210,名川 綾子,mz7017x200xnvy,490346038523,OK
2026-06-01 11:46:27,104,牧村朋美,rbks130x270xblk,492534962290,OK
2026-06-01 11:46:34,209,西尾 恭子,msadv01wts235,492534962743,OK
2026-06-01 11:46:36,102,天野 裕子,l303x225xblk,492534963174,OK
2026-06-01 11:46:40,208,川島 加奈江,4582392205219,490346035712,NG_商品違い
2026-06-01 11:46:58,104,藤田 周平,fs900blkl,492534962286,OK
2026-06-01 11:47:03,203,福岡 華織,me3762x210xwht,490346034754,OK
2026-06-01 11:47:09,102,蜂屋 真由美,mz19315x245x2366gry,492534963163,OK
2026-06-01 11:47:12,209,村田さおり,adsjs3565x265xjs3565,492534962732,OK
2026-06-01 11:47:17,210,入江 陽子,mz7017x210xlvd,490346038512,OK
2026-06-01 11:47:27,208,川島 加奈江,r4380047x220xblk,490346035712,OK
2026-06-01 11:47:31,104,松ﾒｯｷ工業((株))青山,mmm51x2lxblk,492534962275,OK
2026-06-01 11:47:35,102,桑原美妃,xst6032bkwh280,492534963152,OK
2026-06-01 11:48:01,203,福田 和,bck030x190xvnl,490346034743,OK
2026-06-01 11:48:04,104,仲野 智美,mz0800xlxblk,492534962264,OK
2026-06-01 11:48:13,102,豊澤 ﾘﾋﾞｱ,pw7602x3lxblk,492534963141,OK
2026-06-01 11:48:13,210,荒澤 彩水,0197627456072,490346038501,NG_商品違い
2026-06-01 11:48:15,209,増野 宣夫,wilson36001blk260,492534962721,OK
2026-06-01 11:48:30,104,李 旦宇,fs900blkl,492534962253,OK
2026-06-01 11:48:30,210,荒澤 彩水,skec141489x220xbbk,490346038501,OK
2026-06-01 11:48:43,102,仲 和美,mz710x240xblk,492534963130,OK
2026-06-01 11:48:47,208,清水 知里,r4360647x210xivy,490346035701,OK
2026-06-01 11:48:49,209,池田栄子,gpu52504lx230xwhb,492534962710,OK
2026-06-01 11:48:57,203,小田桐志帆,ifme205303x135xpnk,490346034732,OK
2026-06-01 11:49:11,104,鈴木勇也,ifme206305x140xpnk,492534962242,OK
2026-06-01 11:49:21,210,嶋 洋司,jk1313x260xwht,490346038490,OK
2026-06-01 11:49:25,209,木村 和代,mz8889x2lxblk,492534962706,OK
2026-06-01 11:49:53,104,西田 辰也,texcy70x260x10brn,492534962231,OK
2026-06-01 11:49:54,203,下門 聖子,4582392205202,490346034721,NG_商品違い
2026-06-01 11:50:04,209,藤井 亜美,kg4060x1508blk270,492534962695,OK
2026-06-01 11:50:19,104,川上 信也,fs900blkl,492534962220,OK
2026-06-01 11:50:19,203,下門 聖子,r4380047x210xblk,490346034721,OK
2026-06-01 11:50:19,210,人見成祐,adshq0082x260xhq0082,490346038486,OK
2026-06-01 11:50:36,209,佐々木香菜,nbgk578bkx230xbk,492534962684,OK
2026-06-01 11:50:49,104,吉田 裕,fs900blkl,492534962216,OK
2026-06-01 11:51:13,210,清水勝美,mz808x225xwhg,490346038475,OK
2026-06-01 11:51:15,102,,,492534963126,CLEAR
2026-06-01 11:51:18,104,高森 美千代,mz8017xlxblw,492534962205,OK
2026-06-01 11:51:42,208,小山冬華,r4380047x230xblk,490346035690,OK
2026-06-01 11:51:45,104,齋藤学,tu8002x255x008,492534962194,OK
2026-06-01 11:51:52,209,太田春愛,wpc6915x2lxblk,492534962673,OK
2026-06-01 11:51:53,102,大高 美寿津,jk1074x250xwht,492534963115,OK
2026-06-01 11:52:05,210,西村 諒,mz7017x220xsax,490346038464,OK
2026-06-01 11:52:13,104,村上 龍山,fs900blkl,492534962183,OK
2026-06-01 11:52:26,102,角井 宏明,xstreetxst241x260xjkblk,492534963104,OK
2026-06-01 11:52:28,209,柳下 清人,mz0800xmxbrn,492534962662,OK
2026-06-01 11:52:37,208,,,490346035686,CLEAR
2026-06-01 11:52:39,104,市村 純子,algy4502x220xwht,492534962172,OK
2026-06-01 11:52:52,208,岡本 大樹,r4360647x200xblu,490346035686,OK
2026-06-01 11:52:54,102,塗師 亮,ifme206321x155xwht,492534963093,OK
2026-06-01 11:52:55,210,みやがわ あやの,mz8889xsxblk,490346038453,OK
2026-06-01 11:53:11,104,日比野 佳代子,ifme205318x160x13ppl,492534962161,OK
2026-06-01 11:53:19,209,森山 規弘,msadv01wts250,492534962651,OK
2026-06-01 11:53:30,102,ｹ-ｴｽﾕﾆｵﾝ 株式会社,l203x250xbkb,492534963082,OK
2026-06-01 11:53:39,208,湯澤 奈央子,r4360647x230xgrn,490346035675,OK
2026-06-01 11:53:45,210,村上 美紀,lg3100x265xgry100,490346038442,OK
2026-06-01 11:53:46,203,鈴木 理恵,ifmesc0003x190xblu,490346034710,OK
2026-06-01 11:53:48,104,武田順子,ifme306317x150xsax,492534962150,OK
2026-06-01 11:53:59,102,儀藤尚美,va78xlxblk,492534963071,OK
2026-06-01 11:54:16,208,大藤 千恵,r4360647x230xblk,490346035664,OK
2026-06-01 11:54:25,104,佐藤 佳奈,ifme203314x145x02pnk,492534962146,OK
2026-06-01 11:54:29,102,有本 美空,mz498xlxblk,492534963060,OK
2026-06-01 11:54:37,203,橋本 柚子,ifmesc0002x205xgrn,490346034706,OK
2026-06-01 11:54:45,210,岩淵勝利,l50497x250xnvy,490346038431,OK
2026-06-01 11:54:57,102,川上 聰,b151142x240x062ble,492534963056,OK
2026-06-01 11:55:02,104,稲葉 琴絵,ifmesc0003x215xblu,492534962135,OK
2026-06-01 11:55:28,104,藤原 幸子,skec229210x270xolv,492534962124,OK
2026-06-01 11:55:29,102,角谷めぐみ,mz498xlxblk,492534963045,OK
2026-06-01 11:55:32,208,山本由希子,r4380047x230xtdb,490346035653,OK
2026-06-01 11:55:33,203,福重 拓郎,ifmesc0003x160xwht,490346034695,OK
2026-06-01 11:55:47,209,太田 徹二,skec229210x250xolv,492534962640,OK
2026-06-01 11:55:55,102,大竹裕斗,skr1041x245xblk,492534963034,OK
2026-06-01 11:55:57,104,矢野 浩嗣,mfs018cx210xblk,492534962113,OK
2026-06-01 11:56:22,104,神山由香,xstreetxst241x280xjkblk,492534962102,OK
2026-06-01 11:56:23,102,成田 健治,gpu32412x250xblk,492534963023,OK
2026-06-01 11:56:26,208,佐藤志津枝,r4380047x230xmlt,490346035642,OK
2026-06-01 11:56:45,104,萩原 哲,mfs018cx210xblk,492534962091,OK
2026-06-01 11:57:02,209,谷原久美,nbgk578bkx230xbk,492534962636,OK
2026-06-01 11:57:06,208,赤間 幸菜,r4380047x230xtdb,490346035631,OK
2026-06-01 11:57:07,104,八尋和也,l7518x230xblk,492534962080,OK
2026-06-01 11:57:18,210,山口 宏子,mz0800xlxblk,490346038420,OK
2026-06-01 11:57:36,209,足立 桜,annanicola377blkbkm,492534962625,OK
2026-06-01 11:57:53,208,平山 紗津紀,r4360647x190xbkb,490346035620,OK
2026-06-01 11:58:15,209,古山 衆香,annanicola377blkbkm,492534962614,OK
2026-06-01 11:58:26,210,金井 亮太,wilson9xx265x6dbr,490346038416,OK
2026-06-01 11:58:27,208,木村 律子,r4380047x200xmlt,490346035616,OK
2026-06-01 11:58:48,209,中山 真由美,cg1299xmxblk,492534962603,OK
2026-06-01 11:59:11,210,泉 諒弥,mz0800xlxblk,490346038405,OK
2026-06-01 11:59:35,209,高木雄介,rpremium2853x235xoke,492534962592,OK
2026-06-01 12:00:02,208,六車 理子,ifmesc0002x170xgrn,490346035605,OK
2026-06-01 12:00:10,210,和田綾子,mz0800xlxblk,490346038394,OK
2026-06-01 12:00:15,209,馬場洋平,aj221a7blk270,492534962581,OK
2026-06-01 12:01:14,208,山本 直人,ifmesc0002x205xwht,490346035594,OK
2026-06-01 12:01:15,210,干貝 圭未,puoe51530xlxblk,490346038383,OK
2026-06-01 12:01:17,209,田中 裕弥,mz6221x250xblk,492534962570,OK
2026-06-01 12:01:50,209,柾谷好潤,mz7017x210xblw,492534962566,OK
2026-06-01 12:02:05,208,鈴木由香理,ba36603x220xblu,490346035583,OK
2026-06-01 12:02:07,210,天辰 有香,fkr1534x210xwht,490346038372,OK
2026-06-01 12:02:10,203,後藤 健一,wilson1901x255xblk,490346037521,OK
2026-06-01 12:02:31,209,大関 信行,spltm196x280xnvy,492534962555,OK
2026-06-01 12:02:54,210,後藤昌司,nev817xmxwht,490346038361,OK
2026-06-01 12:03:03,208,厚海 和子,ifmesc0002x205xblu,490346035572,OK
2026-06-01 12:03:23,203,,,492534957342,CLEAR
2026-06-01 12:03:31,209,鈴木 静枝,mz7017x230xnvy,492534962544,OK
2026-06-01 12:03:57,208,赤津 直樹,ba36603x180xsax,490346035561,OK
2026-06-01 12:03:58,210,山田江理奈,ifme206315x155xblk,490346038350,OK
2026-06-01 12:39:55,209,澁谷かおり,mz7017x210xblw,492534962533,OK
2026-06-01 12:40:03,210,公受由樹,nev817xlxbkr,490346038335,OK
2026-06-01 12:40:26,208,佐藤 あゆみ,ba36603x180xsax,490346035550,OK
2026-06-01 12:40:43,209,太田 直希,mz0800xmxbrn,492534962522,OK
2026-06-01 12:41:04,102,西川和範,va78xlxdbr,492534963012,OK
2026-06-01 12:41:12,210,中 孝文,hms1863x270xwhb,490346038324,OK
2026-06-01 12:41:21,102,松井弘行,mz808x250xwhs,492534963001,OK
2026-06-01 12:41:21,208,東野 萌子,ifmesc0002x160xblu,490346035546,OK
2026-06-01 12:41:23,104,大橋拓真,fs900blkm,492534961192,OK
2026-06-01 12:41:30,209,小笠原 亮,wl5501blk250,492534962511,OK
2026-06-01 12:41:34,102,伊藤 篤,165hmmm951blk240,492534962990,OK
2026-06-01 12:41:46,102,那須野 孝人,165hmmm951blk240,492534962986,OK
2026-06-01 12:41:53,104,茂木 良平,l204x250xblk,492534961181,OK
2026-06-01 12:42:05,209,白戸秀樹,larkins670x265x686gry,492534962500,OK
2026-06-01 12:42:07,210,福山 奈央子,254hpl1006xmxblk,490346038313,OK
2026-06-01 12:42:10,102,結城麻実,fkr1363x210xbkr,492534962975,OK
2026-06-01 12:42:17,104,鈴木恭平,fs900blkm,492534961170,OK
2026-06-01 12:42:19,203,越智 悠輔,ifmesc0003x180xblu,492534957342,OK
2026-06-01 12:42:22,102,飯田ちひろ,2012wilsonairx290x71,492534962964,OK
2026-06-01 12:42:27,208,駒場 美香,ifmesc0003x215xwht,490346035535,OK
2026-06-01 12:42:33,102,竹下強志,mmm2033x2lxblk,492534962953,OK
2026-06-01 12:42:45,102,両川 郁恵,annanicola377blkbkl,492534962942,OK
2026-06-01 12:42:48,209,原田円,mfs018cx200xblk,492534962496,OK
2026-06-01 12:42:50,104,渡辺 崇,rfm516x265xblk,492534961166,OK
2026-06-01 12:42:55,102,佐藤 彩,valentino3911blkl,492534962931,OK
2026-06-01 12:43:00,203,堀江千歳,sp1296x2lx8bk,492534957331,OK
2026-06-01 12:43:08,102,内山 厚志,puma373168x245x02,492534962920,OK
2026-06-01 12:43:16,208,堀内 順,ifmesc0003x225xblu,490346035524,OK
2026-06-01 12:43:21,102,千葉悟,2012wilsonairx280x79,492534962916,OK
2026-06-01 12:43:22,104,林 妃冬美,nbmw5504eab5x270xab5,492534961155,OK
2026-06-01 12:43:22,209,原田 敦子,dm2025x265xblk,492534962485,OK
2026-06-01 12:43:39,203,和田智文,doctors22-34xmlxblk,492534957320,OK
2026-06-01 12:43:41,102,小堂陽子,gpu82603lx240xbkw,492534962905,OK
2026-06-01 12:43:57,102,松田直子,mk2817x235xblk,492534962894,OK
2026-06-01 12:44:03,208,藤本 隼人,ifmesc0003x225xblu,490346035513,OK
2026-06-01 12:44:04,104,中山義之,l50456x255xblk,492534961144,OK
2026-06-01 12:44:16,203,北村 紗千,ifmesc0003x160xyel,492534957316,OK
2026-06-01 12:44:33,102,中田洋子,va41x240x5blk,492534962883,OK
2026-06-01 12:44:34,104,頭川瑠七,l50456x255xblk,492534961133,OK
2026-06-01 12:44:38,209,脇山 陽子,skc232457x260xnvy,492534962474,OK
2026-06-01 12:44:39,203,水野 美里,ifmesc0003x170xblu,492534957305,OK
2026-06-01 12:44:42,102,神嵜 香織,xst6033bkbl,492534962872,OK
2026-06-01 12:44:52,102,脇山 宗也,xst6032bkb260,492534962861,OK
2026-06-01 12:45:09,104,岡村 明美,pl3130lgrym,492534961122,OK
2026-06-01 12:45:10,203,北山捺希,pn8343x2lx27wh,492534957294,OK
2026-06-01 12:45:13,209,顧 黙,4550247655984,492534962463,NG_商品違い
2026-06-01 12:45:20,209,顧 黙,mz7017x230xnvy,492534962463,OK
2026-06-01 12:45:25,208,大友 真由美,ifmesc0003x215xpnk,490346035502,OK
2026-06-01 12:45:50,104,荒井陽一,wilsonairxmx720bk,492534961111,OK
2026-06-01 12:46:06,102,海老根愛里,l7518x235xblk,492534962076,OK
2026-06-01 12:46:17,104,伊藤雅人,pl1315xlxblk,492534961100,OK
2026-06-01 12:46:19,102,松野朱花,mz7017x200xnvy,492534962065,OK
2026-06-01 12:46:19,203,大庭 千幸,ifmesc0003x220xwht,492534957283,OK
2026-06-01 12:46:24,210,赤堀 雅彦,xstreetxst241x300xjkblk,492534960761,OK
2026-06-01 12:46:33,208,富塚 祥司,ifmesc0003x205xpnk,490346035491,OK
2026-06-01 12:46:39,102,河淵菜津美,sanrio1502x225xbeg,492534962054,OK
2026-06-01 12:46:47,104,多田 匡享,2012wilsonairx260x73,492534961096,OK
2026-06-01 12:46:51,102,朝倉 康太,165hmmm951blk270,492534962043,OK
2026-06-01 12:46:52,203,駒田 有美,ifmesc0003x190xwht,492534957272,OK
2026-06-01 12:47:12,102,三木 郁美,rc020x255xblk,492534962032,OK
2026-06-01 12:47:13,104,鈴木好男,l50497x260xnvy,492534961085,OK
2026-06-01 12:47:24,208,矢澤 彩奈,ifmesc0003x185xgrn,490346035480,OK
2026-06-01 12:47:25,102,荒井 浩也,penny9907x250xjkwht,492534962021,OK
2026-06-01 12:47:37,210,土谷 智,xstreetxst241x290xjkblk,492534960750,OK
2026-06-01 12:47:39,102,近藤 靖展,larkins670x265x686blk,492534962010,OK
2026-06-01 12:47:49,104,箕輪 友美子,edm235x250xwpblk,492534961074,OK
2026-06-01 12:47:52,102,宮原 恵美子,mz19315x230x2366gry,492534962006,OK
2026-06-01 12:47:52,209,竹田 大輔,mz7017x200xblw,492534962452,OK
2026-06-01 12:47:54,203,倉嶌 彩音,ifmesc0003x185xwht,492534957261,OK
2026-06-01 12:48:07,102,小栗颯太,mz5815x270xblk,492534961995,OK
2026-06-01 12:48:11,104,吉原昭彦,fs900blkm,492534961063,OK
2026-06-01 12:48:18,208,我妻 絵美,jp20145x170xblk,490346035476,OK
2026-06-01 12:48:19,102,佐藤 慎介,nev817xmxblk,492534961984,OK
2026-06-01 12:48:24,203,黒瀬 美里,ifmesc0003x165xgrn,492534957250,OK
2026-06-01 12:48:27,209,狩野 なお,mz7017x220xbeg,492534962441,OK
2026-06-01 12:48:34,102,塩澤 彰大,165hmmm951blk270,492534961973,OK
2026-06-01 12:48:36,210,作井 陽子,mz808x225xblk,492534960746,OK
2026-06-01 12:48:37,104,馬越 俊一,edm235x255xwpblk,492534961052,OK
2026-06-01 12:48:47,102,伊東千草,l50497x255xnvy,492534961962,OK
2026-06-01 12:48:52,203,姫子松 俊弘,ifmesc0003x195xwht,492534957246,OK
2026-06-01 12:48:58,104,山岸 龍史,edm235x255xwpblk,492534961041,OK
2026-06-01 12:49:00,102,高野 哲也,l204x280xbkb,492534961951,OK
2026-06-01 12:49:00,209,山本 真以人,mz7017x220xlvd,492534962430,OK
2026-06-01 12:49:13,208,四郎丸 千恵,sp1296x2lx8wh,490346035465,OK
2026-06-01 12:49:17,102,濱口 裕美,algy4201x210xwht,492534961940,OK
2026-06-01 12:49:19,104,高本一光,edm235x255xwpblk,492534961030,OK
2026-06-01 12:49:19,203,木村 理絵,ifmesc0003x200xyel,492534957235,OK
2026-06-01 12:49:20,210,武田 あゆみ,ifme205318x155x13org,492534960735,OK
2026-06-01 12:49:30,102,森永治人,jk1313x280xblk,492534961936,NG_商品違い
2026-06-01 12:49:39,102,森永治人,jk1313x280xnvy,492534961936,OK
2026-06-01 12:49:47,104,細木万寿美,mz8416xsxkhk,492534961026,OK
2026-06-01 12:49:51,209,野田 亜希子,4522552467682,492534962426,NG_商品違い
2026-06-01 12:50:12,104,平山友里,mz8416xsxkhk,492534961015,OK
2026-06-01 12:50:18,210,江口子穂,mz808x245xwhs,492534960724,OK
2026-06-01 12:50:21,209,野田 亜希子,ifme303419x185xyel,492534962426,OK
2026-06-01 12:50:36,104,豊 久乃,mz710x240xgrg,492534961004,OK
2026-06-01 12:50:36,203,須田 麻衣子,ifmesc0003x150xpnk,492534957224,OK
2026-06-01 12:50:45,102,對馬愛,mz7017x220xsax,492534961925,OK
2026-06-01 12:50:45,208,木内 仁志,ifmesc0003x180xblu,490346035454,OK
2026-06-01 12:50:59,102,鈴木 祥子,penny9907x250xjkwbk,492534961914,OK
2026-06-01 12:51:01,104,芹澤恵子,mz3025arx225xbuy,492534960993,OK
2026-06-01 12:51:04,209,森川朋子,ifme306317x150xsax,492534962415,OK
2026-06-01 12:51:06,210,前田 健,dj234bbk245,492534960713,OK
2026-06-01 12:51:19,102,鈴木久美子,mz8054xmxnvy,492534961903,OK
2026-06-01 12:51:23,208,辻川 明日香,ba36603x220xblk,490346035443,OK
2026-06-01 12:51:32,102,岩見 弥生,mz7017x240xblw,492534961892,OK
2026-06-01 12:51:37,209,原田敦子,nb22act30x245xtwh,492534962404,OK
2026-06-01 12:51:45,102,春田将男,mz0800xlxblk,492534961881,OK
2026-06-01 12:51:49,203,松井 優帆,ifmesc0003x160xpnk,492534957213,OK
2026-06-01 12:51:52,210,会社中京支店 阿部忍,penny6001x2lxblk,492534960702,OK
2026-06-01 12:51:58,208,齊官 桃子,ba36603x220xblk,490346035432,OK
2026-06-01 12:52:00,102,石倉 奈美,pl3130lgryl,492534961870,OK
2026-06-01 12:52:12,102,高橋 知樹,mz0800xlxblk,492534961866,OK
2026-06-01 12:52:16,209,裕子 なかむらゆうこ,parka8132whs220,492534962393,OK
2026-06-01 12:52:18,104,齊藤 聡美,mz0800xlxblk,492534960982,OK
2026-06-01 12:52:24,203,小野 日向子,ifmesc0003x160xwht,492534957202,OK
2026-06-01 12:52:25,102,寳山 直,precure3809x170x37pnk,492534961855,OK
2026-06-01 12:52:36,208,倉八 満理菜,ifmesc0003x170xblu,490346035421,OK
2026-06-01 12:52:39,102,長宗 正彦,l6236x260xwbk,492534961844,OK
2026-06-01 12:52:44,104,小野寺 尚子,nb22act30x240xtwh,492534960971,OK
2026-06-01 12:52:45,209,井川 智子,parka8132whs220,492534962382,OK
2026-06-01 12:52:47,210,廣井 典子,fkr1363x190xbkr,492534960691,OK
2026-06-01 12:52:50,102,太矢 市郎,wilson9xx265x5blk,492534961833,NG_商品違い
2026-06-01 12:52:56,102,太矢 市郎,wilson9xx255x5blk,492534961833,OK
2026-06-01 12:52:58,203,岸川 美沙子,ifmesc0003x180xwht,492534957191,OK
2026-06-01 12:53:07,104,藤森 浩平,wilsoncaj16012blk260,492534960960,OK
2026-06-01 12:53:08,102,中村 好宏,mz0800xsxblk,492534961822,OK
2026-06-01 12:53:16,209,春畑 京子,wilson910x260x1blk,492534962371,OK
2026-06-01 12:53:20,102,岩頭 健志,mz0800xsxblk,492534961811,OK
2026-06-01 12:53:21,208,大橋 豊,ifmesc0003x195xpnk,490346035410,OK
2026-06-01 12:53:28,102,東海林 太郎,mz0800xsxblk,492534961800,OK
2026-06-01 12:53:34,104,viceauto,nb22act30x240xtwh,492534960956,OK
2026-06-01 12:53:34,210,椎 和将,du6009x250xblk,492534960680,OK
2026-06-01 12:53:39,102,眞見明,mz0800xsxblk,492534961796,OK
2026-06-01 12:53:45,209,中里 美矢子,l303x235xblk,492534962360,OK
2026-06-01 12:53:49,102,枝中誉志雄,nev817x2lxbkr,492534961785,OK
2026-06-01 12:53:54,203,井上美里,ifmesc0003x230xwht,492534957180,OK
2026-06-01 12:53:55,104,渡辺 延子,mz0800xmxblk,492534960945,OK
2026-06-01 12:53:59,102,塚原 裕香,fkr1364x215xbkp,492534961774,NG_商品違い
2026-06-01 12:54:07,102,塚原 裕香,fkr1363x215xbkr,492534961774,OK
2026-06-01 12:54:18,104,,002,002,NG_伝票未登録
2026-06-01 12:54:19,102,前田 智子,mz7017x240xlvd,492534961763,OK
2026-06-01 12:54:23,104,桜井憲男,mz0800xmxblk,492534960934,OK
2026-06-01 12:54:23,208,駒木美名子,ifmesc0003x190xgrn,490346035406,OK
2026-06-01 12:54:26,203,橋本 侑花,ifmesc0003x170xwht,492534957176,OK
2026-06-01 12:54:30,210,大竹梢,xst6032blk270,492534960676,OK
2026-06-01 12:54:32,102,上住弥生,im6620x225x6320bl,492534961752,OK
2026-06-01 12:54:46,102,難波ひとみ,mz0800xsxblk,492534961741,OK
2026-06-01 12:54:46,104,丹羽 菜々美,mz8016xlxbeg,492534960923,OK
2026-06-01 12:54:54,203,横田 美智子,ifmesc0003x180xwht,492534957165,OK
2026-06-01 12:54:55,102,石田晶子,mz0800xsxblk,492534961730,OK
2026-06-01 12:55:10,104,近藤 彩音,mz8016x2lxbkw,492534960912,OK
2026-06-01 12:55:14,102,吉井 聡子,mz8017xlxblw,492534961726,OK
2026-06-01 12:55:25,102,今村 麻里,l761x240x780blk,492534961715,OK
2026-06-01 12:55:33,203,小林 正明,lg8007x2lxblk,492534957154,OK
2026-06-01 12:55:36,102,宮澤 竜雄,hm9050blkm,492534961704,OK
2026-06-01 12:55:38,210,河合 紗矢香,mfs018cx210xblk,492534960665,OK
2026-06-01 12:55:45,104,宗弥生,tz2335ax245xblk,492534960901,OK
2026-06-01 12:55:53,102,山下 奈生,l761x245x780blk,492534961693,OK
2026-06-01 12:56:07,102,末廣聡美,mz5592xmxlbg,492534961682,OK
2026-06-01 12:56:08,203,中島 暖,2012dietslippersxfreexnvy,492534957143,OK
2026-06-01 12:56:11,104,出羽 孝次,fs900dbrs,492534960890,OK
2026-06-01 12:56:35,203,藤澤章子,2012dietslippers1pnkfree,492534957132,OK
2026-06-01 12:56:39,104,片山 忠篤,hm9050khkm,492534960886,OK
2026-06-01 12:56:39,210,児嶋 秀昭,apltamm117x255xstn,492534960654,OK
2026-06-01 12:57:02,102,石田 英子,mz7017x230xblw,492534961671,OK
2026-06-01 12:57:03,203,松山 真奈,2012dietslippers1pnkfree,492534957121,OK
2026-06-01 12:57:03,209,,490350111565,490350111565,NG_伝票未登録
2026-06-01 12:57:08,209,,,492534962360,CLEAR
2026-06-01 12:57:10,104,須田 千鶴子,ff123a3bkm,492534960875,OK
2026-06-01 12:57:27,203,林 知佳子,2012dietslippersxfreexnvy,492534957110,OK
2026-06-01 12:57:31,210,藤田文,ifme206315x165xblu,492534960643,OK
2026-06-01 12:57:33,102,山口恵利,mz7017x230xblw,492534961660,OK
2026-06-01 12:57:37,104,高村 龍之介,fs900dbrs,492534960864,OK
2026-06-01 12:57:53,203,伊部 圭子,2012dietslippersxfreexnvy,492534957106,OK
2026-06-01 12:57:58,209,小山内 夏子,jk1074x245xwht,492534959976,OK
2026-06-01 12:58:07,104,大内真成,2012wilsonairx250x78bit,492534960853,OK
2026-06-01 12:58:16,102,島田 悦次,ds8405fx230xgry,492534961656,OK
2026-06-01 12:58:22,210,水野 浩世,tz2350x235xpgd,492534960632,OK
2026-06-01 12:58:33,203,岩本和久,ds8154xlxbrn,492534957095,OK
2026-06-01 12:58:35,104,小林 直樹,allroadss4lx240xblk,492534960842,OK
2026-06-01 12:58:37,209,井上 孝介,dj360x270xbkb,492534959965,OK
2026-06-01 12:58:46,102,照陽興産有限会社近藤,lg1700x270xblk,492534961645,OK
2026-06-01 12:59:04,104,株式会社FINE AGENT,penny6001x3lxgry,492534960831,OK
2026-06-01 12:59:05,203,勝又正仁,ds8155xlxnvy,492534957084,OK
2026-06-01 12:59:08,210,坂口明美,pl3130blks,492534960621,OK
2026-06-01 12:59:10,209,茅野 志帆,b151142x199xoke235,492534959954,OK
2026-06-01 12:59:16,102,齋田 さち代,pn8369x245xblk,492534961634,OK
2026-06-01 12:59:31,104,福岡 博志,nev839x2lxblk,492534960820,OK
2026-06-01 12:59:32,203,高尾幸男,ds8154xlxbrn,492534957073,OK
2026-06-01 12:59:44,209,渡邉 夢太,nev816x2lxblk,492534959943,OK
2026-06-01 12:59:47,102,久田 知世,ifme206315x160xblu,492534961623,OK
2026-06-01 13:00:00,203,下澤 裕也,ds8154xlxbrn,492534957062,OK
2026-06-01 13:00:02,104,成田弥生,algy490x230x1bk,492534960816,OK
2026-06-01 13:00:08,210,ﾁｬﾐﾗｸﾏﾗ,mz7018x190xnvy,492534960610,OK
2026-06-01 13:00:18,102,種部 匡勉,wilson8xx280x81bk,492534961612,OK
2026-06-01 13:00:24,104,宮嶋菜巳,algy490x200x0bk,492534960805,OK
2026-06-01 13:00:34,203,高島 和恵,ds8154x2lxblk,492534957051,OK
2026-06-01 13:00:48,102,山見 岬,mz710x245xgrg,492534961601,OK
2026-06-01 13:00:48,104,小川 美保,bs2030x225xgry,492534960794,OK
2026-06-01 13:00:59,210,五十嵐満帆,ifme205318x160x13nvy,492534960606,OK
2026-06-01 13:01:01,203,小泉恵利,ds8154x2lxblk,492534957040,OK
2026-06-01 13:01:11,104,市川 秀伸,dc1020x250xtap,492534960783,OK
2026-06-01 13:01:16,102,中江 和貴,precure3808x180x37ppl,492534961590,OK
2026-06-01 13:01:23,209,KnK株式会社 河村,l6236x255xblk,492534959932,OK
2026-06-01 13:01:29,203,中山 美由紀,ds8155xmxlgy,492534957036,OK
2026-06-01 13:01:41,104,石附 慎太朗,sa2841x235xbkbk,492534960772,OK
2026-06-01 13:01:49,102,岩松 育世,pwpt701756x160xblu,492534961586,NG_商品違い
2026-06-01 13:01:50,210,西窪 佳江,rpremium2853x245xoke,492534960595,OK
2026-06-01 13:01:53,102,岩松 育世,pwpt7017x160x81ppk,492534961586,OK
2026-06-01 13:01:56,203,村上 萌,ds8155xmxlgy,492534957025,OK
2026-06-01 13:02:27,102,神谷 恵子,pansy9723xlxkhk,492534961575,OK
2026-06-01 13:02:38,209,山本 ひとみ,pl3130blk2l,492534959921,OK
2026-06-01 13:02:44,210,柘植美智子,rpremium2853x240xble,492534960584,OK
2026-06-01 13:03:00,102,長谷川礼,lg1700x270xblk,492534961564,OK
2026-06-01 13:03:37,203,parsauto,ds8154x2lxblk,492534957014,OK
2026-06-01 13:03:42,102,森知英乃,pn8403x245xblk,492534961553,OK
2026-06-01 13:03:46,209,柴山 純,mz8017xmxbeg,492534959910,OK
2026-06-01 13:04:04,203,仲山 聡,ds8154x2lxblk,492534957003,OK
2026-06-01 13:04:10,102,塗師 亮,ifme206315x155xblu,492534961542,OK
2026-06-01 13:04:34,203,小路 淳子,ds8154x2lxblk,492534956992,OK
2026-06-01 13:04:42,102,小林 武志,fkr1364x220xbkp,492534961531,OK
2026-06-01 13:04:56,209,大岸 結佳里,b151142oke235,492534959906,OK
2026-06-01 13:05:17,203,木村 和生,ds8154x2lxbrn,492534956981,OK
2026-06-01 13:05:19,102,立本 育美,mz8889xlxblk,492534961520,OK
2026-06-01 13:05:32,209,榮 祐介,robks1a20blk265,492534959895,OK
2026-06-01 13:05:44,203,中村 成寿,ds8154xlxblk,492534956970,OK
2026-06-01 13:06:01,209,高島淳也,gpu22342x260xwhg,492534959884,OK
2026-06-01 13:06:08,210,直井 美香,msadv01wts240,492534960573,OK
2026-06-01 13:06:09,208,?島 大貴,texcy70x250x10blk,490350111565,OK
2026-06-01 13:06:14,102,上村 雅弘,wilson1901x255xdbr,492534961516,OK
2026-06-01 13:06:33,203,小瀧 達也,ds8154xlxblk,492534956966,OK
2026-06-01 13:06:46,209,小川昌幸,wilson1901x260xblk,492534959873,OK
2026-06-01 13:06:55,208,河野浩巳,nbm413lw32ex280xlw3,490350111554,OK
2026-06-01 13:07:05,210,松村祐佳,jk1074x230xwht,492534960562,OK
2026-06-01 13:07:09,102,ENTec株式会社 高橋健,mz498xsxwht,492534961505,OK
2026-06-01 13:07:36,203,,,492534956955,CLEAR
2026-06-01 13:07:46,208,高野明美,rstac007xsxbkbk,490350111543,NG_商品違い
2026-06-01 13:07:57,209,,,492534959862,CLEAR
2026-06-01 13:08:11,210,谷本仁美,mz8416xmxgry,492534960551,OK
2026-06-01 13:08:16,208,高野明美,rstac007xsxbkbk,490350111543,NG_商品違い
2026-06-01 13:08:28,208,高野明美,rstac007xsxbkbr,490350111543,OK
2026-06-01 13:08:46,209,馬越 隆浩,rbks130x260xblk,492534959851,NG_商品違い
2026-06-01 13:08:59,210,本間 岳人,algy4502x230xwht,492534960540,OK
2026-06-01 13:09:41,209,,,492534959851,CLEAR
2026-06-01 13:09:54,209,伊藤 遥,fkr1364x215xbkp,492534959840,OK
2026-06-01 13:10:06,210,鈴木 晶子,ifme303419x180x4320grn,492534960536,OK
2026-06-01 13:10:32,209,馬越 隆浩,wilson1901x260xblk,492534959851,OK
2026-06-01 13:11:08,210,三雲 綾花,ifme205318x190x13nvy,492534960525,OK
2026-06-01 13:11:24,209,三浦 悦子,penny6001xmxdbr,492534959836,NG_商品違い
2026-06-01 13:11:44,209,,,492534959836,CLEAR
2026-06-01 13:11:58,210,山口 良子,mz8416xlxkhk,492534960514,OK
2026-06-01 13:12:04,203,渡邊 久美,sp26525565llc255b38,492534956955,OK
2026-06-01 13:12:11,209,福井亨,l6236x250xwbk,492534959825,OK
2026-06-01 13:12:23,102,岩間 涼子,fkr1037x235xwhnv,492534961494,OK
2026-06-01 13:12:27,105,内田 奈菜,mz8416xsxkhk,490350111123,OK
2026-06-01 13:12:45,209,宮嶌 詩穂,l303x240xblk,492534959814,OK
2026-06-01 13:12:46,210,島田 秋音,mz8416xlxkhk,492534960503,OK
2026-06-01 13:12:57,105,木田 奈美,fs900blkm,490350111112,OK
2026-06-01 13:12:57,208,山田 香寿紀,b151142bks235,490350111532,OK
2026-06-01 13:13:12,102,栗木 裕子,mz6214xlx03iv,492534961483,OK
2026-06-01 13:13:18,209,梅田 要,2012wilsonairx245x71,492534959803,OK
2026-06-01 13:13:33,210,齋藤聡子,mz8416xlxkhk,492534960492,OK
2026-06-01 13:13:36,105,,p},p},NG_伝票未登録
2026-06-01 13:13:39,105,,"8KevrToT?uM5{L(7""Ew8H{|)ZM5{","8KevrToT?uM5{L(7""Ew8H{|)ZM5{",NG_伝票未登録
2026-06-01 13:13:41,105,,M5{}9&mSHZ&XMF^jf[$@Jpe}#,M5{}9&mSHZ&XMF^jf[$@Jpe}#,NG_伝票未登録
2026-06-01 13:13:48,105,大久保南,nikehq7022011x240x011,490350111101,OK
2026-06-01 13:13:50,209,藤原郷嗣,kg4060x1508wht250,492534959792,OK
2026-06-01 13:13:55,102,折目 楓音,pw7602x2sxblk,492534961472,OK
2026-06-01 13:14:07,208,,,490350111521,CLEAR
2026-06-01 13:14:12,203,,492534965263,492534965263,NG_伝票未登録
2026-06-01 13:14:12,208,野崎翔太,puma312581x270x06,490350111521,OK
2026-06-01 13:14:16,203,,492534965263,492534965263,NG_伝票未登録
2026-06-01 13:14:20,210,ﾗ･ｻ-ﾙ寮E1池田 隆希,2012wilsonairx265x79,492534960481,OK
2026-06-01 13:14:23,203,,492534965263,492534965263,NG_伝票未登録
2026-06-01 13:14:24,209,吉田 麻希,ifme205318x165x13nvy,492534959781,OK
2026-06-01 13:14:26,203,,,492534956955,CLEAR
2026-06-01 13:14:36,105,Samith Kavindu,gpu52504mx260xwht,490350111090,OK
2026-06-01 13:15:04,105,谷渡ﾙﾐ子,mz8416xlxkhk,490350111086,OK
2026-06-01 13:15:05,209,佐野 一志,jk1313x280xnvy,492534959770,OK
2026-06-01 13:15:11,102,浅野 晴男,165hmmm951blk250,492534961461,OK
2026-06-01 13:15:20,210,清水唯斗,edm235x270xwpblk,492534960470,OK
2026-06-01 13:15:33,105,田村万里子,wilsoncaj16021dbr260,490350111075,OK
2026-06-01 13:15:33,203,藤田 夏菜,bck030x220xblk,492534965263,OK
2026-06-01 13:15:36,208,後藤 弘樹,2012wilsonairx280x78,490350111510,OK
2026-06-01 13:15:40,209,山内 智美,fkr1363x220xbkr,492534959766,OK
2026-06-01 13:15:59,105,網井瑠依,mz8047xlxblk,490350111064,OK
2026-06-01 13:16:09,209,伊藤 美佳,fkr1363x220xbkr,492534959755,OK
2026-06-01 13:16:11,203,古屋 優果,bck030x220xblk,492534965252,OK
2026-06-01 13:16:21,208,新川裕,mmm2033xlxblk,490350111506,OK
2026-06-01 13:16:29,105,鈴木 光子,mz19315x230x335blk,490350111053,OK
2026-06-01 13:16:29,210,岩上 正太,fs900blks,492534960466,OK
2026-06-01 13:16:46,209,太田真路,dm2020x265xsdg,492534959744,OK
2026-06-01 13:16:47,102,牛山 晃子,larkins670x270x686gry,492534961450,OK
2026-06-01 13:17:05,208,森 安代,pw7602xmxblk,490350111495,OK
2026-06-01 13:17:07,203,新井喜代香,bck030x220xblk,492534965241,OK
2026-06-01 13:17:09,105,高久 千尋,fs900blks,490350111042,OK
2026-06-01 13:17:17,210,立畑慶彦,xstreetxst241x270xjknvy,492534960455,OK
2026-06-01 13:17:35,105,宮部 沙織,fs900blks,490350111031,OK
2026-06-01 13:17:43,208,三橋 志保,2012wilsonairx270x78,490350111484,OK
2026-06-01 13:17:45,203,内田 友紀,bck030x220xblk,492534965230,OK
2026-06-01 13:18:01,102,小林 雄太,precure3809x180x37pnk,492534961446,OK
2026-06-01 13:18:04,210,外池 あすか,ifme205318x185x13pnk,492534960444,OK
2026-06-01 13:18:09,105,,,490350111020,CLEAR
2026-06-01 13:18:22,203,下田 七恵,bck030x220xblk,492534965226,OK
2026-06-01 13:18:48,102,金澤 尚大,rbk10021257mx280xbbg,492534961435,OK
2026-06-01 13:18:54,105,古川 聖子,4571501718610,490350110924,NG_商品違い
2026-06-01 13:19:01,102,厳杜鵑,sjj1520x220xlav,492534961424,OK
2026-06-01 13:19:06,203,吉田紗依子,kri9882x280xkhk,492534965215,OK
2026-06-01 13:19:12,102,小坂 真朱美,dj234bbk255,492534961413,OK
2026-06-01 13:19:23,210,倉田 圭子,skr1041x230xnvy,492534960433,OK
2026-06-01 13:19:29,102,阿部 剛,sa2814x245xdbr,492534961402,OK
2026-06-01 13:19:38,102,小山 直樹,nb22act30x265xtwh,492534961391,OK
2026-06-01 13:19:49,102,千葉,rw760a0blk270,492534961380,OK
2026-06-01 13:19:49,203,荒木 歩,bck030x200xbkw,492534965204,OK
2026-06-01 13:20:12,102,甲斐 久史,165hmmm951blk250,492534961376,OK
2026-06-01 13:20:19,210,佐野 由樹,texcy70x260x10brn,492534960422,OK
2026-06-01 13:20:20,203,山田めぐみ,bck030x230xbkw,492534965193,OK
2026-06-01 13:20:23,105,,,490350110924,CLEAR
2026-06-01 13:20:26,209,西村 祐子,fkr1363x220xbkr,492534959733,OK
2026-06-01 13:20:27,102,佐藤正樹,xstreetxst241x265xjknvy,492534961365,OK
2026-06-01 13:20:46,208,,,490350111473,CLEAR
2026-06-01 13:20:48,105,,,490350110810,CLEAR
2026-06-01 13:20:48,203,栗原 みか,bck030x230xbkw,492534965182,OK
2026-06-01 13:20:57,102,佐々木大助,mz6820x2lxblk,492534961354,OK
2026-06-01 13:21:01,105,,,490350111020,CLEAR
2026-06-01 13:21:01,208,小澤姫乃,mz7017x210xsax,490350111462,OK
2026-06-01 13:21:04,209,武藤 恵美子,mz8017xlxbeg,492534959711,OK
2026-06-01 13:21:15,203,布施 香菜,bck030x190xbkw,492534965171,OK
2026-06-01 13:21:18,102,大屋彰浩,penny6001x2lxsbg,492534961343,OK
2026-06-01 13:21:19,210,神農 咲子,penny9907x265xjkwht,492534960411,OK
2026-06-01 13:21:35,102,落合 優斗,penny6001x2lxsbg,492534961332,OK
2026-06-01 13:21:36,209,古澤 奈緒子,kg9659x5508blk230,492534959700,OK
2026-06-01 13:21:44,208,安田明,edm235x250xwpblk,490350111451,OK
2026-06-01 13:21:47,203,寺師 麗,bck030x210xvnl,492534965160,OK
2026-06-01 13:21:48,102,中ﾉ瀬雄城,2012wilsonairx290x71,492534961321,OK
2026-06-01 13:22:09,209,本間 智子,mz8017xlxbeg,492534959696,OK
2026-06-01 13:22:12,210,中澤 小百合,pn8334x240xnvy,492534960400,OK
2026-06-01 13:22:15,102,中村敬,l50497x265xnvy,492534961310,OK
2026-06-01 13:22:20,203,久田 杏衣理,bck030x210xvnl,492534965156,OK
2026-06-01 13:22:21,105,三好さわみ,jk1074x230xblk,490350110795,OK
2026-06-01 13:22:33,102,冨谷 文子,mz19315x245x335blk,492534961306,OK
2026-06-01 13:22:41,209,柏木 香南,edw4380x245xivo,492534959685,OK
2026-06-01 13:22:45,102,岡嶋 栄治,dj290x270xblk,492534961295,OK
2026-06-01 13:22:46,105,中村 桂子,ifme205318x180x13ppl,490350110784,OK
2026-06-01 13:22:48,203,埴原 桃子,ifmesc0003x180xgrn,492534965145,OK
2026-06-01 13:22:52,208,小野寺 靖,xst6032bkb260,490350111440,OK
2026-06-01 13:22:58,102,大野 清佳,ifme205318x170x13ppl,492534961284,OK
2026-06-01 13:23:07,210,牧田良美,algy4502x210xblk,492534960396,OK
2026-06-01 13:23:08,102,西村 汐美,ifme205318x170x13ppl,492534961273,OK
2026-06-01 13:23:19,105,福崎 愛,jk1074x255xwht,490350110773,OK
2026-06-01 13:23:20,209,鈴木 亮介,tr744blk2l,492534959674,OK
2026-06-01 13:23:23,203,安部田 康弘,bck030x190xpcc,492534965134,OK
2026-06-01 13:23:25,102,村井 理香,edm235x250xwpbrn,492534961262,OK
2026-06-01 13:23:33,102,竹下 梓,mz8416xsxkhk,492534961251,OK
2026-06-01 13:23:42,105,横見真一,lg1700x265xblk,490350110762,OK
2026-06-01 13:23:52,209,蔭山 裕也,tr744blkm,492534959663,OK
2026-06-01 13:23:54,203,劔重 倫子,bck030x220xpcc,492534965123,OK
2026-06-01 13:23:58,210,大山 明美,du6009x270xblk,492534960385,OK
2026-06-01 13:24:07,102,前畑 さやか,mz808x230xwhs,492534961240,OK
2026-06-01 13:24:22,102,志和池 美織,mz6214x2lx03iv,492534961236,OK
2026-06-01 13:24:26,203,早川 由希子,bck030x190xpcc,492534965112,OK
2026-06-01 13:24:29,209,米丸 良紗,fkr1363x225xbkr,492534959652,OK
2026-06-01 13:24:34,102,田住弘枝,mz498xlxwht,492534961225,OK
2026-06-01 13:24:35,208,牧 未来,xstreetxst241x265xjkblk,490350111436,OK
2026-06-01 13:24:43,102,石田 のぞみ,mz19315x245xnvy,492534961214,OK
2026-06-01 13:24:50,105,小林 菊乃,bck030x230xgry,490350110751,OK
2026-06-01 13:24:52,102,山下絵美,2012wilsonairx260x78,492534961203,OK
2026-06-01 13:24:52,210,多羅尾 隆臣,edm235x270xwpblk,492534960374,OK
2026-06-01 13:25:03,209,橋本容子,l303x245xblk,492534959641,OK
2026-06-01 13:25:15,208,山岸 裕美,P-03-14-02-02,490350111425,NG_商品違い
2026-06-01 13:25:24,105,中島 雄治,sngyuv01x265xabu,490350110740,OK
2026-06-01 13:25:25,203,青山 仁美,ifmesc0003x185xwht,492534965101,OK
2026-06-01 13:25:41,209,上田亜紀,edm235x265xwpblk,492534959630,OK
2026-06-01 13:25:45,208,山岸 裕美,skec141489x250xtpe,490350111425,OK
2026-06-01 13:26:02,105,古市 更紗,bck030x230xblk,490350110736,OK
2026-06-01 13:26:02,203,山崎 悠,bck030x200xmbu,492534965090,OK
2026-06-01 13:26:15,209,小林 千秋,l303x245xblk,492534959626,OK
2026-06-01 13:26:34,203,野村 重樹,bck030x210xmbu,492534965086,OK
2026-06-01 13:26:40,105,中村 由加理,bck030x230xblk,490350110725,OK
2026-06-01 13:26:44,208,高橋 太郎,texcy70x245x10blk,490350111414,OK
2026-06-01 13:26:56,209,緒方 京子,l304x235xbkb,492534959615,OK
2026-06-01 13:27:07,105,坂田たえこ,bck030x210xgry,490350110714,OK
2026-06-01 13:27:10,203,山内 千尋,r4360647x190xbkb,492534965075,OK
2026-06-01 13:27:14,208,加藤 晃一,490350111403,490350111403,NG_商品違い
2026-06-01 13:27:16,208,,,490350111403,CLEAR
2026-06-01 13:27:32,209,大島 香織,2012wilsonairx260x79,492534959604,OK
2026-06-01 13:27:37,208,加藤 晃一,2012wilsonairx270x70,490350111403,OK
2026-06-01 13:27:42,105,神奈川 まどか,bck030x220xblk,490350110703,OK
2026-06-01 13:28:09,209,光本 史則,edm235x265xwpblk,492534959593,OK
2026-06-01 13:28:12,105,亀井 里奈,bck030x220xvnl,490350110692,OK
2026-06-01 13:28:24,208,高馬 美知代,pw7602xlxwht,490350111392,OK
2026-06-01 13:28:42,105,猪狩 史子,bck030x230xvnl,490350110681,OK
2026-06-01 13:29:09,208,山田恵,mz498xlxblk,490350111381,OK
2026-06-01 13:29:21,105,村田幸千,bck030x200xpcc,490350110670,OK
2026-06-01 13:29:34,203,井上 ゆうり,ifmesc0002x170xgrn,492534965064,OK
2026-06-01 13:29:38,102,岩谷 恵美,bv260426x235xblk,492534959114,OK
2026-06-01 13:29:39,210,下条博義,edm235x260xwpbrn,492534960363,OK
2026-06-01 13:29:49,102,林 歩夢,2012wilsonairx265x78,492534959103,OK
2026-06-01 13:29:50,208,中 広文,edm235x270xwpbrn,490350111370,OK
2026-06-01 13:29:59,102,鯨井勇輝,2012wilsonairx265x78,492534959092,OK
2026-06-01 13:30:12,203,,,492534965053,CLEAR
2026-06-01 13:30:18,102,東根 さやか,mz803x245xwhb,492534959081,OK
2026-06-01 13:30:29,102,佐々木 美帆,jk1074x260xwht,492534959070,OK
2026-06-01 13:30:33,203,,,492534964821,CLEAR
2026-06-01 13:30:37,102,澁谷真由美,lg1700x280xblk,492534959066,OK
2026-06-01 13:30:38,208,西浦 正博,parka81321blk220,490350111366,OK
2026-06-01 13:30:47,105,松井 名美子,ifmesc0002x205xgrn,490350110666,OK
2026-06-01 13:30:49,102,上村 康太,2012wilsonairx270x73,492534959055,OK
2026-06-01 13:30:49,203,,,492534965042,CLEAR
2026-06-01 13:30:55,203,,,492534964703,CLEAR
2026-06-01 13:30:58,102,三田 明梨,apc186x160xblu,492534959044,OK
2026-06-01 13:31:04,203,,,492534964854,CLEAR
2026-06-01 13:31:14,203,,,492534964902,CLEAR
2026-06-01 13:31:20,203,,,492534964935,CLEAR
2026-06-01 13:31:22,105,赤尾 千尋,ifmesc0003x165xwht,490350110655,OK
2026-06-01 13:31:26,102,武井大樹,starcrestjb60x265x601,492534959033,OK
2026-06-01 13:31:26,203,,,492534964961,CLEAR
2026-06-01 13:31:26,210,,,492534960352,CLEAR
2026-06-01 13:31:30,208,藤本 讓,edm235x260xwpblk,490350111355,OK
2026-06-01 13:31:35,203,,,492534964994,CLEAR
2026-06-01 13:31:36,102,橋本祐詩,2012wilsonairx265x78,492534959022,OK
2026-06-01 13:31:40,203,,,492534964983,CLEAR
2026-06-01 13:31:46,102,金藤 翔真,2012wilsonairx265x78,492534959011,OK
2026-06-01 13:31:46,105,黒い表札の遠藤 恵,mz300xlxnvy,490350110644,OK
2026-06-01 13:31:47,203,,,492534964972,CLEAR
2026-06-01 13:31:54,102,大和田七奈,2012wilsonairx265x78,492534959000,OK
2026-06-01 13:31:54,203,,,492534964961,CLEAR
2026-06-01 13:31:57,203,,,492534964832,CLEAR
2026-06-01 13:32:06,102,宮嶋 晴美,texcy70x270x10brn,492534958996,OK
2026-06-01 13:32:12,208,藤元 朋香,mz7017x210xbeg,490350111344,OK
2026-06-01 13:32:27,105,井原 あずさ,ba36603x200xppl,490350110633,NG_商品違い
2026-06-01 13:32:29,102,越智 房子,moz491xsxblk,492534958985,OK
2026-06-01 13:32:39,102,山下 美奈,jk1074x265xblk,492534958974,OK
2026-06-01 13:32:48,102,松村育実,jk1074x265xblk,492534958963,OK
2026-06-01 13:32:57,102,猿渡和也,lg1700x280xblk,492534958952,OK
2026-06-01 13:33:14,203,東 国夫,asahir301x225x310blk,492534964961,OK
2026-06-01 13:33:14,208,仕黒 明子,pansy7505x240xslv,490350111333,OK
2026-06-01 13:33:18,102,柿島 志帆,ifme203314x140x02nvy,492534958941,OK
2026-06-01 13:33:26,102,岩田克彦,lg1700x255xblk,492534958930,OK
2026-06-01 13:33:41,102,中山有実子,492534958915,492534958926,NG_商品違い
2026-06-01 13:33:41,105,,,490350110633,CLEAR
2026-06-01 13:33:43,102,中山有実子,jk1074x280xblk,492534958926,OK
2026-06-01 13:33:51,102,折坂 さやか,jk1074x230xblk,492534958915,OK
2026-06-01 13:33:54,210,小黒 貴司,2012wilsonairx260x70,492534960352,OK
2026-06-01 13:33:56,105,齊藤 江里,ifmesc0003x165xyel,490350110622,OK
2026-06-01 13:34:02,102,,,492534957924,CLEAR
2026-06-01 13:34:09,209,高橋 智代,skc141481x220xbbk,492534959582,OK
2026-06-01 13:34:33,105,岡田 久実子,ifmesc0003x210xwht,490350110611,OK
2026-06-01 13:34:35,102,鈴木 詩織,ifmesc0003x180xgrn,492534957924,OK
2026-06-01 13:34:39,209,高見 浩樹,skec229210x270xbkl,492534959571,OK
2026-06-01 13:34:48,210,加藤 翔吾,2012wilsonairx265x70,492534960341,OK
2026-06-01 13:34:53,203,後藤紀久子,bck030x200xpcc,492534964950,OK
2026-06-01 13:34:56,102,今井 千緩,ifmesc0003x175xwht,492534957913,OK
2026-06-01 13:34:56,105,坂本 真樹ｴ,ds8155xmxnvy,490350110600,OK
2026-06-01 13:35:27,209,加藤博文,sanrio1502x235xgry,492534959560,OK
2026-06-01 13:35:28,105,景 鄭軍,ds8154x2lxnvy,490350110596,OK
2026-06-01 13:35:51,208,,,490350111322,CLEAR
2026-06-01 13:35:52,210,小川 涼平,tu7796x250xblk,492534960330,OK
2026-06-01 13:36:03,209,齊藤 美早紀,l203x270xblk,492534959556,OK
2026-06-01 13:36:09,208,,,490350111311,CLEAR
2026-06-01 13:36:11,105,大村満,ds8154xmxgry,490350110585,OK
2026-06-01 13:36:16,203,飛田友絵,bck030x210xbeg,492534964946,OK
2026-06-01 13:36:33,208,柳瀬達也,mz6222x255xblk,490350111311,OK
2026-06-01 13:36:38,209,関村昂也,dj355x265xblk,492534959545,OK
2026-06-01 13:36:39,105,,,490350110574,CLEAR
2026-06-01 13:36:42,210,諸橋 陽子,l7518x225xwht,492534960326,OK
2026-06-01 13:37:21,209,長谷川 尚平,wilson3630x2lxblk,492534959534,OK
2026-06-01 13:37:22,208,廣田 雄哉,bck030x190xgry,490350111300,OK
2026-06-01 13:37:28,210,森田 祐子,pwpt7017x170x81ppk,492534960315,OK
2026-06-01 13:37:59,209,茅野 皓太,wilsonairx2lx720bk,492534959523,OK
2026-06-01 13:38:00,203,加藤 真由美,sako,492534964935,OK
2026-06-01 13:38:03,102,向瀬 亜由巳,ifmesc0002x180xpnk,492534957902,OK
2026-06-01 13:38:03,208,後藤 将之,mz7017x210xblw,490350111296,OK
2026-06-01 13:38:28,102,村瀬 有紀,4522552316799,492534957891,NG_商品違い
2026-06-01 13:38:33,209,井上 美香,mz408xlxbkw,492534959512,OK
2026-06-01 13:38:42,210,渡辺 潤一,dj290x265xcml,492534960304,OK
2026-06-01 13:38:43,208,藤本 愛菜,b151142x235x062ble,490350111285,OK
2026-06-01 13:38:50,102,村瀬 有紀,ifmesc0002x180xpnk,492534957891,OK
2026-06-01 13:39:01,209,外山昌広,rbks130x280xblk,492534959501,OK
2026-06-01 13:39:18,102,平澤 葵,bck030x200xpcc,492534957880,OK
2026-06-01 13:39:23,203,小久保 彩,fs900blk2l,492534964924,OK
2026-06-01 13:39:32,209,長谷川靖,aj221a9blk250,492534959490,OK
2026-06-01 13:39:34,208,榎田光,skec120012x225xnat,490350111274,OK
2026-06-01 13:39:36,102,新美 桂子,r4380047x210xtdl,492534957876,OK
2026-06-01 13:39:37,210,栗栖大地,puma311996mx280x01,492534960293,OK
2026-06-01 13:39:49,102,國分 薫里,r4380047x210xmlt,492534957865,OK
2026-06-01 13:40:01,203,浜野 仁秀,2012wilsonairx265x73,492534964913,OK
2026-06-01 13:40:04,102,奥野 由紀子,bck030x220xmbu,492534957854,OK
2026-06-01 13:40:06,209,吉崎博美,mfs018cx190xnvy,492534959486,OK
2026-06-01 13:40:14,208,佐久間舞,b151142x225x062oke,490350111263,NG_商品違い
2026-06-01 13:40:16,105,近藤理砂子,b151142oke235,490350110574,OK
2026-06-01 13:40:42,208,佐久間舞,b151142x199xble225,490350111263,OK
2026-06-01 13:40:43,102,菅原 直美,bck030x220xmbu,492534957843,OK
2026-06-01 13:40:51,209,木村 さやか,gs303xsx20khk,492534959475,OK
2026-06-01 13:40:53,210,溝端 圭,l6339wbk255,492534960282,OK
2026-06-01 13:40:54,102,佐藤 香枝,bck030x210xmbu,492534957832,OK
2026-06-01 13:41:03,102,薮中 梨愛,bck030x230xmbu,492534957821,OK
2026-06-01 13:41:17,105,松尾耕一,4571501716326,490350110563,NG_商品違い
2026-06-01 13:41:20,102,中谷 光紗,r4380047x220xtdb,492534957810,OK
2026-06-01 13:41:30,208,山崎 真由,mz0800xlxblk,490350111252,OK
2026-06-01 13:41:31,102,木本 恵子,r4380047x220xtdb,492534957806,OK
2026-06-01 13:41:36,105,松尾耕一,tz2335ax245xpgd,490350110563,OK
2026-06-01 13:41:46,210,池上 愛,im6620x250x6620bl,492534960271,OK
2026-06-01 13:41:47,102,笠行 美沙子,4582392205219,492534957795,NG_商品違い
2026-06-01 13:42:01,102,笠行 美沙子,r4380047x220xblk,492534957795,OK
2026-06-01 13:42:01,208,佐藤 快,mz0800xlxblk,490350111241,OK
2026-06-01 13:42:05,209,藤本 浩孝,wilsoncaj16011dbr265,492534959464,OK
2026-06-01 13:42:18,102,青島 史織,r4360647x230xbkb,492534957784,OK
2026-06-01 13:42:35,209,川崎みちよ,l203x260xbkb,492534959453,OK
2026-06-01 13:42:35,210,上田 順一,skec229210x270xbkl,492534960260,OK
2026-06-01 13:42:42,105,若村 啓恵,rap-gry,490350110552,OK
2026-06-01 13:42:48,208,三浦 祐也,penny9907x270xjkcml,490350111230,OK
2026-06-01 13:42:49,102,清野 奈津美,r4380047x230xblk,492534957773,OK
2026-06-01 13:43:23,209,山本 有希,skr1041x235xnvy,492534959442,OK
2026-06-01 13:43:24,102,藤川 奈央,r4360647x230xivy,492534957762,OK
2026-06-01 13:43:26,203,山下 慶,fkr1363x220xbkr,492534964902,OK
2026-06-01 13:43:28,210,小原理生人,skec229210x260xbkl,492534960256,OK
2026-06-01 13:43:40,102,増田 紗希,r4360647x230xivy,492534957751,OK
2026-06-01 13:43:53,209,宮本広大,fg550x265x02blk,492534959431,OK
2026-06-01 13:44:05,208,嘉重正史,jk1313x270xnvy,490350111226,OK
2026-06-01 13:44:17,210,渡辺智子,skec229210x260xbkl,492534960245,OK
2026-06-01 13:44:23,209,小寺 啓悟,l6236x260xwhr,492534959420,OK
2026-06-01 13:44:53,102,芦田 涼子,r4380047x220xblk,492534957740,OK
2026-06-01 13:44:55,203,山本 佳明,spltamm118x255xnvy,492534964891,OK
2026-06-01 13:45:03,209,小崎 志保,l761x235x780blk,492534959416,OK
2026-06-01 13:45:11,208,築地原 由香,penny9907x250xjkwht,490350111215,OK
2026-06-01 13:45:23,210,湯川 愛美,l303x235xgry,492534960234,OK
2026-06-01 13:45:29,102,野間 貴嗣,r4380047x220xblk,492534957736,OK
2026-06-01 13:45:55,102,籔田 香菜,r4360647x200xblu,492534957725,OK
2026-06-01 13:45:58,209,吉崎寿治,jk1313x280xwht,492534959405,OK
2026-06-01 13:46:06,208,豊島 瑛記,dj295x270x310wht,490350111204,OK
2026-06-01 13:46:14,210,中谷千尋,skec229210x260xbkl,492534960223,OK
2026-06-01 13:46:17,102,福富 碧,r4380047x170xtdb,492534957714,OK
2026-06-01 13:46:35,209,光益 陽子,wilson8xx260x82bk,492534959394,OK
2026-06-01 13:46:37,102,小川 結喜,r4360647x220xivy,492534957703,OK
2026-06-01 13:46:38,105,南塚 愛,bck030x220xblk,490350110541,OK
2026-06-01 13:46:47,208,,,490350111193,CLEAR
2026-06-01 13:46:52,102,近藤 さやか,4582392205219,492534957692,NG_商品違い
2026-06-01 13:47:01,102,近藤 さやか,r4360647x220xbkb,492534957692,OK
2026-06-01 13:47:11,210,梅崎恵,sa2841x235xwhpb,492534960212,OK
2026-06-01 13:47:13,102,渡邊 美穂,r4360647x220xbkb,492534957681,OK
2026-06-01 13:47:19,209,田中 紀章,l6236x260xwhr,492534959383,OK
2026-06-01 13:47:37,102,大嶋 美洋,r4360647x220xblu,492534957670,OK
2026-06-01 13:47:46,203,田中 康之,wilsoncaj16011dbr270,492534964880,OK
2026-06-01 13:47:52,209,流田 文,fkr1363x230xbkr,492534959372,OK
2026-06-01 13:48:21,209,引野 旬果,l761x225x780blk,492534959361,OK
2026-06-01 13:48:49,210,河瀬江里,jk1074x260xblk,492534960201,OK
2026-06-01 13:48:57,203,大塚 義久,l6339wbk260,492534964876,OK
2026-06-01 13:48:57,209,鈴木 杏由美,fkr1363x230xbkr,492534959350,OK
2026-06-01 13:49:06,102,古賀 友理,r4380047x210xtdb,492534957666,OK
2026-06-01 13:49:23,208,帆保 みゆき,apltamm117x270xstn,490350111193,OK
2026-06-01 13:49:33,209,三重野 弘奈,l761x235x780blk,492534959346,OK
2026-06-01 13:49:34,210,小川 ひとみ,jk1074x260xblk,492534960190,OK
2026-06-01 13:49:36,102,岩谷 理恵子,r4360647x230xivy,492534957655,OK
2026-06-01 13:49:45,105,山田 智三,fs900blks,490350111020,OK
2026-06-01 13:49:56,203,岡野 里寿,mz7017x200xsax,492534964865,OK
2026-06-01 13:50:03,209,佐々木 聖太,mz8016xmxbkw,492534959335,OK
2026-06-01 13:50:11,208,本舘 さやか,mz0800xsxblk,490350111182,OK
2026-06-01 13:50:19,105,藤田 毅,rc020x260xblk,490350111016,OK
2026-06-01 13:50:32,210,鎌形麻美,pansy4410x225xblk,492534960186,OK
2026-06-01 13:50:43,209,多田恵美,dwalkxlx1203,492534959324,OK
2026-06-01 13:50:48,105,櫻井 香織,mz8017x2lxblw,490350111005,OK
2026-06-01 13:50:50,208,野中 孝幸,mz7017x240xlvd,490350111171,OK
2026-06-01 13:50:55,203,小林 史一,l203x250xbkb,492534964854,OK
2026-06-01 13:51:13,105,川又重宏,l304x235xbkb,490350110994,OK
2026-06-01 13:51:20,210,宮坂 智哉,wilsoncaj16012blk260,492534960175,OK
2026-06-01 13:51:36,208,倉田 沙恵子,dj234nvy265,490350111160,OK
2026-06-01 13:51:53,203,鳥越勇気,mz0800xmxbrn,492534964843,OK
2026-06-01 13:51:59,102,野田 由香,r4380047x180xmlt,492534957644,OK
2026-06-01 13:52:08,102,水谷 可奈子,4582392205202,492534957633,NG_商品違い
2026-06-01 13:52:11,210,北村翔也,wilsoncaj16012blk260,492534960164,OK
2026-06-01 13:52:15,105,柏 久光,dj360x250xbkb,490350110983,OK
2026-06-01 13:52:16,208,澤野 彩那,pw7602xsxblk,490350111156,OK
2026-06-01 13:52:17,102,水谷 可奈子,r4380047x210xblk,492534957633,OK
2026-06-01 13:52:28,102,高野 裕英,r4360647x210xblk,492534957622,OK
2026-06-01 13:52:37,102,林竜弘,r4380047x190xtdb,492534957611,OK
2026-06-01 13:53:05,105,田口 玲,wilson1901x270xblk,490350110810,NG_商品違い
2026-06-01 13:53:08,208,三浦 幸子,l304x240xbkb,490350111145,OK
2026-06-01 13:53:10,210,浅野勝,aj221a9blk260,492534960153,OK
2026-06-01 13:53:11,102,後藤 果代,ifmesc0002x210xpnk,492534957600,OK
2026-06-01 13:53:13,105,田口 玲,wilson1901x250xblk,490350110810,OK
2026-06-01 13:53:38,102,小坂 御幸,pansy8689ivom,492534957596,OK
2026-06-01 13:53:40,105,岡本 智子,jk1074x260xwht,490350110806,OK
2026-06-01 13:53:46,208,恵美洋平,puma401527x180xbkw,490350111134,OK
2026-06-01 13:53:55,102,ほそやましんじ,sk4900xlxgym,492534957585,OK
2026-06-01 13:54:10,210,田中 和憲,mz8017x2lxbeg,492534960142,OK
2026-06-01 13:54:14,209,,,492534959722,CLEAR
2026-06-01 13:54:26,208,,,490350111473,CLEAR
2026-06-01 13:54:39,208,,,490350111322,CLEAR
2026-06-01 13:54:40,105,秋元悟,dj360x270xbkb,490350110972,OK
2026-06-01 13:54:45,102,木村 留美,pansy8689ivol,492534957574,OK
2026-06-01 13:54:48,209,吉田 順子,l303x230xgry,492534959313,OK
2026-06-01 13:54:53,210,山下祐一郎,wilson8xx260x88bk,492534960131,OK
2026-06-01 13:55:20,209,森 景子,msadv01wts255,492534959302,OK
2026-06-01 13:55:21,102,松谷緩奈,ba36603x220xblu,492534957563,OK
2026-06-01 13:55:28,208,河村ひとみ,mz7017x230xsax,490350111473,OK
2026-06-01 13:55:31,105,辻 智子,jk1074x245xwht,490350110961,OK
2026-06-01 13:55:45,210,杉山 賢,dm2022x280xblk,492534960120,OK
2026-06-01 13:55:47,203,室橋 玲那,ifme203314x145x02nvy,492534964832,OK
2026-06-01 13:55:53,105,上野紀子,pansy4482ax240xblk,490350110950,OK
2026-06-01 13:55:55,102,馬場 憲子,sy12080xmxblk,492534957552,OK
2026-06-01 13:56:02,209,佐々木 和也,l203x265xnvy,492534959291,OK
2026-06-01 13:56:21,105,中島知也,gpu22342x260xwhg,490350110946,OK
2026-06-01 13:56:24,102,矢倉 ひかり,sy12080xmxblk,492534957541,OK
2026-06-01 13:56:33,209,前田友香,sa2814x250xblk,492534959280,OK
2026-06-01 13:56:45,210,舘岡 玄太,l203x270xblk,492534960116,OK
2026-06-01 13:56:58,105,,,490350110935,CLEAR
2026-06-01 13:56:59,209,鈴木 万貴,skr1041x245xblk,492534959276,OK
2026-06-01 13:57:01,102,鈴木 聡,ifmesc0002x175xblu,492534957530,OK
2026-06-01 13:57:19,102,野海 沢子,ifmesc0002x160xgrn,492534957526,OK
2026-06-01 13:57:24,105,,,490350110935,CLEAR
2026-06-01 13:57:32,209,三枝利之,dm2022x290xgry,492534959265,OK
2026-06-01 13:57:38,210,上村はるか,jk1074x240xwht,492534960105,OK
2026-06-01 13:57:39,203,西村ひとみ,gohai,492534964821,OK
2026-06-01 13:57:49,105,廣兼 優子,fkr1363x220xbkr,490350110913,OK
2026-06-01 13:57:51,102,前田 祥宏,ifmesc0002x165xwht,492534957515,OK
2026-06-01 13:58:04,102,中本 宏次郎,ifmesc0002x180xgrn,492534957504,OK
2026-06-01 13:58:19,102,高野 えりか,ifmesc0002x180xgrn,492534957493,OK
2026-06-01 13:58:24,105,,,490350110902,CLEAR
2026-06-01 13:58:25,209,石井有香,mmm51xmxblk,492534959254,OK
2026-06-01 13:58:27,210,小池 大基,spltm196x255xblk,492534960094,OK
2026-06-01 13:58:33,102,小野寺 里帆,ifmesc0002x180xgrn,492534957482,OK
2026-06-01 13:58:46,102,樋越 由佳,ba36603x180xsax,492534957471,OK
2026-06-01 13:59:06,105,鈴木 舞花,ifme205318x155x13ppl,490350110902,OK
2026-06-01 13:59:20,102,寒川祐美子,ba36603x200xsax,492534957460,OK
2026-06-01 13:59:32,105,吉田 茂,spltm196x260xblk,490350110891,OK
2026-06-01 13:59:42,209,横井 省二,165hmmm951blk260,492534959243,OK
2026-06-01 13:59:56,102,田中 祥子,ifmesc0003x175xyel,492534957456,OK
2026-06-01 13:59:56,210,濱井 政次,l6236x255xwbk,492534960083,OK
2026-06-01 14:00:01,105,加藤京子,l203x255xbkb,490350110880,OK
2026-06-01 14:00:11,102,東峰 育代,ifmesc0003x170xpnk,492534957445,OK
2026-06-01 14:00:23,102,松山 日香理,ifmesc0003x170xpnk,492534957434,OK
2026-06-01 14:00:25,209,浅見 英樹,mz7017x240xbeg,492534959232,OK
2026-06-01 14:00:27,105,松本 茂,pl3130lgrys,490350110876,OK
2026-06-01 14:00:33,203,大湊 道正,sako,492534964810,OK
2026-06-01 14:00:34,102,土志田 いつか,ifmesc0003x170xpnk,492534957423,OK
2026-06-01 14:00:54,102,加納 有香,ifmesc0003x185xgrn,492534957412,OK
2026-06-01 14:00:59,105,小松澤 謙次,larkins670x260x686gry,490350110865,OK
2026-06-01 14:01:01,209,杉町 智美,ifme305317x170xgrn,492534959221,OK
2026-06-01 14:01:18,208,,,490350111322,CLEAR
2026-06-01 14:01:21,208,久保 祐二,2012wilsonairx280x79,490350111322,OK
2026-06-01 14:01:30,102,大川 悠衣,ba36603x200xsax,492534957401,OK
2026-06-01 14:01:30,209,荒巻 大輔,xstreetxst241x270xjkblk,492534959210,OK
2026-06-01 14:01:36,105,山本朝,wilson9xx265x1blk,490350110854,OK
2026-06-01 14:02:02,105,鎌田 章誉,165hmmm951blk260,490350110843,OK
2026-06-01 14:02:11,203,清川 晃弘,xst6032blk270,492534964806,OK
2026-06-01 14:02:11,209,澤繁,gpu22341x270xwgn,492534959206,OK
2026-06-01 14:02:22,105,,,490350110832,CLEAR
2026-06-01 14:02:50,210,,,492534960072,CLEAR
2026-06-01 14:02:58,209,中山 耕平,fs900dbrm,492534959195,OK
2026-06-01 14:03:04,105,和田 尚美,490350110821,490350110832,NG_商品違い
2026-06-01 14:03:15,210,河村京祐,mz7018x230xblk,492534960061,OK
2026-06-01 14:03:18,105,和田 尚美,apltamm117x280xstn,490350110832,OK
2026-06-01 14:03:38,105,武田 雄高,165hmmm9592cho260,490350110821,OK
2026-06-01 14:03:40,209,北山慎一,165hmmm9592blk250,492534959184,OK
2026-06-01 14:04:11,103,,7113301,7113301,NG_伝票未登録
2026-06-01 14:04:23,103,市橋 由里香,ifmesc0003x190xblu,492534957390,OK
2026-06-01 14:04:25,210,渡辺洋一,l203x265xbkb,492534960050,OK
2026-06-01 14:04:44,209,星野 貴裕,va707x225xblk,492534959173,OK
2026-06-01 14:04:47,103,斉藤 大貴,ba36603x170xblu,492534957386,OK
2026-06-01 14:05:03,210,中川 純覚,l303x245xpnk,492534960046,OK
2026-06-01 14:05:16,104,,010,010,NG_伝票未登録
2026-06-01 14:05:25,103,小川 紗希,ifmesc0003x180xblu,492534957375,OK
2026-06-01 14:05:25,209,舟橋義正,mz5815x250xblk,492534959162,OK
2026-06-01 14:05:52,209,瀧澤 巧,mz6222x270xblk,492534959151,OK
2026-06-01 14:05:52,210,尾形 昌良,wilson8xx290x88bk,492534960035,OK
2026-06-01 14:05:54,104,井林 亮子,pw7602xlxblk,492534966313,OK
2026-06-01 14:05:58,103,岩脇 裕子,ifmesc0003x180xblu,492534957364,OK
2026-06-01 14:06:05,203,橋本 龍之介,fs900blks,492534964795,OK
2026-06-01 14:06:21,209,谷口 久美,jk1074x265xwht,492534959140,OK
2026-06-01 14:06:45,103,永井 優季,ifmesc0003x180xblu,492534957353,OK
2026-06-01 14:06:46,203,富永 彩,sako,492534964784,OK
2026-06-01 14:06:50,209,清野友実,2012wilsonairx260x72,492534959136,OK
2026-06-01 14:06:55,104,高山 岳,pw7602xlxblk,492534966302,OK
2026-06-01 14:07:24,209,山本 啓紀,wilson1901x270xblk,492534959125,OK
2026-06-01 14:07:35,104,市川 和博,wilsonairxlx720bk,492534966291,OK
2026-06-01 14:08:07,104,伊東 範人,dm2033x270xblk,492534966280,OK
2026-06-01 14:08:15,103,小西 育恵,asahir301x225x310blk,492534966372,OK
2026-06-01 14:08:38,203,慶野 綾,bck030x220xbeg,492534964773,OK
2026-06-01 14:08:49,104,大浦 遥,mz8416xmxkhk,492534966276,OK
2026-06-01 14:08:53,103,権藤 裕子,asahir301x230x310blk,492534966361,OK
2026-06-01 14:09:18,104,緒方 理人,2012wilsonairx270x78,492534966265,OK
2026-06-01 14:09:20,103,高木 香,asahir301x230x310blk,492534966350,OK
2026-06-01 14:09:26,203,水野 真未,bck030x230xmbu,492534964762,OK
2026-06-01 14:09:48,104,坂井 賢一,skec23011x270xnvy,492534966254,OK
2026-06-01 14:09:50,209,,,492534959722,CLEAR
2026-06-01 14:10:27,104,伊東 淳,parka81321blk230,492534966243,OK
2026-06-01 14:10:39,103,,,492534966346,CLEAR
2026-06-01 14:10:50,103,上田 夏子,jk1074x225xblk,492534966335,OK
2026-06-01 14:10:51,104,大熊 光琴,mz7017x210xsax,492534966232,OK
2026-06-01 14:10:51,209,,,492534959836,CLEAR
2026-06-01 14:11:21,104,田中 雅美,dj360x270xnvy,492534966221,OK
2026-06-01 14:11:29,203,後藤 理香,bck030x190xbkw,492534964751,OK
2026-06-01 14:11:30,103,中村真理,nbgk578bkx220xbk,492534966324,OK
2026-06-01 14:11:40,209,近松薫,jk1074x240xwht,492534959862,OK
2026-06-01 14:11:49,104,遠山 美保,mz408xmxblk,492534966210,OK
2026-06-01 14:12:15,104,丸山匠,2012wilsonairx250x70,492534966206,OK
2026-06-01 14:12:59,209,,,492534960072,CLEAR
2026-06-01 14:13:41,203,藤井 美里,bck030x200xbkw,492534964740,OK
2026-06-01 14:13:44,104,古川 留未,mz7017x220xlvd,492534966195,OK
2026-06-01 14:13:47,103,矢野ちづ子,skec120012x225xbbk,492534965683,OK
2026-06-01 14:14:03,102,池田 美穂,parka81321blk220,492534960024,OK
2026-06-01 14:14:16,104,運乗 光子,bck030x200xgry,492534966184,OK
2026-06-01 14:14:17,103,木村 亜弥子,jk1074x230xwht,492534965672,OK
2026-06-01 14:14:20,203,新井 亜希子,bck030x200xbkw,492534964736,OK
2026-06-01 14:14:33,102,佐野 由佳,sa2814x240xbeg,492534960013,OK
2026-06-01 14:14:39,103,三角加代子,pansy4410x230xbeg,492534965661,OK
2026-06-01 14:14:52,104,鈴木 香里,bck030x200xgry,492534966173,OK
2026-06-01 14:14:58,102,谷 敦子,sa2814x225xblk,492534960002,OK
2026-06-01 14:15:01,103,岩本 和良,fs900blks,492534965650,OK
2026-06-01 14:15:18,104,堀内 弘美,2012wilsonairx255x78,492534966162,OK
2026-06-01 14:15:22,102,緑川 慎,penny6001xmxdbr,492534959991,OK
2026-06-01 14:15:30,103,中田修,wilson1901x255xblk,492534965646,OK
2026-06-01 14:15:35,209,峰崎 與八,arpeggiox250xblk,492534959722,OK
2026-06-01 14:15:39,203,米田 美帆子,ifmesc0002x195xblu,492534964725,OK
2026-06-01 14:15:47,102,志水 裕樹,du6009x290xblk,492534959980,OK
2026-06-01 14:15:52,104,羽方 保裕,fs900blkm,492534966151,OK
2026-06-01 14:15:53,103,赤尾 ももこ,ifme205318x150x13ppl,492534965635,OK
2026-06-01 14:16:21,103,田中 なぎさ,algy4502x210xblk,492534965624,OK
2026-06-01 14:16:22,104,伊藤 暁子,mz7017x250xblw,492534966140,OK
2026-06-01 14:16:39,104,,010,010,NG_伝票未登録
2026-06-01 14:16:45,103,山崎 歩美,jk1074x255xblk,492534965613,OK
2026-06-01 14:16:49,104,福井 佳世子,rpremium2853x245xble,492534966136,OK
2026-06-01 14:17:03,102,加藤 秀樹,va500x255xblk,492534965856,OK
2026-06-01 14:17:19,104,原田 卓也,mz7017x220xblw,492534966125,OK
2026-06-01 14:17:39,102,平塚 彩乃,mz8016xlxabk,492534965845,OK
2026-06-01 14:17:44,104,瀬川 絵美,rpremium2853x225xble,492534966114,OK
2026-06-01 14:17:51,203,鎮目 美希,ifmesc0002x210xpnk,492534964714,OK
2026-06-01 14:17:58,103,小城 花鈴,ifme303419x180xred,492534965602,OK
2026-06-01 14:18:03,102,村上麻美,jk1074x280xwht,492534965834,OK
2026-06-01 14:18:16,104,古川 愛子,mz7017x220xblw,492534966103,OK
2026-06-01 14:18:24,103,川越 豊貴,jk1074x265xwht,492534965591,OK
2026-06-01 14:18:33,102,坪井誉得子,l304x230xbkb,492534965823,OK
2026-06-01 14:18:44,104,大武 正嗣,ls4034x220xblk,492534966092,NG_商品違い
2026-06-01 14:18:46,103,長井 景子,jk1074x260xblk,492534965580,OK
2026-06-01 14:18:52,104,大武 正嗣,ls4034x230xblk,492534966092,OK
2026-06-01 14:18:59,102,宮本 隆夫,l761x245x780blk,492534965812,OK
2026-06-01 14:19:02,203,浦崎 和也,ds8154xlxblk,492534964703,OK
2026-06-01 14:19:19,209,,$$62610,$$62610,NG_伝票未登録
2026-06-01 14:19:28,102,渡辺譲二,nikehj9198403x255x403,492534965801,OK
2026-06-01 14:19:34,103,清瀬 麻衣子,jk1074x240xwht,492534965576,OK
2026-06-01 14:19:45,203,鉄本 健太朗,ifmesc0002x165xwht,492534965053,OK
2026-06-01 14:19:54,103,岸田 明日香,jk1074x240xwht,492534965565,OK
2026-06-01 14:20:00,104,野中 久美,mz7017x250xgry,492534966081,OK
2026-06-01 14:20:08,209,,,492534959836,CLEAR
2026-06-01 14:20:18,103,佐々木 幸恵,jk1074x240xwht,492534965554,OK
2026-06-01 14:20:28,102,有馬愛,4550247614967,492534965790,NG_商品違い
2026-06-01 14:20:28,104,松見 由香,spltm196x270xblk,492534966070,OK
2026-06-01 14:20:31,102,有馬愛,4550247614967,492534965790,NG_商品違い
2026-06-01 14:20:38,102,有馬愛,edw37600x240xblk,492534965790,OK
2026-06-01 14:20:41,103,古川 真生,mz8017x2lxbeg,492534965543,OK
2026-06-01 14:20:56,104,LEAH PEARL PULOS,nbgk578bkx240xbk,492534966066,OK
2026-06-01 14:20:58,203,初道 美智子,ba36603x200xblk,492534965042,OK
2026-06-01 14:21:01,209,三浦 悦子,254hpl1006xmxbrn,492534959836,OK
2026-06-01 14:21:09,102,菊地侑未,ifme205318x170x13ppl,492534965786,OK
2026-06-01 14:21:10,103,田原隆,jk1313x270xwht,492534965532,OK
2026-06-01 14:21:20,104,大久保 久美,im6620x235x6620bl,492534966055,OK
2026-06-01 14:21:36,102,ｯｸ FAｼ二部大和田哲雄,pw7602xsx1blk,492534965775,OK
2026-06-01 14:21:38,103,山下 慶,l303x240xblk,492534965521,OK
2026-06-01 14:21:43,203,倉田 和子,ifmesc0003x190xwht,492534965031,OK
2026-06-01 14:21:46,104,平田 明日香,nbgk578bkx240xbk,492534966044,OK
2026-06-01 14:22:08,102,山下 知子,pw7602xmxwht,492534965764,OK
2026-06-01 14:22:14,104,山下 知子,mmm2033xlxchc,492534966033,OK
2026-06-01 14:22:31,103,,,492534965510,CLEAR
2026-06-01 14:22:37,102,渡邊香津子,mz6214xsx03iv,492534965753,OK
2026-06-01 14:22:37,203,白山 英里枝,ifmesc0003x165xwht,492534965020,OK
2026-06-01 14:22:47,104,山田 真澄,mk2812x245xbkw,492534966022,OK
2026-06-01 14:23:06,102,市川 妙子,bv260423xmxbkb,492534965742,OK
2026-06-01 14:23:11,103,,,492534965506,CLEAR
2026-06-01 14:23:13,203,今井 こころ,ifmesc0003x160xwht,492534965016,OK
2026-06-01 14:23:14,104,新城 智世,mz8017xlxabk,492534966011,OK
2026-06-01 14:23:20,103,倉田 ともえ,mz8017xlxbeg,492534965495,OK
2026-06-01 14:23:34,102,山下 知子,dcs605xlxbrw,492534965731,OK
2026-06-01 14:23:39,203,馬場 りな,ifmesc0003x190xpnk,492534965005,OK
2026-06-01 14:23:42,103,石鍋 一美,nbww5502eab5x240xab5,492534965484,OK
2026-06-01 14:23:42,104,東城 美幸,nbgk578bkx230xbk,492534966000,OK
2026-06-01 14:24:02,102,小暮 寿代,mz8416xlxkhk,492534965720,OK
2026-06-01 14:24:11,103,飛田 ﾌﾏ-ｽｱﾘ,wilsonairx2lx720bk,492534965473,OK
2026-06-01 14:24:16,203,石田 吉完,wbuckle2mx2xlxblk,492534964994,OK
2026-06-01 14:24:36,102,関山 真理,fkr1363x190xbkr,492534965716,OK
2026-06-01 14:24:45,209,,,492534960072,CLEAR
2026-06-01 14:24:52,103,小林 正人,dj360x260xbkb,492534965462,OK
2026-06-01 14:24:57,203,野口剛史,ds8154x2lxblk,492534964983,OK
2026-06-01 14:25:04,104,多和田 香代,br181x245xblk,492534965996,OK
2026-06-01 14:25:05,102,HOANG DUCTIEP,fs900blks,492534965705,OK
2026-06-01 14:25:26,103,廣井 琴好,bt60xa2blk220,492534965451,OK
2026-06-01 14:25:27,203,宮本 昇治,ds8154xlxblk,492534964972,OK
2026-06-01 14:25:28,104,三谷 裕子,l303x235xblk,492534965985,OK
2026-06-01 14:25:43,102,平沢 めぐみ,mz8017x2lxblw,492534965694,OK
2026-06-01 14:25:54,103,吉田 友美,fkr1363x230xbkr,492534965440,OK
2026-06-01 14:25:59,104,藤井 恵美,fs900blkl,492534965974,OK
2026-06-01 14:26:18,103,津田 裕貴,fkr1363x230xbkr,492534965436,OK
2026-06-01 14:26:25,104,福島 誠,fs900blkl,492534965963,OK
2026-06-01 14:26:40,103,河合 花捺,sanrio1503x235xblk,492534965425,OK
2026-06-01 14:26:53,104,久保田 裕紀,jk1313x265xblk,492534965952,OK
2026-06-01 14:27:06,103,横川智,gpu22342x270xwhb,492534965414,OK
2026-06-01 14:27:18,104,冨嶋 智可,pl3130blkl,492534965941,OK
2026-06-01 14:27:45,103,野原 靖彦,penny9907x280xjkwht,492534965403,OK
2026-06-01 14:27:57,104,加藤 花織,ifme203314x150x02ppl,492534965930,OK
2026-06-01 14:28:15,103,篠原 敏雄,rbks130x245xblk,492534965392,OK
2026-06-01 14:28:32,104,林 晃子,mz8017x2lxabk,492534965926,OK
2026-06-01 14:29:02,104,佐藤友子,doq7572xlxnvy,492534965915,OK
2026-06-01 14:29:14,103,安藤由美子,nbww5502eac5x235xac5,492534965381,OK
2026-06-01 14:29:31,104,柳生 亜由美,mz8017x2lxabk,492534965904,OK
2026-06-01 14:29:58,104,伊藤 慎一,mz0800xlxbrn,492534965893,OK
2026-06-01 14:30:28,104,石川 聡,msadv01wts270,492534965882,OK
2026-06-01 14:30:46,103,堀川力,wilson8xx270x84bk,492534965370,OK
2026-06-01 14:31:07,104,松好 世津子,l761x240x780blk,492534965871,OK
2026-06-01 14:31:12,103,井口 雅史,starcrestjb60x260x605,492534965366,OK
2026-06-01 14:31:29,104,山下 孝二,wilsoncaj16022blk250,492534965860,OK
2026-06-01 14:31:41,103,田口 恵,moz491x2lxbkw,492534965355,OK
2026-06-01 14:32:03,103,佐々木悠人,lg1700x265xblk,492534965344,OK
2026-06-01 14:32:49,103,江田 千尋,bck030x230xgry,492534965333,OK
2026-06-01 14:33:19,103,土肥 麻子,bck030x220xbeg,492534965322,OK
2026-06-01 14:33:54,103,飯島 清美,ds8627xmxblk,492534965311,OK
2026-06-01 14:38:03,103,福本 都子,bck030x220xgry,492534965300,OK
2026-06-01 14:38:35,103,大塚 徳子,bck030x230xblk,492534965296,OK
2026-06-01 14:39:02,103,藍川 紗季,bck030x220xblk,492534965285,OK
2026-06-01 14:39:28,103,川島 芳規,bck030x220xblk,492534965274,OK
2026-06-01 14:41:09,103,小野 奈那子,fkr1363x220xbkr,492534965506,OK
2026-06-01 14:41:53,103,,,492534965510,CLEAR
2026-06-01 14:42:31,103,,,492534966346,CLEAR
2026-06-01 14:43:07,103,松井 由佳,492534966346,492534966346,NG_商品違い
2026-06-01 14:44:17,103,,,492534966346,CLEAR
2026-06-01 14:44:20,103,假宿 彩香,492534965510,492534965510,NG_商品違い
2026-06-01 14:44:57,103,假宿 彩香,nb22act30x235xtwh,492534965510,OK
2026-06-01 14:50:27,108,,p},p},NG_伝票未登録
2026-06-01 14:50:28,108,,Bi%=NAN,Bi%=NAN,NG_伝票未登録
2026-06-01 14:50:30,108,,M5{qDguX1A3,M5{qDguX1A3,NG_伝票未登録
2026-06-01 14:50:30,108,,M5{,M5{,NG_伝票未登録
2026-06-01 14:50:31,108,,,,CLEAR
2026-06-01 14:50:32,108,,M5{}9&mZ$02&XMF^jf[$@Jpg}  M,M5{}9&mZ$02&XMF^jf[$@Jpg}  M,NG_伝票未登録
2026-06-01 14:50:36,108,須藤 尚子,mz8017xlxbeg,490350110935,OK
2026-06-01 14:55:43,108,井原 あずさ,ba36603x220xppl,490350110633,OK
2026-06-02 09:00:31,208,竹内美紗希,puma313769x260x03,490354406765,OK
2026-06-02 09:01:52,208,鈴木 美帆,rstac007xsxbkbk,490354406754,NG_商品違い
2026-06-02 09:02:11,208,鈴木 美帆,rstac007xsxbkbr,490354406754,OK
2026-06-02 09:04:05,208,石丸 明佳,bck030x210xbeg,490354406743,OK
2026-06-02 09:05:03,208,河野 陽子,asahir301x240x310blk,490354406732,OK
2026-06-02 09:05:47,208,深田 直美,bck030x210xbkw,490354406721,OK
2026-06-02 09:06:55,208,森下 彩那,bck030x210xbkw,490354406710,OK
2026-06-02 09:07:51,208,藤川 伸夫,nev817xlxblk,490354406706,OK
2026-06-02 09:08:38,208,松本真斗,2012wilsonairx260x78,490354406695,OK
2026-06-02 09:09:24,208,宮戸 ゆきえ,mz502x235xblk,490354406684,OK
2026-06-02 09:09:45,202,高橋 瑠衣,pwpt7017x180x81ppk,490354405984,OK
2026-06-02 09:10:05,208,高畑 友和,mz6222x255xblk,490354406673,NG_商品違い
2026-06-02 09:10:09,208,高畑 友和,mz6222x250xblk,490354406673,OK
2026-06-02 09:10:13,202,吉田 健治,l6236x270xwbk,490354405973,OK
2026-06-02 09:10:37,202,尾崎ひとみ,adsjs3565x265xjs3565,490354405962,OK
2026-06-02 09:10:54,208,中島 僚太,xst6032bkb280,490354406662,OK
2026-06-02 09:11:23,202,細谷 友子,algy4502x210xwhg,490354405951,OK
2026-06-02 09:11:50,208,張間 佐和子,im6220x240x6220bk,490354406651,OK
2026-06-02 09:11:57,202,山下 久美子,parka8132whs230,490354405940,OK
2026-06-02 09:12:38,202,照本 順子,mz8016xmxabk,490354405936,OK
2026-06-02 09:12:43,208,吉澤光貴,kg4060x1508wht255,490354406640,OK
2026-06-02 09:13:04,202,広瀬 ゆみ,annanicola377blkbkm,490354405925,OK
2026-06-02 09:13:26,208,,,490354406636,CLEAR
2026-06-02 09:13:35,202,岸本利恵,skec120012x235xnat,490354405914,OK
2026-06-02 09:19:42,208,宮本 悟,adshq0082x260xhq0082,490354406636,OK
2026-06-02 09:20:24,208,梶原 真希,pw7602xlxblk,490354406625,OK
2026-06-02 09:20:40,202,久保典子,skec120012x250xbbk,490354405903,OK
2026-06-02 09:21:05,208,池森 美幸,2012wilsonairx280x70,490354406614,OK
2026-06-02 09:21:06,202,佐藤勝則,va78xsxblk,490354405892,OK
2026-06-02 09:21:33,202,井田 夕佳理,l303x230xblk,490354405881,OK
2026-06-02 09:21:45,208,石田 凌平,2012wilsonairx280x70,490354406603,OK
2026-06-02 09:22:00,202,坂口将太,asahir301x225x310sax,490354405870,OK
2026-06-02 09:22:27,208,中野潤,mz6820xlxblk,490354406592,OK
2026-06-02 09:22:36,202,佐田 美香子,sa2814x220xbeg,490354405866,OK
2026-06-02 09:23:01,202,磯部成俊,l50456x265xblk,490354405855,OK
2026-06-02 09:23:32,208,山村 真里子,mz7017x200xsax,490354406581,OK
2026-06-02 09:23:48,202,竹内麻岐子,l304x230xlgy,490354405844,OK
2026-06-02 09:24:10,208,堀部 七恵,asahir301x210x310blk,490354406570,OK
2026-06-02 09:24:16,202,田村 優季,nikebq4632115x220x115,490354405833,OK
2026-06-02 09:24:57,202,,p},p},NG_伝票未登録
2026-06-02 09:24:58,202,,:ldGee,:ldGee,NG_伝票未登録
2026-06-02 09:24:59,202,,e[M5{,e[M5{,NG_伝票未登録
2026-06-02 09:25:00,202,,g -yf%;%oB,g -yf%;%oB,NG_伝票未登録
2026-06-02 09:25:01,202,,{M5{'F=_,{M5{'F=_,NG_伝票未登録
2026-06-02 09:25:02,202,,/&XMF^jf[$@Jp @D},/&XMF^jf[$@Jp @D},NG_伝票未登録
2026-06-02 09:25:03,202,後藤 聡矢,490354405822,490354405822,NG_商品違い
2026-06-02 09:25:09,202,後藤 聡矢,nikebq4632115x240x115,490354405822,OK
2026-06-02 09:25:10,208,今井 佐和子,skr1041x250xnvy,490354406566,OK
2026-06-02 09:25:48,202,松田 優也,fs900blkl,490354405811,OK
2026-06-02 09:26:00,208,安井 拓,2012wilsonairx250x78,490354406555,OK
2026-06-02 09:26:27,202,駒場 沙織,ifme203314x130x02ppl,490354405800,OK
2026-06-02 09:27:58,202,小林 知世,xstreetxst241x280xjkblk,490354405796,OK
2026-06-02 09:28:27,202,露崎麻未,ifme206305x140xblk,490354405785,OK
2026-06-02 09:28:54,208,藤井紗織,mz7017x220xblw,490354406544,OK
2026-06-02 09:28:56,202,姉川 弘,165hmmm951blk270,490354405774,OK
2026-06-02 09:29:23,202,高橋 綾香,mz8017x2lxabk,490354405763,OK
2026-06-02 09:29:42,208,橋詰 浩幸,165hmmm952cho250,490354406533,OK
2026-06-02 09:29:49,202,ﾒｲﾅ- ﾋﾞﾍﾞﾘ-,skec120012x245xbbk,490354405752,OK
2026-06-02 09:30:19,202,五十嵐 睦美,moz4273x265xblk,490354405741,OK
2026-06-02 09:30:46,202,萩谷 ふく,kaihol01122510win,490354405730,OK
2026-06-02 09:31:03,208,嘉数華乃香,2012wilsonairx270x78,490354406522,OK
2026-06-02 09:31:20,202,福田 正人,mz0800xlxbrn,490354405726,OK
2026-06-02 09:31:44,208,井上美紀,mz8416xmxkhk,490354406511,OK
2026-06-02 09:32:29,208,小澤 真由美,mz8416xmxkhk,490354406500,OK
2026-06-02 09:32:40,202,服部明子,nb22act30x235xtwh,490354405715,OK
2026-06-02 09:33:05,202,佐々木 道也,skec120012x240xbbk,490354405704,OK
2026-06-02 09:33:08,208,遠藤克浩,nbgk578bkx250xbk,490354406496,OK
2026-06-02 09:33:29,202,有馬眞奈美,mz0800xsxblk,490354405693,OK
2026-06-02 09:33:52,208,大津包子,bs0525x235xgry,490354406485,OK
2026-06-02 09:34:07,202,佐藤 圭多,pl1315x2lxblk,490354405682,OK
2026-06-02 09:34:31,208,谷口 ゆかり,pw7602xmxblk,490354406474,OK
2026-06-02 09:34:34,202,星屋 亜希子,im6620x225x6320bl,490354405671,OK
2026-06-02 09:35:02,202,沼田 由佳,dj290x260xblk,490354405660,OK
2026-06-02 09:35:12,208,河原 永子,pw7602xmxblk,490354406463,OK
2026-06-02 09:35:30,202,福永 愛恵,mz8016xlxabk,490354405656,OK
2026-06-02 09:36:00,208,小笠原 直樹,2012wilsonairx270x78,490354406452,OK
2026-06-02 09:36:01,202,安宅裕代,mk2813x235xoak,490354405645,OK
2026-06-02 09:36:28,202,南光 吉之助,bv260423xsxgry,490354405634,OK
2026-06-02 09:36:50,208,関谷 友樹,2012wilsonairx270x78,490354406441,OK
2026-06-02 09:37:25,202,横山さゆり,l7518x230xblk,490354405623,OK
2026-06-02 09:37:32,208,尾崎 正治,2012wilsonairx270x78,490354406430,OK
2026-06-02 09:37:48,202,高田清司,mz0800xmxblk,490354405612,OK
2026-06-02 09:38:08,202,,p},p},NG_伝票未登録
2026-06-02 09:38:10,202,,BGD(,BGD(,NG_伝票未登録
2026-06-02 09:38:10,208,中村仁美,2012wilsonairx270x78,490354406426,OK
2026-06-02 09:38:11,202,,CM5{ b'~bsC\,CM5{ b'~bsC\,NG_伝票未登録
2026-06-02 09:38:12,202,,M5{,M5{,NG_伝票未登録
2026-06-02 09:38:14,202,,M5{GmcwLK&XMF^jf[$@JpGD,M5{GmcwLK&XMF^jf[$@JpGD,NG_伝票未登録
2026-06-02 09:38:14,202,,"'""-","'""-",NG_伝票未登録
2026-06-02 09:38:25,202,水渕英真,mz0800xmxblk,490354405601,OK
2026-06-02 09:38:57,202,堀内 春佳,puoe51530xsxblk,490354405590,OK
2026-06-02 09:38:59,208,吉野 真美,mz7017x240xblw,490354406415,OK
2026-06-02 09:39:20,202,木原 沙羅,l6075x255xwht,490354405586,OK
2026-06-02 09:39:45,208,萩原侑希,wilsonairxmx710bk,490354406404,OK
2026-06-02 09:39:53,202,齋藤 寛子,mz828arawx245xblk,490354405575,OK
2026-06-02 09:40:21,202,藤野 真絢,adsig9184lx240xig9184,490354405564,OK
2026-06-02 09:40:39,208,菅原緑,mz8416xmxgry,490354406393,OK
2026-06-02 09:40:44,202,石橋 真紀,wilsoncaj16012blk260,490354405553,OK
2026-06-02 09:41:23,208,秋本 菜穂,mz7017x210xsax,490354406382,OK
2026-06-02 09:42:06,208,水戸部 幸憲,edm235x250xwpblk,490354406371,OK
2026-06-02 09:42:52,208,佐藤淳,xst6032bkb260,490354406360,OK
2026-06-02 09:43:35,208,,,490354406356,CLEAR
2026-06-02 09:44:53,202,今村 仁美,edw4324x235xlbu,490354405542,OK
2026-06-02 09:45:20,202,古井聖美,edw37600x240xblk,490354405531,OK
2026-06-02 09:45:35,208,岡本悦子,wilsoncaj16012blk255,490354406356,OK
2026-06-02 09:45:49,202,鈴木教司,mz498xsxblk,490354405520,OK
2026-06-02 09:46:12,208,田中 理香,2012wilsonairx245x70,490354406345,OK
2026-06-02 09:46:15,202,鈴木 真奈美,mz828arawx250xblk,490354405516,OK
2026-06-02 09:46:48,208,藤田一也,fs900blk2l,490354406334,OK
2026-06-02 09:46:49,202,廣兼 京子,rfm515x255xblk,490354405505,OK
2026-06-02 09:47:28,202,松崎 光汰,2012wilsonairx260x78,490354405494,OK
2026-06-02 09:47:45,208,倉本 麻利恵,mz7017x220xbeg,490354406323,OK
2026-06-02 09:47:56,202,石田義人,l50497x260xnvy,490354405483,OK
2026-06-02 09:48:16,208,米谷綾子,mz7017x220xbeg,490354406312,OK
2026-06-02 09:48:27,202,根本 智美,mz8416xlxkhk,490354405472,OK
2026-06-02 09:48:49,202,岡田詩子,mz8416xlxkhk,490354405461,OK
2026-06-02 09:49:05,208,内門 真理子,edm235x280xwpblk,490354406301,OK
2026-06-02 09:49:15,202,木崎 寿一,2012wilsonairx255x70,490354405450,OK
2026-06-02 09:49:50,208,森奈央,skec118424x270xbbk,490354406290,OK
2026-06-02 09:50:30,202,古川寛子,gpu22342x280xbkw,490354405446,OK
2026-06-02 09:50:53,208,堀田真裕,penny6001x3lxdbr,490354406286,OK
2026-06-02 09:50:59,202,吉田隆,penny6001x3lxgry,490354405435,OK
2026-06-02 09:51:20,202,,p},p},NG_伝票未登録
2026-06-02 09:51:21,202,,,490354405435,CLEAR
2026-06-02 09:51:21,202,,8Ke&3,8Ke&3,NG_伝票未登録
2026-06-02 09:51:22,202,,JAM5{,JAM5{,NG_伝票未登録
2026-06-02 09:51:22,202,,Wv?cu.,Wv?cu.,NG_伝票未登録
2026-06-02 09:51:23,202,,M5{,M5{,NG_伝票未登録
2026-06-02 09:51:24,202,,M5{'F=_,M5{'F=_,NG_伝票未登録
2026-06-02 09:51:25,202,,1&XMF^jf[$@JpS,1&XMF^jf[$@JpS,NG_伝票未登録
2026-06-02 09:51:25,202,,},},NG_伝票未登録
2026-06-02 09:51:38,202,篠塚 秀平,nev839xmxblk,490354405424,OK
2026-06-02 09:51:47,208,坂内 操,xstreetxst241x265xjkwht,490354406275,OK
2026-06-02 09:52:14,202,樋口千代子,xstreetxst241x290xjknvy,490354405413,OK
2026-06-02 09:52:42,202,鉄建建設 小島宏之,dr6255x265xblk,490354405402,OK
2026-06-02 09:52:54,208,佐藤 美穂,ifme303419x185xgrn,490354406264,OK
2026-06-02 09:53:14,202,平木恵子,lg1700x265xnvy,490354405391,OK
2026-06-02 09:53:44,202,蛭田 一成,xstreetxst241x300xjknvy,490354405380,OK
2026-06-02 09:53:52,208,小林玄乃,1012b678x235x100,490354406253,OK
2026-06-02 09:54:09,202,白川 勇児,penny6001x2lxblk,490354405376,OK
2026-06-02 09:54:30,208,高橋朋美,nikecn9677011x250x011,490354406242,OK
2026-06-02 09:54:33,202,小林 大典,fs900blks,490354405365,OK
2026-06-02 09:55:05,202,横田 里穂,ifme206305x130xblu,490354405354,OK
2026-06-02 09:55:25,208,中岡 美奈,mz8017x2lxbeg,490354406231,OK
2026-06-02 09:56:17,208,高橋 喜信,spltm196x280xnvy,490354406220,OK
2026-06-02 09:56:28,202,川崎 雅伸,wilsoncaj16022blk265,490354405343,OK
2026-06-02 09:56:53,202,千田 真紀子,skec120012x250xmoc,490354405332,OK
2026-06-02 09:57:41,208,本田玲子,l303x225xblk,490354406216,OK
2026-06-02 09:58:21,202,小野寺八千代,skec120012x250xmoc,490354405321,OK
2026-06-02 09:58:27,208,鈴木 等,l6236x270xwhr,490354406205,OK
2026-06-02 09:58:47,202,宍倉やよい,skec120012x225xmoc,490354405310,OK
2026-06-02 09:59:11,202,梶谷 由香,skec120012x225xbbk,490354405306,OK
2026-06-02 09:59:15,208,齋藤 理英,xst6033bkbm,490354406194,OK
2026-06-02 09:59:34,202,増田 久美子,skec120012x230xmoc,490354405295,OK
2026-06-02 09:59:58,202,平田久子,skec120012x225xmoc,490354405284,OK
2026-06-02 10:00:18,202,阿部 真由美,skec120012x245xmoc,490354405273,OK
2026-06-02 10:00:18,208,玉木義隆,dm2020x260xblk,490354406183,OK
2026-06-02 10:00:51,202,河口 幸子,algy4502x230xwht,490354405262,OK
2026-06-02 10:01:21,202,桝井 敦,edm235x260xwpbrn,490354405251,OK
2026-06-02 10:01:46,202,末廣 万里子,jk1074x255xblk,490354405240,OK
2026-06-02 10:02:11,202,内田守,nbme4304elk4x250xlk4,490354405236,OK
2026-06-02 10:02:38,208,林まみこ,0199025253307,490354406172,NG_商品違い
2026-06-02 10:02:47,202,田山 知美,spltl171blk240,490354405225,OK
2026-06-02 10:02:55,208,林まみこ,skec164085x250xbbk,490354406172,OK
2026-06-02 10:03:08,202,,p},p},NG_伝票未登録
2026-06-02 10:03:09,202,,,490354405225,CLEAR
2026-06-02 10:03:10,202,,"8Ke/`7dD7M5{,qv(sS/","8Ke/`7dD7M5{,qv(sS/",NG_伝票未登録
2026-06-02 10:03:11,202,,)M5{,)M5{,NG_伝票未登録
2026-06-02 10:03:13,202,,M5{'F=_6Qr7&XMF^jf[$@Jpg= -,M5{'F=_6Qr7&XMF^jf[$@Jpg= -,NG_伝票未登録
2026-06-02 10:03:13,202,,,490354405225,CLEAR
2026-06-02 10:03:21,202,北澤憲政,skec183023wx250xwht,490354405214,OK
2026-06-02 10:03:53,202,伊藤 隆寛,2012wilsonairx260x70,490354405203,OK
2026-06-02 10:04:17,208,上田 牧子,wilsoncaj16011dbr260,490354406161,OK
2026-06-02 10:04:28,202,榎戸 由希,dj3567x250x6blk,490354405192,OK
2026-06-02 10:05:11,208,濱口 香,ls4034x220xblk,490354406150,OK
2026-06-02 10:05:54,208,宮原 大,wilson1901x255xblk,490354406146,OK
2026-06-02 10:06:33,208,,,490354406135,CLEAR
2026-06-02 10:07:47,202,菊地千春,jk1074x265xwht,490354405181,OK
2026-06-02 10:08:12,202,大塚由紀,skec229210x270xbkl,490354405170,OK
2026-06-02 10:08:36,202,山崎美枝子,ifme206315x150xblk,490354405166,OK
2026-06-02 10:09:09,202,大杉 剛,dj360x265xgry,490354405155,OK
2026-06-02 10:09:29,202,藤内 知沙,jk1074x240xwht,490354405144,OK
2026-06-02 10:09:49,202,後藤 優奈,b151142x199xble235,490354405133,OK
2026-06-02 10:10:03,208,,,490354406135,CLEAR
2026-06-02 10:10:12,202,,,490354405133,CLEAR
2026-06-02 10:10:12,202,,p},p},NG_伝票未登録
2026-06-02 10:10:13,202,,8KeC*K ;M5{,8KeC*K ;M5{,NG_伝票未登録
2026-06-02 10:10:13,208,,,490354406124,CLEAR
2026-06-02 10:10:15,202,,,490354405133,CLEAR
2026-06-02 10:10:15,202,,5_WAz_cH4QM5{M5{,5_WAz_cH4QM5{M5{,NG_伝票未登録
2026-06-02 10:10:15,202,,Gmc9,Gmc9,NG_伝票未登録
2026-06-02 10:10:27,202,京谷 篤,du6009x290xblk,490354405122,OK
2026-06-02 10:10:28,208,上野 清美,l303x240xblk,490354406135,OK
2026-06-02 10:11:11,202,吉田豊,wilson1901x265xdbr,490354405111,OK
2026-06-02 10:11:15,208,浅草 理恵,rpremium2853x240xoke,490354406124,OK
2026-06-02 10:12:07,208,水野 知佐子,pw7602x2sxblk,490354406113,OK
2026-06-02 10:12:28,202,大谷紘史,tu8005x270x008,490354405100,OK
2026-06-02 10:12:53,202,新藤 靖子,fkr1364x215xbkp,490354405096,OK
2026-06-02 10:12:58,208,水原 勝治,spltm196x265xnvy,490354406102,OK
2026-06-02 10:13:15,202,福谷 尚美,b151142x225x062ble,490354405085,NG_商品違い
2026-06-02 10:13:31,202,福谷 尚美,b151142oke225,490354405085,OK
2026-06-02 10:13:46,208,砂山 昌三,edm235x270xwpbrn,490354406091,OK
2026-06-02 10:14:28,208,大垣 玲子,l303x230xbeg,490354406080,OK
2026-06-02 10:15:06,208,西川 美香,xst6032bkwh280,490354406076,OK
2026-06-02 10:15:46,202,冨田川浩美,nb22act30x235xtwh,490354405074,OK
2026-06-02 10:16:00,208,和地 彩加,pw7602xsxblk,490354406065,OK
2026-06-02 10:16:17,202,,p},p},NG_伝票未登録
2026-06-02 10:16:18,202,,8Ke&3,8Ke&3,NG_伝票未登録
2026-06-02 10:16:18,202,,,490354405074,CLEAR
2026-06-02 10:16:20,202,,JAM5{vEpc*+w8J>M5{,JAM5{vEpc*+w8J>M5{,NG_伝票未登録
2026-06-02 10:16:21,202,,M5{'F=_,M5{'F=_,NG_伝票未登録
2026-06-02 10:16:22,202,,'>&XMF^jf[$@Jpa@M M,'>&XMF^jf[$@Jpa@M M,NG_伝票未登録
2026-06-02 10:16:22,202,,,490354405074,CLEAR
2026-06-02 10:16:31,202,片野 正史,wilson9xx270x6blk,490354405063,OK
2026-06-02 10:16:59,202,菊地 志成,0196989359595,490354405052,NG_商品違い
2026-06-02 10:17:08,202,菊地 志成,skec229210x250xbkl,490354405052,OK
2026-06-02 10:17:23,208,関口 里奈,pw7602x2sxblk,490354406054,OK
2026-06-02 10:17:57,202,宮崎裕介,edm235x265xwpblk,490354405041,OK
2026-06-02 10:18:28,202,立花 昭一,edm235x265xwpbrn,490354405030,OK
2026-06-02 10:18:32,208,松村 雅子,2012wilsonairx290x71,490354406043,OK
2026-06-02 10:19:21,202,米谷 成司,nikeib0183401x270x401,490354405026,OK
2026-06-02 10:19:54,202,年見 真一,adsjr0672x275xjr0672,490354405015,OK
2026-06-02 10:20:14,208,山岸 杏美,mz19315x250x2366blk,490354406032,OK
2026-06-02 10:20:49,202,高田 美保,l203x270xbkb,490354405004,OK
2026-06-02 10:21:16,202,南波 沙織,jk1074x225xwht,490354404993,OK
2026-06-02 10:21:42,202,日浦 絵美,b151142x199xoke245,490354404982,OK
2026-06-02 10:21:44,208,宮田 れい子,annanicola377blkbkl,490354406021,OK
2026-06-02 10:22:29,208,榎本 寛子,mz7017x210xbeg,490354406010,OK
2026-06-02 10:22:33,202,坂井 隆雄,jk1313x280xwht,490354404971,OK
2026-06-02 10:22:55,202,菅野 晋二,l203x265xdgy,490354404960,OK
2026-06-02 10:23:12,208,八重樫 千穂,mz729x240x2bwh,490354406006,OK
2026-06-02 10:23:21,202,江西 浩一,l204x280xblk,490354404956,OK
2026-06-02 10:23:45,202,,p},p},NG_伝票未登録
2026-06-02 10:23:46,202,,8KevrToT?uM5{,8KevrToT?uM5{,NG_伝票未登録
2026-06-02 10:23:46,202,,,490354404956,CLEAR
2026-06-02 10:23:47,202,,cGl/1>E,cGl/1>E,NG_伝票未登録
2026-06-02 10:23:47,202,,,490354404956,CLEAR
2026-06-02 10:23:48,202,,,490354404956,CLEAR
2026-06-02 10:23:48,202,,}vM5{,}vM5{,NG_伝票未登録
2026-06-02 10:23:48,202,,M5{,M5{,NG_伝票未登録
2026-06-02 10:23:49,202,,,490354404956,CLEAR
2026-06-02 10:23:49,202,,Gmc`k&XMF^jf[$@JpVB  =,Gmc`k&XMF^jf[$@JpVB  =,NG_伝票未登録
2026-06-02 10:23:50,202,,,490354404956,CLEAR
2026-06-02 10:24:01,202,柳瀬直美,edw37600x245xblk,490354404945,OK
2026-06-02 10:24:21,202,,p},p},NG_伝票未登録
2026-06-02 10:24:21,202,,,490354404945,CLEAR
2026-06-02 10:24:22,202,,8KeC*K ;M5{,8KeC*K ;M5{,NG_伝票未登録
2026-06-02 10:24:23,202,,,490354404945,CLEAR
2026-06-02 10:24:23,202,,SD>T^f,SD>T^f,NG_伝票未登録
2026-06-02 10:24:26,202,,I>-&XMF^jf[$@JpV2} !-,I>-&XMF^jf[$@JpV2} !-,NG_伝票未登録
2026-06-02 10:24:26,202,,,490354404945,CLEAR
2026-06-02 10:24:27,202,,,490354404945,CLEAR
2026-06-02 10:24:37,202,國分 房子,pansy9723xmxkhk,490354404934,OK
2026-06-02 10:25:46,208,,,490354405995,CLEAR
2026-06-02 10:25:47,202,青柳恒夫,wilsoncaj16022blk255,490354404923,OK
2026-06-02 10:26:11,202,堀口 美奈子,kg4060x1508blk250,490354404912,OK
2026-06-02 10:26:41,202,廣田佳津代,nb22act30x255xtwh,490354404901,OK
2026-06-02 10:27:05,202,新山徹,nb22act30x280xtwh,490354404890,OK
2026-06-02 10:27:37,202,阿部智恵美,bv260426x240xivo,490354404886,OK
2026-06-02 10:28:02,202,柳崎正広,2012wilsonairx265x78,490354404875,OK
2026-06-02 10:28:27,202,野老勉,lg1700x260xblk,490354404864,OK
2026-06-02 10:28:54,202,藤本 純子,moz2422x230xgrg,490354404853,OK
2026-06-02 10:29:17,202,石川 達也,texcy70x270x10brn,490354404842,OK
2026-06-02 10:30:17,202,西田 明美,jk1074x265xblk,490354404831,OK
2026-06-02 10:30:33,208,,,490354405995,CLEAR
2026-06-02 10:30:36,208,番匠 詩織,parka8132whs210,490354405995,OK
2026-06-02 10:30:50,202,松山 友輝,moz491xmxblk,490354404820,OK
2026-06-02 10:31:17,202,初谷 絵里佳,jk1074x250xblk,490354404816,OK
2026-06-02 10:31:40,202,田谷 あずさ,moz491xsxbkw,490354404805,OK
2026-06-02 10:32:35,202,三好国治,skec183023wx265xbbk,490354404794,OK
2026-06-02 10:32:46,208,,,490354404293,CLEAR
2026-06-02 10:33:13,208,蔵方 礼奈,ifmesc0003x230xwht,490354404293,OK
2026-06-02 10:33:20,202,今井 ひかる,ba36603x220xsax,490354404783,OK
2026-06-02 10:33:53,208,黒木 真由美,ba36603x170xblk,490354404282,OK
2026-06-02 10:34:04,202,前田晶子,puma311077x245x01,490354404772,OK
2026-06-02 10:34:43,202,山本 好一,nbmaristg4x270xtg4,490354404761,OK
2026-06-02 10:35:03,208,竹内 健二,ifmesc0003x175xblu,490354404271,OK
2026-06-02 10:35:24,202,小林 成美,bck030x180xbeg,490354404750,OK
2026-06-02 10:35:52,208,大友 千春,ifmesc0003x185xblu,490354404260,OK
2026-06-02 10:35:59,202,田代 恵津子,mz300xmxbge,490354404746,OK
2026-06-02 10:36:34,202,佐藤 健一,ifme204319x185xppl,490354404735,OK
2026-06-02 10:37:11,202,樋口 はる,sy12080xmxbge,490354404724,OK
2026-06-02 10:37:13,208,松岡 真美,P-93-02-01,490354404256,NG_商品違い
2026-06-02 10:37:24,208,松岡 真美,2012dietslippers1pnkfree,490354404256,OK
2026-06-02 10:37:50,202,中川香代,ifme205318x190x13wht,490354404713,OK
2026-06-02 10:38:04,208,小薗井 正美,2012dietslippers1pnkfree,490354404245,OK
2026-06-02 10:38:24,202,志村 満恵,bck030x220xgry,490354404702,OK
2026-06-02 10:38:51,208,名取 幸子,ds8155xmxnvy,490354404234,OK
2026-06-02 10:38:59,202,荒倉 慎太郎,mm5070x230xppl,490354404691,NG_商品違い
2026-06-02 10:39:04,202,荒倉 慎太郎,ls1506x200xdbr,490354404691,OK
2026-06-02 10:39:39,208,ZHANG YING,ds8154xlxblk,490354404223,OK
2026-06-02 10:40:23,208,田中敬美,ds8154xlxblk,490354404212,OK
2026-06-02 10:40:25,202,廣澤紀隆,mz0800x2lxblk,490354404680,OK
2026-06-02 10:41:01,202,山口 暁,bck030x230xblk,490354404676,OK
2026-06-02 10:41:05,208,高橋 昌吾,ds8154x2lxnvy,490354404201,NG_商品違い
2026-06-02 10:41:15,208,高橋 昌吾,ds8154x2lxgry,490354404201,OK
2026-06-02 10:41:33,202,石原 みずき,bck030x230xblk,490354404665,OK
2026-06-02 10:41:59,208,小木一成,ds8154xmxnvy,490354404190,OK
2026-06-02 10:42:48,202,山地 智春,bck030x230xblk,490354404654,OK
2026-06-02 10:42:58,208,大久保秀之,ds8155xmxblk,490354404186,NG_商品違い
2026-06-02 10:43:12,208,大久保秀之,ds8154xmxblk,490354404186,OK
2026-06-02 10:43:18,202,齊藤 美咲,bck030x230xblk,490354404643,OK
2026-06-02 10:44:05,202,山下 健知,bck030x230xblk,490354404632,OK
2026-06-02 10:44:15,208,藤戸 大介,ds8154xlxnvy,490354404175,OK
2026-06-02 10:44:32,202,田村 大介,bck030x220xblk,490354404621,OK
2026-06-02 10:44:59,202,渋川 恵一,bck030x220xblk,490354404610,OK
2026-06-02 10:45:03,208,森勇作,ds8154x2lxnvy,490354404164,OK
2026-06-02 10:45:25,202,山谷 祐美,bck030x220xblk,490354404606,OK
2026-06-02 10:45:50,202,中込 健司,bck030x220xblk,490354404595,OK
2026-06-02 10:46:37,202,松浦沙永,bck030x220xblk,490354404584,OK
2026-06-02 10:47:00,202,一矢 香那,bck030x220xblk,490354404573,OK
2026-06-02 10:47:26,202,宮本 純佳,bck030x220xblk,490354404562,OK
2026-06-02 10:47:55,202,島田 那奈,bck030x220xblk,490354404551,OK
2026-06-02 10:48:25,202,井庭 幸子,bck030x210xgry,490354404540,OK
2026-06-02 10:48:49,202,伊藤 恵,bck030x210xgry,490354404536,OK
2026-06-02 10:49:16,202,石毛瞳,bck030x210xgry,490354404525,OK
2026-06-02 10:49:27,208,,,490354404153,CLEAR
2026-06-02 10:50:33,202,堀田 弓里,sp1296x2lx9bk,490354404514,OK
2026-06-02 10:51:03,202,池田 恭子,skec177831x235xbbk,490354404503,OK
2026-06-02 10:51:39,202,加治 友美,bck030x230xbkw,490354404492,NG_商品違い
2026-06-02 10:51:43,202,加治 友美,bck030x200xbkw,490354404492,OK
2026-06-02 10:51:43,210,倉田 幸介,tu7796x280x5blk,492534970023,OK
2026-06-02 10:52:15,202,小林 成美,bck030x200xvnl,490354404481,OK
2026-06-02 10:52:34,208,樽井雄一,penny6001xmxblk,490354404153,OK
2026-06-02 10:52:36,210,大鐘 亜矢,sa2841x230xcmdb,492534970012,OK
2026-06-02 10:52:45,202,廣上 美奈子,bck030x200xvnl,490354404470,OK
2026-06-02 10:53:17,202,大形 柾樹,ifmesc0003x165xblu,490354404466,OK
2026-06-02 10:53:25,210,林 龍作,xstreetxst241x265xjkblk,492534970001,OK
2026-06-02 10:53:54,202,島田 丈寛,bck030x200xmbu,490354404455,OK
2026-06-02 10:54:20,202,柴田 優葵江,bck030x200xmbu,490354404444,OK
2026-06-02 10:54:43,210,齋藤 悠紀,bck030x210xbkw,492534969990,OK
2026-06-02 10:54:48,208,池上華子,2012wilsonairx270x78,490354404142,OK
2026-06-02 10:54:57,202,山崎 志織,4582392205219,490354404433,NG_商品違い
2026-06-02 10:55:05,205,,,492534969113,CLEAR
2026-06-02 10:55:09,202,山崎 志織,r4380047x220xblk,490354404433,OK
2026-06-02 10:55:35,210,竹田日出子,rstac007xmxbkbk,492534969986,OK
2026-06-02 10:55:39,202,南城 友美,r4360647x220xbkb,490354404422,OK
2026-06-02 10:55:55,205,,002,002,NG_伝票未登録
2026-06-02 10:56:08,205,大谷 安紀,mz7017x210xlvd,492534969113,OK
2026-06-02 10:56:16,202,青木 彩香,r4360647x210xgrn,490354404411,OK
2026-06-02 10:56:31,205,竹原 剛,penny6001xmxgry,492534969102,OK
2026-06-02 10:56:49,208,福岡 敏明,air10x265x01bk,490354404131,OK
2026-06-02 10:56:56,205,佐々木 郁也,skec237473x260xbbk,492534969091,OK
2026-06-02 10:57:24,202,権谷 慶子,r4360647x230xblu,490354404400,OK
2026-06-02 10:57:34,205,豊福 礼,mz0800xmxbrn,492534969080,OK
2026-06-02 10:57:52,202,高松 瑛美,4582392205202,490354404396,NG_商品違い
2026-06-02 10:57:59,205,徳弘 謙介,mz0800xmxbrn,492534969076,OK
2026-06-02 10:58:34,205,新垣 清楓,bck030x190xbeg,492534969065,OK
2026-06-02 10:58:56,210,山口綾恵,rstac007xmxbkbr,492534969975,OK
2026-06-02 10:58:57,205,鴨藤 佳子,pl3130lgryl,492534969054,OK
2026-06-02 10:59:19,205,横田治貴,lg1700x270xblk,492534969043,OK
2026-06-02 10:59:26,202,高松 瑛美,4582392205202,490354404396,NG_商品違い
2026-06-02 10:59:30,208,岡 仁美,mz8017x2lxblw,490354404120,OK
2026-06-02 10:59:44,205,光野 瑞季,ds4967x190xppl,492534969032,OK
2026-06-02 10:59:51,202,高松 瑛美,r4380047x210xblk,490354404396,OK
2026-06-02 11:00:14,202,柳生 安澄美,r4360647x210xblk,490354404385,OK
2026-06-02 11:00:17,205,田原 美緒里,mls1600xssxbkbk,492534969021,OK
2026-06-02 11:00:28,210,野満奈穂子,rstac007xlxbkbr,492534969964,OK
2026-06-02 11:01:10,205,小原麻希,algy04501x230xwht,492534969010,OK
2026-06-02 11:01:22,202,金澤 雄一,sk4900xmxblk,490354404374,OK
2026-06-02 11:01:34,205,丸田 歩,mz8016xmxabk,492534969006,OK
2026-06-02 11:01:38,208,根井 成香,ifme205318x155x13blk,490354404116,OK
2026-06-02 11:01:55,202,藤本 由佳里,sy12080xmxblk,490354404363,OK
2026-06-02 11:02:03,205,長屋招穂,l50497x250xblk,492534968984,OK
2026-06-02 11:02:19,202,佐々木 奈緒子,ifmesc0002x170xpnk,490354404352,OK
2026-06-02 11:02:20,205,,,492534968973,CLEAR
2026-06-02 11:02:42,210,西村 亜紗子,bck030x210xbkw,492534969953,OK
2026-06-02 11:02:50,202,安藤 佳未,ifmesc0002x180xwht,490354404341,OK
2026-06-02 11:03:29,210,南部 和之,asahir301x230x310blk,492534969942,OK
2026-06-02 11:03:37,208,平井 由佳,bck030x220xblk,490354404105,OK
2026-06-02 11:03:56,202,佐々木 喜美子,ba36603x200xsax,490354404330,OK
2026-06-02 11:04:31,202,大江 隆,ifmesc0003x190xblu,490354404326,OK
2026-06-02 11:04:34,205,,002,002,NG_伝票未登録
2026-06-02 11:04:43,210,天野真理,bck030x210xbkw,492534969931,OK
2026-06-02 11:04:50,205,鈴木良子,skr1041x230xblk,492534968973,OK
2026-06-02 11:05:00,202,工藤 真由美,ifmesc0003x200xblu,490354404315,OK
2026-06-02 11:05:09,205,岩山 剛生,pwpt7018x190xpnk,492534968962,OK
2026-06-02 11:05:34,210,鈴木 恵理,bck030x210xbkw,492534969920,OK
2026-06-02 11:05:36,202,高橋 莉奈,ifmesc0003x215xgrn,490354404304,OK
2026-06-02 11:05:49,205,柳川 淑子,ifme205318x165x13ppl,492534968951,OK
2026-06-02 11:06:15,205,荒川伴子,skec120012x245xnat,492534968940,OK
2026-06-02 11:06:18,210,小森 恵祐,bck030x210xbeg,492534969916,OK
2026-06-02 11:06:38,205,民谷英昭,skec120012x245xnat,492534968936,OK
2026-06-02 11:07:05,208,蓮尾 理可,bck030x190xbeg,490354404094,OK
2026-06-02 11:07:06,205,本多 雅哉,tu7796x255x7blk,492534968925,OK
2026-06-02 11:07:16,210,中村 友美,mz8017xmxblw,492534969905,OK
2026-06-02 11:07:28,205,渋谷 恵美子,skec120012x235xnat,492534968914,OK
2026-06-02 11:08:05,205,進士忠彦,va78xsxblk,492534968903,OK
2026-06-02 11:08:06,210,久米田 慎一,algy4502x230xblk,492534969894,OK
2026-06-02 11:08:32,205,後藤 香里,nikecn9677005x250x005,492534968892,OK
2026-06-02 11:09:04,205,梅田洋平,2012wilsonairx280x76,492534968881,OK
2026-06-02 11:09:08,210,増田 和久,skec237473x280xbbk,492534969883,OK
2026-06-02 11:09:34,205,内田 大貴,ifme205318x155x13pnk,492534968870,OK
2026-06-02 11:09:37,206,川添 佳那子,ifme203314x145x02beg,492534968203,OK
2026-06-02 11:09:56,205,米沢 孝優,l50456x265xblk,492534968866,OK
2026-06-02 11:10:11,206,名原尚子,ifme205318x190x13ppl,492534968192,OK
2026-06-02 11:10:36,205,石川 晃代,mz8017xlxblw,492534968855,OK
2026-06-02 11:10:40,208,松田 裕子,gpu22342x280xbkw,490354404083,OK
2026-06-02 11:10:43,206,後田朋美,ifme205318x190x13ppl,492534968181,OK
2026-06-02 11:11:01,205,中林豪,ifme205318x160x13ppl,492534968844,OK
2026-06-02 11:11:18,206,丸山 輝瑠,mz8017x2lxblw,492534968170,OK
2026-06-02 11:11:31,205,齊藤信次,tu8002x255x008,492534968833,OK
2026-06-02 11:11:47,206,吉田かおり,skec120012x235xmoc,492534968166,OK
2026-06-02 11:11:54,205,岩田 朋奈,rpremium2853x235xblk,492534968822,OK
2026-06-02 11:12:07,210,磯崎勉,xst6032bkb280,492534969872,OK
2026-06-02 11:12:16,206,片山進介,skec120012x230xbbk,492534968155,OK
2026-06-02 11:12:36,206,,002,002,NG_伝票未登録
2026-06-02 11:12:39,205,江崎圭佑,tu8002x275x008,492534968811,OK
2026-06-02 11:12:42,206,西谷洋子,skec120012x245xmoc,492534968144,OK
2026-06-02 11:13:02,205,毛内 克知,4549095068848,492534968800,NG_商品違い
2026-06-02 11:13:05,206,小林 俊峰,xst6032blk250,492534968133,OK
2026-06-02 11:13:14,210,田中 千陽,edm235x255xwpblk,492534969861,OK
2026-06-02 11:13:18,205,毛内 克知,texcy70x265x10brn,492534968800,OK
2026-06-02 11:13:32,206,武藤寿光,skec120012x245xmoc,492534968122,OK
2026-06-02 11:13:45,205,古川 杏奈,mz7017x200xnvy,492534968796,OK
2026-06-02 11:13:59,210,青木 佑華,pw7602xlxblk,492534969850,OK
2026-06-02 11:14:04,206,伊藤 理恵,jk1074x230xwht,492534968111,OK
2026-06-02 11:14:15,205,中村 圭子,skec120012x245xbbk,492534968785,OK
2026-06-02 11:14:27,206,谷野 由紀子,starcrestjb60x245x604,492534968100,OK
2026-06-02 11:14:32,202,藤原 佑佳,bck030x230xblk,492534967330,OK
2026-06-02 11:14:39,208,矢部 阿希子,fkr1534x230xblu,490354404072,OK
2026-06-02 11:14:50,205,武井 亜希子,pn827x235xwhg,492534968774,OK
2026-06-02 11:15:01,210,青山 桃佳,pw7602xlxblk,492534969846,OK
2026-06-02 11:15:07,202,森 礼美,bck030x220xblk,492534967326,OK
2026-06-02 11:15:14,205,黒田 奈美,mz8017x2lxabk,492534968763,OK
2026-06-02 11:15:15,206,藤下あゆみ,bv260425xsxnvy,492534968096,OK
2026-06-02 11:15:28,202,,002,002,NG_伝票未登録
2026-06-02 11:15:44,206,濱井 章豊,2012wilsonairx265x79,492534968085,OK
2026-06-02 11:15:45,202,大倉 亜美,bck030x220xblk,492534967315,OK
2026-06-02 11:15:52,205,寺師 義典,fg550x260x03blk,492534968752,OK
2026-06-02 11:15:52,210,米丸 真里子,pw7602xlxblk,492534969835,OK
2026-06-02 11:16:08,206,芝田 愛,HTTPS://DELIVR.COM/2BZ5H-QR,492534968074,NG_商品違い
2026-06-02 11:16:10,206,芝田 愛,skec120012x235xbbk,492534968074,OK
2026-06-02 11:16:14,202,片山 奈津子そら,bck030x220xblk,492534967304,OK
2026-06-02 11:16:26,205,川部薫,l50497x255xnvy,492534968741,OK
2026-06-02 11:16:36,206,市野弥生,ls8005fx190xblk,492534968063,OK
2026-06-02 11:16:39,202,山田 久美,bck030x210xgry,492534967293,OK
2026-06-02 11:16:44,210,小梁 智音,pw7602xlxblk,492534969824,OK
2026-06-02 11:16:55,206,青井 良太,skc141481x220xbbk,492534968052,OK
2026-06-02 11:16:57,208,早川良次,jk1313x255xnvy,490354404061,OK
2026-06-02 11:16:58,205,松本知未,mfs018cx160xblk,492534968730,OK
2026-06-02 11:17:03,202,清田 あゆみ,bck030x210xgry,492534967282,OK
2026-06-02 11:17:19,206,濱野 智司,penny9907x265xjkwht,492534968041,OK
2026-06-02 11:17:23,205,柘植 仁志,165hmmm9592blk260,492534968726,OK
2026-06-02 11:17:27,202,松本 瞳,bck030x210xgry,492534967271,OK
2026-06-02 11:17:40,210,長濱祐美子,pw7602xlxblk,492534969813,OK
2026-06-02 11:17:51,206,,002,002,NG_伝票未登録
2026-06-02 11:17:55,205,白井和江,skec120012x230xmoc,492534968715,OK
2026-06-02 11:17:59,202,清水 美紀,bck030x230xbkw,492534967260,OK
2026-06-02 11:17:59,206,三澤 博光,gs303x2lx00blk,492534968030,OK
2026-06-02 11:18:12,205,,,492534968704,CLEAR
2026-06-02 11:18:23,202,景利 悠,bck030x210xbkw,492534967256,OK
2026-06-02 11:18:43,206,齊藤 千春,l304x235xbkb,492534968026,OK
2026-06-02 11:18:43,210,林麗美,2012wilsonairx290x70,492534969802,OK
2026-06-02 11:19:05,206,松田 哲明,algy4502x210xblk,492534968015,OK
2026-06-02 11:19:08,208,仲野谷秀樹,nikehq7022602x230x602,490354404050,OK
2026-06-02 11:19:12,202,小林 友梨奈,bck030x190xbkw,492534967245,OK
2026-06-02 11:19:33,206,兼田正己,penny6001xmxdbr,492534968004,OK
2026-06-02 11:19:41,202,山口 良子,ifmesc0003x180xpnk,492534967234,OK
2026-06-02 11:19:47,205,池田有希子,pl3130lgryl,492534968704,OK
2026-06-02 11:20:03,206,阪田由美,spltamm119x245xblk,492534967993,OK
2026-06-02 11:20:19,202,前川 絵里子,bck030x220xpcc,492534967223,OK
2026-06-02 11:20:32,205,大塚 正人,lg1700x255xnvy,492534968693,OK
2026-06-02 11:20:34,210,竹内 紗佑美,2012wilsonairx280x70,492534969791,OK
2026-06-02 11:20:36,206,丸山 信次,2012wilsonairx265x70,492534967982,OK
2026-06-02 11:20:50,205,木下絵理,mz0800xsxblk,492534968682,OK
2026-06-02 11:20:57,206,長谷川 涼太,2012wilsonairx265x70,492534967971,OK
2026-06-02 11:21:18,205,小石原 康博,nbme4304elk4x260xlk4,492534968671,OK
2026-06-02 11:21:23,206,木ﾉ下 典子,edm235x265xwpblk,492534967960,OK
2026-06-02 11:21:34,202,草羽有希,bck030x220xpcc,492534967212,OK
2026-06-02 11:21:42,210,篠原 浩二,wilson9xx255x5blk,492534969780,OK
2026-06-02 11:21:49,205,佐々木 裕樹,precure3809x160x37pnk,492534968660,OK
2026-06-02 11:22:01,202,小林 彩,bck030x210xpcc,492534967201,OK
2026-06-02 11:22:16,205,笹川恵美,pl3130blk2l,492534968656,OK
2026-06-02 11:22:39,205,櫻井 麻衣子,algy4801x220xsax,492534968645,OK
2026-06-02 11:22:44,202,鈴木 生望,bck030x210xmbu,492534967190,OK
2026-06-02 11:23:09,206,平田 耕庸,edm235x265xwpbrn,492534967956,NG_商品違い
2026-06-02 11:23:12,205,大堀 博久,rbks130x280xblk,492534968634,OK
2026-06-02 11:23:13,202,新田 春明,bck030x220xmbu,492534967186,OK
2026-06-02 11:23:14,206,平田 耕庸,edm235x265xwpblk,492534967956,OK
2026-06-02 11:23:19,210,高橋 昂希,2012wilsonairx280x78,492534969776,OK
2026-06-02 11:23:38,202,伊藤 恵理,bck030x210xmbu,492534967175,OK
2026-06-02 11:23:39,206,舟木 勇人,jk1074x265xwht,492534967945,OK
2026-06-02 11:23:42,205,澤田 ますみ,l304x225xdnv,492534968623,OK
2026-06-02 11:24:05,202,杉山 美幸,bck030x200xmbu,492534967164,OK
2026-06-02 11:24:10,206,東郷 治美,jk1074x265xwht,492534967934,OK
2026-06-02 11:24:12,205,竹腰 恵,sa2814x250xdbr,492534968612,NG_商品違い
2026-06-02 11:24:24,205,竹腰 恵,sa2841x250xwhpb,492534968612,OK
2026-06-02 11:24:32,202,黒木 真登香,bck030x200xmbu,492534967153,OK
2026-06-02 11:24:45,206,森下昌子,jk1074x240xwht,492534967923,OK
2026-06-02 11:24:47,205,岩崎美希子,dsph6003lx240xgry,492534968601,OK
2026-06-02 11:24:57,210,池田 正一,mz7017x230xbeg,492534969765,OK
2026-06-02 11:25:13,206,松澤 眞,apltamm117x270xblk,492534967912,OK
2026-06-02 11:25:18,202,中島 由佳,bck030x220xmbu,492534967142,OK
2026-06-02 11:25:32,205,坂寄 栄司,xst6032bkb250,492534968590,OK
2026-06-02 11:25:39,206,草場 伸一,wilson8xx255x81bk,492534967901,OK
2026-06-02 11:25:41,202,相良 真実,bck030x210xmbu,492534967131,OK
2026-06-02 11:25:41,210,入江 美幸,mz7017x200xsax,492534969754,OK
2026-06-02 11:26:01,205,福角 久子,rc040x265xnvy,492534968586,OK
2026-06-02 11:26:09,202,新井 由貴,4582392205196,492534967120,NG_商品違い
2026-06-02 11:26:10,206,古川翼,mz5815x270xwht,492534967890,OK
2026-06-02 11:26:26,202,新井 由貴,r4380047x200xblk,492534967120,OK
2026-06-02 11:26:29,205,高山 隆広,penny6001xmxgry,492534968575,OK
2026-06-02 11:26:38,206,國廣 茜,du6009x260xblk,492534967886,OK
2026-06-02 11:26:47,210,藤田 洋,rc040x270xblk,492534969743,OK
2026-06-02 11:26:55,205,藤澤正明,dj295x255x310wht,492534968564,OK
2026-06-02 11:27:07,206,広浦慎也,jk1074x245xwht,492534967875,OK
2026-06-02 11:27:20,205,河端 芳樹,l761x235x780gry,492534968553,OK
2026-06-02 11:27:38,206,鈴木 真由美,mz8017xlxgry,492534967864,OK
2026-06-02 11:27:45,205,澤登 秀司,wilson9xx265x5blk,492534968542,OK
2026-06-02 11:27:55,210,栗林智実,mz7017x230xgry,492534969732,OK
2026-06-02 11:28:17,205,三宅 千晶,gpu82603lx230xwht,492534968531,OK
2026-06-02 11:28:39,210,高橋 収,wilsoncaj16012blk255,492534969721,OK
2026-06-02 11:28:41,205,浅田 悠太,mz0800xmxblk,492534968520,OK
2026-06-02 11:29:07,205,石川 未希,bck030x190xgry,492534968516,OK
2026-06-02 11:29:29,205,奥野 光将,165hmmm951blk250,492534968505,OK
2026-06-02 11:29:30,202,藤井 真紀,r4380047x190xblk,492534967116,OK
2026-06-02 11:29:31,210,井戸 友里,mz7017x220xblw,492534969710,OK
2026-06-02 11:29:34,206,,,492534967853,CLEAR
2026-06-02 11:29:46,206,佐藤芳弘,l50493x265xblk,492534967842,OK
2026-06-02 11:29:53,208,,,490354404046,CLEAR
2026-06-02 11:29:54,202,山本 えり,4582392205219,492534967105,NG_商品違い
2026-06-02 11:29:57,205,角野 並樹,lg1700x250xblk,492534968494,OK
2026-06-02 11:30:04,202,山本 えり,r4380047x220xblk,492534967105,OK
2026-06-02 11:30:14,210,田島広己,mmm2033xlxblk,492534969706,OK
2026-06-02 11:30:24,205,森坂 健二,wilson8xx265x81bk,492534968483,OK
2026-06-02 11:30:30,202,杉原美世子,r4360647x210xivy,492534967094,OK
2026-06-02 11:30:30,206,中村香織,nbww5502eab5x240xab5,492534967831,OK
2026-06-02 11:30:55,206,植川美樹,lg1700x265xnvy,492534967820,OK
2026-06-02 11:31:02,205,松本 礼一郎,dj295x260x310blk,492534968472,OK
2026-06-02 11:31:08,202,石田 香織,r4360647x220xivy,492534967083,OK
2026-06-02 11:31:19,206,笹木 英彰,4068801634073,492534967816,NG_商品違い
2026-06-02 11:31:22,206,笹木 英彰,adsjr0672x265xjr0672,492534967816,OK
2026-06-02 11:31:39,202,井上 祐美,4582392205219,492534967072,NG_商品違い
2026-06-02 11:31:39,205,豊永 京子,pw7602xsxblk,492534968461,OK
2026-06-02 11:31:49,210,田代 美紀,mz710x230xgrg,492534969695,OK
2026-06-02 11:31:58,202,井上 祐美,r4360647x220xbkb,492534967072,OK
2026-06-02 11:32:04,208,越野 秀紀,sph4604blk260,490354404046,OK
2026-06-02 11:32:12,206,黒川健,nev795x260xblk,492534967805,OK
2026-06-02 11:32:18,205,大空 美紀,l6339wbk255,492534968450,OK
2026-06-02 11:32:24,202,高橋 ありす,r4360647x220xbkb,492534967061,OK
2026-06-02 11:32:37,210,村上 奈緒,pw7602xlxblk,492534969684,OK
2026-06-02 11:32:40,206,内田 亜利沙,l303x245xblk,492534967794,OK
2026-06-02 11:32:46,202,増田 くるみ,r4360647x230xgrn,492534967050,OK
2026-06-02 11:32:46,205,小倉千秋,4550247615049,492534968446,NG_商品違い
2026-06-02 11:32:50,205,小倉千秋,4550247615049,492534968446,NG_商品違い
2026-06-02 11:32:57,205,小倉千秋,edw37600x230xblk,492534968446,OK
2026-06-02 11:33:05,206,福永 一三,du6009x260xblk,492534967783,OK
2026-06-02 11:33:10,202,金谷 珠絵,r4360647x230xblk,492534967046,OK
2026-06-02 11:33:19,205,田中孝人,penny6001xlxblk,492534968435,OK
2026-06-02 11:33:31,202,大毛 葉子,r4360647x230xblk,492534967035,OK
2026-06-02 11:33:42,206,仲 一夫,l6236x255xwhr,492534967772,OK
2026-06-02 11:33:46,210,米田悦史,nbgk578bkx250xbk,492534969673,OK
2026-06-02 11:33:53,205,凌 暁晨,xstreetxst241x250xjknvy,492534968424,OK
2026-06-02 11:33:55,202,丸山 航,r4360647x190xivy,492534967024,OK
2026-06-02 11:34:15,206,飯塚 明日香,rpremium2853x230xble,492534967761,OK
2026-06-02 11:34:25,205,鈴木 裕人,l6476wet255,492534968413,OK
2026-06-02 11:34:45,206,中島正樹,dj360x260xbkb,492534967750,OK
2026-06-02 11:34:47,210,佐藤 友昭,wilsonairxlx720bk,492534969662,NG_商品違い
2026-06-02 11:34:58,210,佐藤 友昭,wilsonairxlx710bk,492534969662,OK
2026-06-02 11:35:05,202,武田 絵莉香,ifmesc0002x200xwht,492534967013,OK
2026-06-02 11:35:08,205,中村万寿維,l50497x265xnvy,492534968402,OK
2026-06-02 11:35:12,206,小池 未来,mz7017x200xbeg,492534967746,OK
2026-06-02 11:35:33,205,山下 綾乃,mz8416xsxkhk,492534968391,OK
2026-06-02 11:35:39,202,合田 悠二,ifmesc0002x160xblu,492534967002,OK
2026-06-02 11:35:39,206,中村 祥子,mz8016x2lxabk,492534967735,OK
2026-06-02 11:35:49,210,蓮 征良,wilson9xx260x5blk,492534969651,OK
2026-06-02 11:35:57,205,石田 和也,2012wilsonairx260x78,492534968380,OK
2026-06-02 11:36:07,202,三浦由梨,ba36603x190xsax,492534966991,OK
2026-06-02 11:36:13,206,後藤敏正,mfs018cx190xnvy,492534967724,OK
2026-06-02 11:36:31,205,木村 めぐみ,mz8416xlxkhk,492534968376,OK
2026-06-02 11:36:40,202,栢木 舞,ifmesc0003x175xyel,492534966980,OK
2026-06-02 11:36:42,210,柴田 雄規,jk1074x230xwht,492534969640,OK
2026-06-02 11:36:52,206,井上 奈幸,algy4503x220xblk,492534967713,OK
2026-06-02 11:36:55,205,森 一志,gpu22342x260xbkw,492534968365,OK
2026-06-02 11:37:06,202,和田 桃佳,lz56601kxmxnvy,492534966976,OK
2026-06-02 11:37:28,205,山岸 佳奈,mz8016xlxbeg,492534968354,OK
2026-06-02 11:37:28,210,川島 知花,pw7602xmxblk,492534969636,OK
2026-06-02 11:37:33,202,三上 由希恵,ifmesc0003x190xblu,492534966965,OK
2026-06-02 11:37:45,208,三浦 裕太郎,ifme205318x185x13blk,490354404035,OK
2026-06-02 11:37:54,205,長島 友美,mz8016x2lxbkw,492534968343,OK
2026-06-02 11:38:09,202,松川 幸子,ba36603x220xblk,492534966954,OK
2026-06-02 11:38:13,206,坂本 順一,xstreetxst241x255xjkwht,492534967702,OK
2026-06-02 11:38:21,205,三浦玲子,b151142x199xoke230,492534968332,OK
2026-06-02 11:38:31,210,外山 真美,pw7602x2lxblk,492534969625,OK
2026-06-02 11:38:41,205,,,492534968321,CLEAR
2026-06-02 11:38:51,202,吉丸 政樹,ifmesc0003x190xwht,492534966943,OK
2026-06-02 11:39:04,206,木村 洋子,edw37600x235xblk,492534967691,OK
2026-06-02 11:39:37,210,村松敦子,mz8416xmxkhk,492534969614,OK
2026-06-02 11:39:39,206,市村 真,l204x270xblk,492534967680,OK
2026-06-02 11:39:47,202,清水 華子,ifmesc0003x230xwht,492534966932,OK
2026-06-02 11:40:33,206,佐藤 祐未,sa2841x245xcmdb,492534967676,OK
2026-06-02 11:40:42,205,佐藤 倫子,mz710x235xblk,492534968321,OK
2026-06-02 11:40:43,210,甲田 眞美子,mz408x2lxblk,492534969603,OK
2026-06-02 11:40:51,202,山地 沙妃子,ifmesc0003x165xpnk,492534966921,OK
2026-06-02 11:40:53,208,阿部 知美,skec229210x260xbkl,490354404024,OK
2026-06-02 11:41:08,205,奥浪 明子,b151142bks230,492534968310,OK
2026-06-02 11:41:09,206,門脇直人,air10x270x01bk,492534967665,OK
2026-06-02 11:41:21,202,田中 舞,ifmesc0003x180xwht,492534966910,OK
2026-06-02 11:41:40,206,赤堀 七虹,mz828arawx245xpnk,492534967654,OK
2026-06-02 11:41:43,210,嵐 優紀,l304x230xbkb,492534969592,OK
2026-06-02 11:41:44,205,長澤 真奈,fkr1363x190xbkr,492534968306,OK
2026-06-02 11:41:54,202,鄭上雄,sk4910x3lxblk,492534966906,OK
2026-06-02 11:42:11,205,佐藤 正幸,fs900blks,492534968295,OK
2026-06-02 11:42:23,202,村松 和哉,ifmesc0003x190xpnk,492534966895,OK
2026-06-02 11:42:40,205,溝辺 正樹,penny6001x2lxblk,492534968284,OK
2026-06-02 11:42:40,210,宮本 貴子,annanicola377blkbkl,492534969581,OK
2026-06-02 11:42:57,202,川嶋 郁香,ds8155xlxblk,492534966884,OK
2026-06-02 11:43:05,205,北島 和彦,du6009x250xblk,492534968273,OK
2026-06-02 11:43:37,205,西奈緒子,jk1074x255xblk,492534968262,OK
2026-06-02 11:43:57,206,星野 洋輝,wilson910x250x1blk,492534967643,OK
2026-06-02 11:43:57,210,俵朱美,sa2814x250xblk,492534969570,OK
2026-06-02 11:43:59,205,山口英理,fs900blks,492534968251,OK
2026-06-02 11:44:22,205,飯塚 憲,fs900blks,492534968240,OK
2026-06-02 11:44:25,206,渡邉 隆示,165hmmm9592cho260,492534967632,OK
2026-06-02 11:44:36,202,中田 みゆき,ds8154x2lxblk,492534966873,OK
2026-06-02 11:44:49,205,門田 恵子,tz2350x235xpgd,492534968236,OK
2026-06-02 11:44:56,206,王 焜鋒,2012wilsonairx265x76,492534967621,OK
2026-06-02 11:44:59,202,盛田 力矢,ds8154x2lxblk,492534966862,OK
2026-06-02 11:45:13,205,飯生 隆男,wilsoncaj16022blk265,492534968225,OK
2026-06-02 11:45:34,206,大橋 直樹,2012wilsonairx280x70bbr,492534967610,OK
2026-06-02 11:45:43,202,壱岐恭子,ds8154x2lxblk,492534966851,OK
2026-06-02 11:46:02,206,中村 祐華,jk1074x270xblk,492534967606,OK
2026-06-02 11:46:16,205,黒沼 莉沙,mz8017xlxsax,492534968214,OK
2026-06-02 11:46:17,202,加納奨之,ds8154x2lxblk,492534966840,OK
2026-06-02 11:46:32,210,岡崎美沙,mz8416xmxgry,492534969566,OK
2026-06-02 11:46:37,202,瀧本加代子,ds8154x2lxblk,492534966836,OK
2026-06-02 11:46:57,202,柱野 奈津美,ds8154xlxblk,492534966825,OK
2026-06-02 11:47:01,206,玉井ゆかり,nbww5502eac5x235xac5,492534967595,OK
2026-06-02 11:47:18,202,井上 貴博,ds8154xlxblk,492534966814,OK
2026-06-02 11:47:29,210,井本 泰佳,mz7017x210xsax,492534969555,OK
2026-06-02 11:47:32,206,清水沙智恵,jk1074x260xwht,492534967584,OK
2026-06-02 11:47:38,202,清水 勇佐,ds8154xlxblk,492534966803,OK
2026-06-02 11:48:00,206,高橋 まさのり,texcy70x270x10brn,492534967573,OK
2026-06-02 11:48:04,202,藤井政昭,ds8154xmxnvy,492534966792,OK
2026-06-02 11:48:09,210,鎌田隆,edm235x250xwpblk,492534969544,OK
2026-06-02 11:48:24,206,鶴巻 駿,wilson8xx290x82bk,492534967562,OK
2026-06-02 11:48:38,202,羽賀 柊人,ds8154xmxblk,492534966781,OK
2026-06-02 11:48:55,206,田中 隆治,starcrestjb60x250x605,492534967551,NG_商品違い
2026-06-02 11:48:57,210,伊藤 正史,dcs608x2lxkhk,492534969533,OK
2026-06-02 11:49:01,202,本多 彩乃,ds8154xmxnvy,492534966770,OK
2026-06-02 11:49:02,208,工藤 夕佳里,4522552066182,490354404013,NG_商品違い
2026-06-02 11:49:06,206,田中 隆治,starcrestjb60x250x607,492534967551,OK
2026-06-02 11:49:13,208,工藤 夕佳里,4522552066182,490354404013,NG_商品違い
2026-06-02 11:49:28,202,青木政人,ds8154xmxnvy,492534966766,OK
2026-06-02 11:49:32,206,瀧谷千賀子,fkr1037x230xwhnv,492534967540,OK
2026-06-02 11:49:53,202,,,492534966755,CLEAR
2026-06-02 11:50:04,206,仙場 みゆき,moz491xlxblk,492534967536,NG_商品違い
2026-06-02 11:50:08,206,仙場 みゆき,moz491x2lxblk,492534967536,OK
2026-06-02 11:50:21,210,稲垣 悠介,2012wilsonairx290x70,492534969522,OK
2026-06-02 11:50:37,206,中野 淳子,tu7796x255xblk,492534967525,OK
2026-06-02 11:51:29,210,黒田 孝治,xst6032bkb260,492534969511,OK
2026-06-02 11:51:50,206,大竹 綾乃,bck030x230xgry,492534967514,OK
2026-06-02 11:52:16,202,鈴木優香,rap-gry,492534966755,OK
2026-06-02 11:52:27,206,河口晃,4campers6803xmxblk,492534967503,OK
2026-06-02 11:52:50,208,,,490354404013,CLEAR
2026-06-02 11:53:09,210,小出 修三,wilsoncaj16012blk255,492534969500,OK
2026-06-02 11:53:11,206,八木奈津実,bck030x180xbeg,492534967492,OK
2026-06-02 11:53:43,206,新保 創太､あゆみ,nb22act30x275xwht,492534967481,OK
2026-06-02 11:54:08,210,株式会社 ﾓﾘﾀ包装,alb5503x260xblk,492534969496,OK
2026-06-02 11:54:12,206,上田 修平,haruta30481blk255,492534967470,NG_商品違い
2026-06-02 11:54:33,206,上田 修平,haruta-4514bl1blk255,492534967470,OK
2026-06-02 11:54:52,205,,,492534966383,CLEAR
2026-06-02 11:54:54,208,工藤 夕佳里,ifmesc0002x150xwht,490354404013,OK
2026-06-02 11:54:59,205,,,492534966733,CLEAR
2026-06-02 11:55:03,210,若林大介,fs900blk2l,492534969485,OK
2026-06-02 11:55:14,206,森谷敏明,skc149937wx230xbkmt,492534967466,OK
2026-06-02 11:55:15,205,,490357014696,490357014696,NG_伝票未登録
2026-06-02 11:55:16,205,,490357014696,490357014696,NG_伝票未登録
2026-06-02 11:55:17,205,,,492534966733,CLEAR
2026-06-02 11:55:33,205,,,490357014696,CLEAR
2026-06-02 11:55:46,206,石塚 教朗,ba36603x200xblu,492534967455,OK
2026-06-02 11:55:57,210,宇田 祥子,algy4502x200xwht,492534969474,OK
2026-06-02 11:56:20,205,西尾 麻衣子,asahir301x220x310nvy,490357014696,OK
2026-06-02 11:56:22,206,川上 瞳,haruta-4514bl1blk255,492534967444,OK
2026-06-02 11:56:46,205,田中 美有紀,bck030x210xbeg,490357014685,OK
2026-06-02 11:56:47,202,上地 涼子,okinawa,492534966744,OK
2026-06-02 11:56:50,210,山口正視,va78xmxblk,492534969463,OK
2026-06-02 11:57:09,205,,,490357014674,CLEAR
2026-06-02 11:57:12,206,土肥 貴幸,ds8627xlxwht,492534967433,OK
2026-06-02 11:57:13,205,,,490357014663,CLEAR
2026-06-02 11:57:32,202,直井佐千子,b151142bke235,492534969242,OK
2026-06-02 11:57:37,205,天野 智弘,fs900blkm,490357014663,OK
2026-06-02 11:57:48,210,勝俣 由美,mz710x230xgrg,492534969452,OK
2026-06-02 11:57:54,202,福貴田 実加,parka8132whs210,492534969231,OK
2026-06-02 11:57:59,205,井上 晴美,490357014652,490357014652,NG_商品違い
2026-06-02 11:58:00,205,,,490357014652,CLEAR
2026-06-02 11:58:00,206,中村 秀司,sk4900x2lxgrm,492534967422,OK
2026-06-02 11:58:12,208,稲村 唯,r4360647x190xgrn,490354404002,OK
2026-06-02 11:58:16,202,高橋雅幸,va78xlxblk,492534969220,OK
2026-06-02 11:58:16,205,吉岡 彩,xst6033bpkm,490357014674,OK
2026-06-02 11:58:27,206,奥永 真由美,bck030x220xgry,492534967411,OK
2026-06-02 11:58:36,210,成瀬 梢,mz7017x220xbeg,492534969441,OK
2026-06-02 11:58:46,202,工藤 萌,pw7602x3lxblk,492534969216,OK
2026-06-02 11:58:54,206,小関 直美,bck030x220xgry,492534967400,OK
2026-06-02 11:59:05,205,井上 晴美,254hpl1006xlxblk,490357014652,OK
2026-06-02 11:59:17,202,佐藤 志保,jk1074x250xwht,492534969205,OK
2026-06-02 11:59:17,206,中林 三起,ba36603x210xblu,492534967396,OK
2026-06-02 11:59:20,210,地多駿介,edm235x280xwpblk,492534969430,OK
2026-06-02 11:59:42,202,中村公彦,ifme206321x155xwht,492534969194,OK
2026-06-02 11:59:47,205,小畑 理紗子,pw7602xlx1blk,490357014641,OK
2026-06-02 12:00:03,206,伊丹久泰,spltamm118x250xblk,492534967385,OK
2026-06-02 12:00:03,208,堀田 優佳,ifmesc0002x165xblu,490354403991,OK
2026-06-02 12:00:07,202,藤牧 元,l203x255xblk,492534969183,OK
2026-06-02 12:00:10,205,小野村 里絵,pw7602xlx1blk,490357014630,OK
2026-06-02 12:00:10,210,岩崎 仁美,mz408x2lxbkw,492534969426,OK
2026-06-02 12:00:29,202,今牧 自動車,pw7602xsxblk,492534969172,OK
2026-06-02 12:00:39,205,上村 珠奈,ms35401x245xblk,490357014626,OK
2026-06-02 12:00:51,206,片小田 智穂,4937687200347,492534967374,NG_商品違い
2026-06-02 12:00:52,210,山下 尚樹,xst6033bpkl,492534969415,OK
2026-06-02 12:00:55,206,片小田 智穂,4937687200347,492534967374,NG_商品違い
2026-06-02 12:00:58,205,,,490357014615,CLEAR
2026-06-02 12:00:59,202,,,492534969161,CLEAR
2026-06-02 12:01:15,206,,,492534967374,CLEAR
2026-06-02 12:33:07,206,片小田 智穂,bck030x230xblk,492534967374,OK
2026-06-02 12:33:38,206,今村 里美,bck030x230xblk,492534967363,OK
2026-06-02 12:33:46,210,宮澤 ひかる,fkr1363x210xbkr,492534969404,OK
2026-06-02 12:34:09,202,大野 加代子,l303x240xgry,492534969161,OK
2026-06-02 12:34:21,206,加藤 知愛,bck030x230xblk,492534967352,OK
2026-06-02 12:34:34,202,上村 梨紗,valentino3911blkl,492534969150,OK
2026-06-02 12:34:44,210,小松 舞夢,fs900blkm,492534969393,OK
2026-06-02 12:34:52,206,大矢 淳,bck030x230xblk,492534967341,OK
2026-06-02 12:35:00,202,安部 まどか,mz6214xmx03bk,492534969146,OK
2026-06-02 12:35:25,202,加藤 八千代,va302x245xkhk,492534969135,OK
2026-06-02 12:35:38,210,大都 ﾕｶﾘ,mz8017x2lxbeg,492534969382,OK
2026-06-02 12:35:53,202,佐々木 啓行,skec183023wx265xwht,492534969124,OK
2026-06-02 12:36:31,210,藤尾 勇介,wilson8xx255x82bk,492534969371,OK
2026-06-02 12:37:30,210,神田賢一,va41x245x3brn,492534969360,OK
2026-06-02 12:37:43,202,岩本 美樹,jk1074x260xblk,490357014280,OK
2026-06-02 12:38:20,202,繁田 美由紀,mz8016xsxbkw,490357014276,OK
2026-06-02 12:38:34,210,山中浩次,spltm196x265xnvy,492534969356,OK
2026-06-02 12:38:45,202,大川 裕也,fs900blkl,490357014265,OK
2026-06-02 12:38:56,206,遠山 真由美,mz8017xlxbeg,492534967853,OK
2026-06-02 12:39:12,202,上田 浩,l203x260xbkb,490357014254,OK
2026-06-02 12:39:22,210,鈴木,gpu52504mx270xwhg,492534969345,OK
2026-06-02 12:39:38,202,慶山 麻衣子,fkr1363x220xbkr,490357014243,OK
2026-06-02 12:40:10,202,土橋 洋明,tu7796x270xblk,490357014232,OK
2026-06-02 12:40:52,210,松尾佑美,rc040x255xnvy,492534969334,OK
2026-06-02 12:41:05,202,藤井 佳子,tu7776x270xblk,490357014221,OK
2026-06-02 12:41:14,206,,,492534966733,CLEAR
2026-06-02 12:41:31,202,本島 健太,tu7796x270xblk,490357014210,OK
2026-06-02 12:42:04,202,田中 信安,tu7796x260x7blk,490357014206,OK
2026-06-02 12:42:17,210,佐藤里奈,algy4502x230xwhg,492534969323,OK
2026-06-02 12:42:33,206,鶴見武弘,nev817xmxblk,492534966733,OK
2026-06-02 12:42:38,202,川崎 敏弘,spltm197x245xcha,490357014195,OK
2026-06-02 12:43:02,202,高橋 知也,spltm197x270xblk,490357014184,OK
2026-06-02 12:43:10,210,坪川 喜一,2012wilsonairx270x70,492534969312,OK
2026-06-02 12:43:36,202,柳原 学,spltm196x255xsbk,490357014173,OK
2026-06-02 12:44:08,202,高橋 太,spltm196x290xbrn,490357014162,OK
2026-06-02 12:44:08,206,久戸 照実,kg9659x5508blk245,492534966722,OK
2026-06-02 12:44:08,210,山崎 和也,2012wilsonairx270x70,492534969301,OK
2026-06-02 12:44:44,202,平野 歓憲,mk7650x265xblk,490357014151,OK
2026-06-02 12:45:20,206,間部豊樹,nev817x2lxwht,492534966711,OK
2026-06-02 12:45:37,210,中島みどり,l303x240xblk,492534969290,OK
2026-06-02 12:46:19,202,青野文則,mg5670yel255,490357014140,OK
2026-06-02 12:46:19,210,吉見 美子,l303x240xblk,492534969286,OK
2026-06-02 12:46:39,206,奥村 靖之,l6339blk265,492534966700,OK
2026-06-02 12:46:42,202,黒政 真樹子,mk5100lx240xblk,490357014136,OK
2026-06-02 12:47:11,210,石川奈央子,spltsdm09x250xblk,492534969275,OK
2026-06-02 12:47:35,202,上野淳史,l70323xmxblk,490357014125,OK
2026-06-02 12:47:50,206,奥山 建,rbks130x270xblk,492534966696,OK
2026-06-02 12:48:02,210,吉田美智子,bv260425xsxblk,492534969264,OK
2026-06-02 12:48:27,202,石川 久美香,sp1296x2lx8bk,490357014114,OK
2026-06-02 12:49:02,202,坂本 扶美枝,4937687200347,490357014103,NG_商品違い
2026-06-02 12:49:03,210,魚民雅粋庵,wilsoncaj16012blk270,492534969253,OK
2026-06-02 12:49:04,206,湯淺 佐和子,mz7017x240xblw,492534966685,OK
2026-06-02 12:49:15,202,坂本 扶美枝,bck030x230xblk,490357014103,OK
2026-06-02 12:49:44,202,後呂 佳織,bck030x180xbkw,490357014092,OK
2026-06-02 12:50:13,202,助川朋子,skec129611x245xbkw,490357014081,OK
2026-06-02 12:50:25,210,,490357750374,490357750374,NG_伝票未登録
2026-06-02 12:50:34,206,日本 ｾｷｭﾘﾃｨﾊﾟﾄﾛ-ﾙ,wilsoncaj16012blk265,492534966674,OK
2026-06-02 12:50:42,210,,,492534969253,CLEAR
2026-06-02 12:50:43,202,新井 磨衣子,bck030x190xbkw,490357014070,OK
2026-06-02 12:50:53,210,,490357750293,490357750293,NG_伝票未登録
2026-06-02 12:50:54,210,,,492534969253,CLEAR
2026-06-02 12:51:12,202,平尾 真雪,bck030x200xbkw,490357014066,OK
2026-06-02 12:51:40,202,西岡 実加,bck030x190xbkw,490357014055,OK
2026-06-02 12:51:49,206,志賀 小百合,2012wilsonairx270x72,492534966663,OK
2026-06-02 12:52:12,202,上村 智子,r4380047x210xmlt,490357014044,OK
2026-06-02 12:52:12,210,北條 恵,dwalkxsx1203,492534971036,OK
2026-06-02 12:53:05,206,安藤 輝明,gpl22423xsxblk,492534966652,OK
2026-06-02 12:53:07,210,土本 侑季,ifme205318x165x13pnk,492534971025,OK
2026-06-02 12:53:29,202,岡本 百華,ifmesc0002x180xwht,490357014033,OK
2026-06-02 12:54:11,210,井上修平,mz7017x220xblw,492534971014,OK
2026-06-02 12:54:15,202,土井 早織,ifmesc0003x170xblu,490357014022,OK
2026-06-02 12:54:38,202,江原 望弥,ba36603x190xppl,490357014011,OK
2026-06-02 12:55:16,202,内田一憲,lz56601kxmxsbu,490357014000,OK
2026-06-02 12:55:40,210,岡本 奈美,annanicola377blkbkl,492534971003,OK
2026-06-02 12:55:52,202,河村 由美,a2510wht3l,490357013996,OK
2026-06-02 12:56:22,202,橋本 裕茉,2012dietslippers1pnkfree,490357013985,OK
2026-06-02 12:56:45,202,,,490357013974,CLEAR
2026-06-02 12:56:58,210,増本 紀子,skr1041x245xblk,492534970992,OK
2026-06-02 12:57:49,210,今村 崇義,xst6032bkb260,492534970981,OK
2026-06-02 12:58:44,206,椎名 いく子,bck030x200xmbu,492534966641,OK
2026-06-02 13:00:29,206,,002,002,NG_伝票未登録
2026-06-02 13:00:36,210,今成 葵,pw7602xmxblk,492534970970,OK
2026-06-02 13:01:07,206,古川 智栄,ifme205318x175x13org,492534966630,OK
2026-06-02 13:01:15,202,,,490357013974,CLEAR
2026-06-02 13:01:30,210,和智香織,nbgk578bkx240xbk,492534970966,OK
2026-06-02 13:02:25,210,時野谷 渉,xst6032bkb270,492534970955,OK
2026-06-02 13:03:00,206,脇田 綾子,mz8017xmxabk,492534966626,OK
2026-06-02 13:03:18,210,仮屋 智子,adsjs3565x265xjs3565,492534970944,OK
2026-06-02 13:03:37,202,佐藤 稀子,valentino3912blks,490357013963,OK
2026-06-02 13:03:48,205,近藤敬子,490357014615,490357014615,NG_商品違い
2026-06-02 13:04:18,205,近藤敬子,skec120012x230xnat,490357014615,OK
2026-06-02 13:04:32,206,芦田未紗,fkr1534x190xsax,492534966615,OK
2026-06-02 13:04:41,210,樽 瑠美,mz8016xmxabk,492534970933,OK
2026-06-02 13:04:42,202,尾崎 淳子,mz8416xmxkhk,490357013952,OK
2026-06-02 13:04:58,205,上山 龍美,starcrestjb0225265,490357014604,OK
2026-06-02 13:05:27,205,神谷 洋,nbmw5504eab5x265xab5,490357014593,OK
2026-06-02 13:05:28,206,遠藤 志穂,sako,492534966604,OK
2026-06-02 13:05:44,202,脇田 健一,wilsonairxmx720bk,490357013941,OK
2026-06-02 13:05:54,205,坂元 康臣,pk2001x245xblk,490357014582,OK
2026-06-02 13:06:18,210,平田勤,mmm51xmxblk,492534970922,NG_商品違い
2026-06-02 13:06:20,205,登一史,wilsoncaj16011dbr260,490357014571,OK
2026-06-02 13:06:22,208,詫間 訓子,cg1299xmxblk,490357750374,OK
2026-06-02 13:06:27,210,平田勤,mmm2033xmxblk,492534970922,OK
2026-06-02 13:06:39,202,,,490357013930,CLEAR
2026-06-02 13:06:40,206,高橋 志郎,okinawa,492534966593,NG_商品違い
2026-06-02 13:06:43,205,吉田 舞,mz7017x240xabk,490357014560,OK
2026-06-02 13:06:43,206,高橋 志郎,rap-gry,492534966593,OK
2026-06-02 13:07:05,205,佐藤ﾙﾐ,skec120012x230xmoc,490357014556,OK
2026-06-02 13:07:23,205,畑 京子,490357014545,490357014545,NG_商品違い
2026-06-02 13:07:32,205,畑 京子,wilson36001blk260,490357014545,OK
2026-06-02 13:07:34,202,,p},p},NG_伝票未登録
2026-06-02 13:07:35,202,,,490357013930,CLEAR
2026-06-02 13:07:36,202,,&:kZ,&:kZ,NG_伝票未登録
2026-06-02 13:07:36,202,,8KeC*K ;M5{,8KeC*K ;M5{,NG_伝票未登録
2026-06-02 13:07:37,202,,dzk3M5{,dzk3M5{,NG_伝票未登録
2026-06-02 13:07:37,202,,M5{,M5{,NG_伝票未登録
2026-06-02 13:07:37,202,,,490357013930,CLEAR
2026-06-02 13:07:38,202,,,490357013930,CLEAR
2026-06-02 13:07:39,202,,GmmJ7&XMF^jf[$@Jp%M ' ],GmmJ7&XMF^jf[$@Jp%M ' ],NG_伝票未登録
2026-06-02 13:07:39,202,,,490357013930,CLEAR
2026-06-02 13:07:41,210,川田 治代,pansy7505x235xblk,492534970911,OK
2026-06-02 13:07:50,205,,,490357014534,CLEAR
2026-06-02 13:08:20,202,太田 翔史,bck030x220xblk,490357013930,OK
2026-06-02 13:08:44,205,焼鳥 心,ev1001x270xblk,490357014534,OK
2026-06-02 13:08:53,208,大下 咲蓉,bck030x210xbkw,490357750363,OK
2026-06-02 13:09:11,210,水上 雄介,starcrestjb10x260x101,492534970900,OK
2026-06-02 13:09:25,205,地方 静代,skec205467x250xtpe,490357014523,OK
2026-06-02 13:09:52,205,山内美佳,jls2861x235xgry,490357014512,OK
2026-06-02 13:10:05,210,澤田 剛一,mz7017x230xabk,492534970896,OK
2026-06-02 13:10:24,205,安田 紗矢香,sjj2120x170xblu,490357014501,OK
2026-06-02 13:10:24,208,山内 萌瑛,mz8017xlxnvy,490357750352,OK
2026-06-02 13:10:47,202,佐藤麻美,ds8154xmxblk,490354403980,OK
2026-06-02 13:10:52,205,小林真優美,plrl1631x180xyel,490357014490,OK
2026-06-02 13:11:01,210,山岸 義朗,mw4501nvy255,492534970885,OK
2026-06-02 13:11:15,206,岡本 真太郎,2012wilsonairx260x78,492534966582,OK
2026-06-02 13:11:16,208,新川言榮,lg1700x280xnvy,490357750341,OK
2026-06-02 13:11:32,205,中村 聡子,romeovb230x225x6bk,490357014486,OK
2026-06-02 13:11:51,210,汪 怡然,mz7017x200xnvy,492534970874,OK
2026-06-02 13:11:55,205,森山 佐知子,bt60xa2blk245,490357014475,OK
2026-06-02 13:12:14,206,木原 友子,rap-gry,492534966571,OK
2026-06-02 13:12:21,205,坪井 泉,furiov3451blk245,490357014464,OK
2026-06-02 13:12:37,210,境 潤也,pl3130blkl,492534970863,OK
2026-06-02 13:12:55,205,西田 英志,rw760a0blk260,490357014453,OK
2026-06-02 13:13:14,206,椛澤匡貴,bck030x230xblk,492534966560,OK
2026-06-02 13:13:25,205,佐藤幹祥,rw760a0blk280,490357014442,OK
2026-06-02 13:13:41,210,中山 裕子,99wilson3630xmxblk,492534970852,OK
2026-06-02 13:13:44,208,尾 真由美方山本晃久,rc040x265xblk,490357750330,OK
2026-06-02 13:13:52,205,川崎 ちひろ,mz7017x230xsax,490357014431,OK
2026-06-02 13:14:13,205,中村 美希,mz7017x230xsax,490357014420,OK
2026-06-02 13:14:42,205,辰已 万由子,mz8416xmxkhk,490357014416,OK
2026-06-02 13:14:42,210,坂 春奈,mz7017x240xabk,492534970841,OK
2026-06-02 13:15:04,208,,,490357750326,CLEAR
2026-06-02 13:15:17,205,井上真智子,pl3130lgrym,490357014405,OK
2026-06-02 13:15:22,208,尾内 桂子,bck030x220xblk,490357750326,OK
2026-06-02 13:15:24,210,数野 光治,mz7017x240xabk,492534970830,OK
2026-06-02 13:15:36,205,,,490357014394,CLEAR
2026-06-02 13:16:06,210,室井 みどり,mz7017x240xabk,492534970826,OK
2026-06-02 13:16:19,205,樋上 勝則,2012wilsonairx260x78,490357014394,OK
2026-06-02 13:16:45,205,千葉 栄一郎,jk1313x290xwht,490357014383,OK
2026-06-02 13:16:47,210,鈴木悦子,skec120012x230xmoc,492534970815,OK
2026-06-02 13:17:04,205,宇田 有香,gyukawa1gou1blk250,490357014372,OK
2026-06-02 13:17:30,205,田邉 剛,mz7017x240xgry,490357014361,OK
2026-06-02 13:17:31,210,宇津木 正夫,air1318x260xdbr,492534970804,OK
2026-06-02 13:17:59,205,染谷 知里,fkr1505x210xblk,490357014350,OK
2026-06-02 13:18:13,210,平田 洋,air1318x260xblk,492534970793,OK
2026-06-02 13:18:19,205,堤好子,fkr1505x230xblk,490357014346,OK
2026-06-02 13:18:42,205,下條 寛太,wilson8xx260x81bk,490357014335,OK
2026-06-02 13:18:59,210,中野 健二,wilson9xx280x5blk,492534970782,OK
2026-06-02 13:19:05,205,山田 宏次郎,va703x230xbky,490357014324,OK
2026-06-02 13:19:37,205,南條 宏志,texcy70x255x10brn,490357014313,OK
2026-06-02 13:20:00,205,大屋 淳子,mz8017xmxgry,490357014302,OK
2026-06-02 13:20:21,205,田中 公康,2012wilsonairx265x70,490357014291,OK
2026-06-02 13:20:56,210,上田 晃久,ev2002x280xbkr,492534970771,OK
2026-06-02 13:21:07,208,,,490357750315,CLEAR
2026-06-02 13:21:33,208,呉本 光吉,ds8154xlxblk,490357750304,OK
2026-06-02 13:21:54,205,川畑 勇気,penny6001x3lxgry,492534970631,OK
2026-06-02 13:22:09,202,鬼頭 博之,dj360x265xbkb,492534971191,OK
2026-06-02 13:22:15,206,中野 茂樹,penny6001x3lxblk,492534966556,OK
2026-06-02 13:22:17,205,武石 夏子,moz491xmxbkw,492534970620,OK
2026-06-02 13:22:31,210,荻村聖美,sjj1520x220xlav,492534970760,OK
2026-06-02 13:22:36,205,土屋 友美,gyukawa1gou1blk250,492534970616,OK
2026-06-02 13:22:40,202,上野 由佑,precure3808x160x37pnk,492534971180,OK
2026-06-02 13:23:00,205,村井 小百合,mz710x240xpnk,492534970605,OK
2026-06-02 13:23:05,208,塚本 賢一,ds8154x2lxnvy,490357750293,OK
2026-06-02 13:23:13,206,山本忠幸,rap-gry,492534966545,OK
2026-06-02 13:23:18,202,川勝 咲奈,pw7602xmxblk,492534971176,OK
2026-06-02 13:23:25,210,小林 恭子,sjj1520x220xlav,492534970756,OK
2026-06-02 13:23:35,205,渡邉 曜介,wilson8804blk270,492534970594,OK
2026-06-02 13:23:58,205,佐藤敏夫,nbm413la3x260xla3,492534970583,OK
2026-06-02 13:24:22,205,平石勝己,l682x255xblk,492534970572,OK
2026-06-02 13:24:37,210,村野 雅巳,ev2002x280xbbl,492534970745,OK
2026-06-02 13:24:49,205,坂本洋人,skec120012x235xmoc,492534970561,OK
2026-06-02 13:25:03,205,,005,005,NG_伝票未登録
2026-06-02 13:25:17,205,福田 美緒,mz8017xmxsax,492534970550,OK
2026-06-02 13:25:26,202,南 若奈,xst6033bkbl,492534971165,OK
2026-06-02 13:25:50,205,岡嶋世以子,skec120012x235xbbk,492534970546,OK
2026-06-02 13:25:59,210,黒沢 雅人,jms1830x265xnvy,492534970734,OK
2026-06-02 13:26:00,202,渡邉 祐三,mz0800xlxblk,492534971154,OK
2026-06-02 13:26:12,205,谷口 智輝,2012wilsonairx260x70,492534970535,OK
2026-06-02 13:26:35,202,川原康臣,mz0800xlxblk,492534971143,OK
2026-06-02 13:26:40,205,宮坂 明弥,jk1074x240xwht,492534970524,OK
2026-06-02 13:27:09,205,古谷 利明,l203x280xnvy,492534970513,OK
2026-06-02 13:27:14,202,山上正,lg1700x265xblk,492534971132,OK
2026-06-02 13:27:27,210,伊藤俊哉,bs1052x255xblk,492534970723,OK
2026-06-02 13:27:31,205,荒木 麻里奈,fkr1363x210xbkr,492534970502,OK
2026-06-02 13:27:48,208,,,490357750315,CLEAR
2026-06-02 13:27:51,202,三角 次美,skec120012x235xbbk,492534971121,OK
2026-06-02 13:28:12,205,木村 健二,tu7796x270xblk,492534970491,OK
2026-06-02 13:28:18,210,土屋志穂,rw760a0blk300,492534970712,OK
2026-06-02 13:28:46,202,福田 さち,skec120012x235xmoc,492534971110,OK
2026-06-02 13:29:13,208,鳥山 綾乃,ifmesc0003x160xblu,490357750315,OK
2026-06-02 13:29:23,202,堤 新次,l6100x270xwht,492534971106,OK
2026-06-02 13:29:33,205,辻由貴子,tu80bx255x06bk,492534970480,OK
2026-06-02 13:29:57,210,中村 素典,hw800x265x1brd,492534970701,OK
2026-06-02 13:29:58,205,樽木 大勢,tu7796x270xblk,492534970476,OK
2026-06-02 13:30:20,202,稲葉 彩香,ifmesc0003x170xyel,492534971095,OK
2026-06-02 13:30:27,205,門脇 博成,tu7796x270xblk,492534970465,OK
2026-06-02 13:30:49,210,徳田 一美,gpu22514x240xbkb,492534970690,OK
2026-06-02 13:30:56,205,TAKASHI URUSHIHARA,tu704bx260x40dbr,492534970454,OK
2026-06-02 13:30:58,202,丸山 誠,ds8154xmxnvy,492534971084,OK
2026-06-02 13:31:17,205,佐竹正輝,tu80bx260x01bk,492534970443,OK
2026-06-02 13:31:45,205,田村奈保美,mz710x240xblk,492534970432,OK
2026-06-02 13:31:51,210,牧 華美,mz7017x220xgry,492534970686,OK
2026-06-02 13:32:13,205,上田 浩,2012wilsonairx245x79,492534970421,OK
2026-06-02 13:32:18,208,小田 侑紀,r4360647x200xbkb,492534966431,OK
2026-06-02 13:32:23,202,鬼頭 博之,dj360x265xbkb,492534971073,OK
2026-06-02 13:32:32,205,,,492534970410,CLEAR
2026-06-02 13:32:37,210,五十畑礼子,mz8416xlxkhk,492534970675,OK
2026-06-02 13:33:32,210,宗方 邦晃,2012wilsonairx270x78,492534970664,OK
2026-06-02 13:33:40,205,岡本 梨来,mz710x250xblk,492534970410,OK
2026-06-02 13:33:50,206,油井 啓徳,ifme303419x180xred,492534966534,OK
2026-06-02 13:34:03,205,小峰すみ江,wilson1901x265xblk,492534970406,OK
2026-06-02 13:34:24,205,瀧谷 直弥,texcy70x280x10brn,492534970395,OK
2026-06-02 13:34:27,206,,002,002,NG_伝票未登録
2026-06-02 13:34:46,205,池内 千恵,parkavenue2111blk240,492534970384,OK
2026-06-02 13:34:59,206,白石公彦,sako,492534966523,OK
2026-06-02 13:35:05,210,齊藤 志朗,xstreetxst241x280xjknvy,492534970653,OK
2026-06-02 13:35:10,205,猪狩 みのり,moz491xmxblk,492534970373,OK
2026-06-02 13:35:27,205,,,492534970362,CLEAR
2026-06-02 13:35:41,202,隈元剛,nev817x2lxblk,492534971062,OK
2026-06-02 13:35:49,210,前川 正裕,rbks130x250xdbr,492534970642,OK
2026-06-02 13:36:02,206,玉城翔大,penny9907x280xjkwht,492534966512,OK
2026-06-02 13:36:14,205,,002,002,NG_伝票未登録
2026-06-02 13:36:16,205,,002,002,NG_伝票未登録
2026-06-02 13:36:41,202,萬戸利和,dr6265x250xlbr,492534971051,OK
2026-06-02 13:37:02,205,,,492534970362,CLEAR
2026-06-02 13:37:18,206,岡田 光治,lg1700x260xblk,492534966501,OK
2026-06-02 13:37:27,205,岡田 千代,4937687200347,492534970351,NG_商品違い
2026-06-02 13:37:29,205,岡田 千代,4937687200347,492534970351,NG_商品違い
2026-06-02 13:38:10,202,鷹尾 直誠,ifmesc0003x170xpnk,492534971040,OK
2026-06-02 13:38:16,205,岡田 千代,bck030x230xblk,492534970351,OK
2026-06-02 13:38:27,206,高澤 亮,starcrestjb60x250x605,492534966490,NG_商品違い
2026-06-02 13:38:36,205,猪狩久美子,sy12080x2lxblk,492534970362,NG_商品違い
2026-06-02 13:38:38,205,,,492534970362,CLEAR
2026-06-02 13:38:46,206,高澤 亮,starcrestjb60x250x607,492534966490,OK
2026-06-02 13:38:49,205,池田 さゆり,bck030x210xgry,492534970340,OK
2026-06-02 13:39:22,205,猪狩久美子,sp1296x2lx9bk,492534970362,NG_商品違い
2026-06-02 13:39:37,205,,,492534970362,CLEAR
2026-06-02 13:39:44,205,,,492534970336,CLEAR
2026-06-02 13:40:01,208,,,492534966420,CLEAR
2026-06-02 13:40:18,205,小山内 友美,ifmesc0002x180xgrn,492534970336,OK
2026-06-02 13:40:45,205,安東 英之,ifmesc0003x170xpnk,492534970325,OK
2026-06-02 13:41:00,206,植山惇也,bck030x220xbeg,492534966486,OK
2026-06-02 13:41:19,205,安達 由佳,ifmesc0003x215xyel,492534970314,OK
2026-06-02 13:41:48,205,永冨 宜子,ifmesc0003x190xgrn,492534970303,OK
2026-06-02 13:41:57,208,輝岡 翔太,4522552316959,492534966420,NG_商品違い
2026-06-02 13:42:11,208,輝岡 翔太,4522552316959,492534966420,NG_商品違い
2026-06-02 13:42:23,205,玉谷 直博,ifmesc0003x180xwht,492534970292,OK
2026-06-02 13:42:26,206,渡邉 優李香,bck030x220xblk,492534966475,OK
2026-06-02 13:42:52,205,竹内 美歩,ifmesc0003x195xblu,492534970281,OK
2026-06-02 13:43:13,205,高橋 知子,2012dietslippers1pnkfree,492534970270,OK
2026-06-02 13:43:35,206,菊地 優子,bck030x180xbkw,492534966464,OK
2026-06-02 13:43:37,205,,,492534970266,CLEAR
2026-06-02 13:44:16,205,鹿戸 さゆり,ds8155xmxnvy,492534970266,OK
2026-06-02 13:44:42,205,吉田 崇志,ds8154x2lxbrn,492534970255,OK
2026-06-02 13:44:42,206,小林 幸香,ifmesc0003x180xgrn,492534966453,OK
2026-06-02 13:45:07,205,岡田正美,ds8154xmxblk,492534970244,NG_商品違い
2026-06-02 13:45:10,205,岡田正美,ds8155xmxblk,492534970244,OK
2026-06-02 13:45:32,205,,,492534970233,CLEAR
2026-06-02 13:45:51,206,玉木 沙季,ifmesc0003x185xwht,492534966442,OK
2026-06-02 13:47:38,205,嘉陽 智也,2012wilsonairx265x79,492534970233,OK
2026-06-02 13:48:54,206,,,492534966420,CLEAR
2026-06-02 13:49:11,205,山田 千紘,bck030x180xbkw,492534970222,OK
2026-06-02 13:49:18,206,望月 由佳,ifmesc0002x175xpnk,492534966416,OK
2026-06-02 13:50:05,202,若月 奈美,sako,492534970152,OK
2026-06-02 13:50:18,205,野田 勝利,sako,492534970211,OK
2026-06-02 13:50:47,202,石井 暁子,mz8016xlxbeg,492534970141,OK
2026-06-02 13:50:52,206,武藤 真由美,ifmesc0003x175xyel,492534966405,OK
2026-06-02 13:51:07,202,小林 麻美,memo,492534970130,OK
2026-06-02 13:51:08,210,梅谷 賀奈子,mz8048x2lxblk,492534970082,OK
2026-06-02 13:51:37,208,佐藤 章,nbmw5504eab5x265xab5,492534970174,OK
2026-06-02 13:51:51,206,三品 有香,ba36603x180xblu,492534966394,OK
2026-06-02 13:51:53,205,礒田 梨恵,4937687201061,492534970200,NG_商品違い
2026-06-02 13:52:04,202,小川 利恵,sako,492534970126,OK
2026-06-02 13:52:15,210,道添 智子,bck030x220xgry,492534970071,OK
2026-06-02 13:52:35,202,山崎 智恵,tef02x200xred,492534970115,OK
2026-06-02 13:52:39,206,渡邉孝文,ds8154x2lxgry,492534966383,OK
2026-06-02 13:52:55,205,礒田 梨恵,mz7017x220xblw,492534970200,OK
2026-06-02 13:53:18,202,高橋 雅美,tef02x215xred,492534970104,OK
2026-06-02 13:53:52,206,輝岡 翔太,ifmesc0002x160xgrn,492534966420,OK
2026-06-02 13:54:43,202,福本 泰祐,sako,492534970093,OK
2026-06-02 13:55:04,205,太田 章弘,sako,492534970196,OK
2026-06-02 13:55:42,206,市場 恵子,ifmesc0003x175xyel,492534970034,OK
2026-06-02 13:56:08,202,中谷 美咲,ba36603x190xsax,492534970045,OK
2026-06-02 13:56:42,205,伊藤 慧,2012wilsonairx280x78,492534970185,OK
2026-06-02 13:57:42,208,,,492534970163,CLEAR
2026-06-02 13:58:11,210,浅井 学,memo,492534970060,OK
2026-06-02 13:58:14,208,石嶺 大志,okinawa,492534970163,OK
2026-06-02 13:58:29,206,,,492534970362,CLEAR
2026-06-02 13:59:38,206,,,492534970362,CLEAR
2026-06-02 14:00:05,206,,,492534970362,CLEAR
2026-06-02 14:00:11,210,中川 壮志,memo,492534970056,NG_商品違い
2026-06-02 14:00:19,210,中川 壮志,ls3062fx210xblk,492534970056,OK
2026-06-03 08:55:05,206,十代博,gpu22341x280xwgn,490361214276,OK
2026-06-03 08:55:33,202,小松 玲子,sf629xmxblk,490361215190,OK
2026-06-03 08:55:46,203,池本 美沙,me3xx210x3wht,492534973840,OK
2026-06-03 08:55:47,206,松吉真友美,mmm51xlxblk,490361214265,OK
2026-06-03 08:56:02,202,中西 万波,mmm2033x2lxblk,490361215186,OK
2026-06-03 08:56:18,206,大貫亜紀,xst6032bkb260,490361214254,OK
2026-06-03 08:56:24,203,岸 順子,l204x265xbkb,492534973836,OK
2026-06-03 08:56:35,202,佐藤 和則,pk2040x265xblk,490361215175,OK
2026-06-03 08:56:58,206,奥本崇,xst6032bkb260,490361214243,OK
2026-06-03 08:57:04,203,久保田 祐衣,asahir301x220x310nvy,492534973825,OK
2026-06-03 08:57:27,206,束本 佳代,xst6033nvpkm,490361214232,OK
2026-06-03 08:57:32,202,石本 裕樹,spltm197x300xblk,490361215164,OK
2026-06-03 08:57:46,203,成田 弘幸,tu7796x280x5blk,492534973814,OK
2026-06-03 08:58:01,206,麻 達也,xst217x270xblk,490361214221,OK
2026-06-03 08:58:10,202,古松義彦,1273a124x270xbks,490361215153,OK
2026-06-03 08:58:18,203,川野将太,bck030x210xbkw,492534973803,OK
2026-06-03 08:58:36,206,菊川 俊弘,skec118431x280xblk,490361214210,OK
2026-06-03 08:58:38,202,片見 明広,tu7796x250x5blk,490361215142,OK
2026-06-03 08:58:43,203,西村光弘,bck030x210xbkw,492534973792,OK
2026-06-03 08:59:03,202,増山博子,skec141489x220xbbk,490361215131,OK
2026-06-03 08:59:07,203,中島 朋未,bck030x210xbkw,492534973781,OK
2026-06-03 08:59:11,206,渡部晃,starcrestjb60x250x605,490361214206,OK
2026-06-03 08:59:34,202,萩森恵美,skec120012x245xbbk,490361215120,OK
2026-06-03 08:59:42,203,出口 明子,cg1299xlxblk,492534973770,OK
2026-06-03 09:00:02,202,三浦 凡桂,mz8017x2lxabk,490361215116,OK
2026-06-03 09:00:19,205,,,492534973092,CLEAR
2026-06-03 09:00:29,203,村井隼斗,mz3025arx230xwht,492534973766,OK
2026-06-03 09:00:30,202,北山 亜依子,mz7017x220xabk,490361215105,OK
2026-06-03 09:00:46,206,若菜 沙奈,nikedv1033101x240x101,490361214195,OK
2026-06-03 09:00:50,205,関原 孝之,l50493x255xnvy,492534973092,OK
2026-06-03 09:00:54,202,牟禮 玲蘭,mz7017x240xabk,490361215094,OK
2026-06-03 09:01:06,203,渡辺 真由美,avv300x245xblk,492534973755,OK
2026-06-03 09:01:14,208,桑原 かずえ,l303x245xblk,490361215466,OK
2026-06-03 09:01:17,205,細川豊司,mmm2033xlxblk,492534973081,OK
2026-06-03 09:01:20,202,西本学,mfs018cx160xblk,490361215083,OK
2026-06-03 09:01:30,206,山根 眞実,bck030x230xgry,490361214184,OK
2026-06-03 09:01:39,203,高野椋平,nev817xmxblk,492534973744,OK
2026-06-03 09:01:47,205,永浦 茂樹,texcy70x280x10blk,492534973070,OK
2026-06-03 09:01:51,202,瀧浦傳平,skec120012x240xmoc,490361215072,OK
2026-06-03 09:02:10,205,岡西千晶,algy4502x220xwht,492534973066,OK
2026-06-03 09:02:16,206,遠藤 望,bck030x230xgry,490361214173,OK
2026-06-03 09:02:36,208,泉 莉恵,bck030x210xbkw,490361215820,OK
2026-06-03 09:02:37,205,岡本 桃果,rpremium2853x235xblk,492534973055,OK
2026-06-03 09:02:47,202,馬賀 清美,wilson9xx280x5blk,490361215061,OK
2026-06-03 09:02:50,203,小橋 久美子,bck030x190xgry,492534973733,OK
2026-06-03 09:03:00,206,井上 直紀,bck030x230xbeg,490361214162,OK
2026-06-03 09:03:01,205,須賀 ﾕｷｴ,l761x245x780gry,492534973044,OK
2026-06-03 09:03:11,202,野口 優,moz4273x270xblk,490361215050,OK
2026-06-03 09:03:13,203,小崎 俊之,2012wilsonairx260x73,492534973722,OK
2026-06-03 09:03:14,208,山岡 三佳,bck030x210xbkw,490361215816,OK
2026-06-03 09:03:19,205,池端 京子,l761x245x780gry,492534973033,OK
2026-06-03 09:03:37,202,四季の洋菓子 そよぎ,mz6820x2lxnvy,490361215046,OK
2026-06-03 09:03:37,205,立部 翔一,mz0800xsxblk,492534973022,OK
2026-06-03 09:03:48,206,大杉 太一,bck030x220xbeg,490361214151,OK
2026-06-03 09:04:00,202,山内正子,rc040x255xblk,490361215035,OK
2026-06-03 09:04:00,203,森家真希,mz7017x230xbeg,492534973711,OK
2026-06-03 09:04:06,205,谷村 康子,jk1313x290xwht,492534973011,OK
2026-06-03 09:04:07,208,高橋 亮太,tu7796x275xblk,490361215805,OK
2026-06-03 09:04:29,206,鎌田美紀,mz300xmxbge,490361214140,NG_商品違い
2026-06-03 09:04:31,203,大塚貴嘉,nev817x2lxbkr,492534973700,OK
2026-06-03 09:04:35,202,本條正行,va78xmxdbr,490361215024,OK
2026-06-03 09:04:35,206,鎌田美紀,mz300xlxbge,490361214140,OK
2026-06-03 09:04:36,205,伊岐見 泰成,xstreetxst241x280xjkblk,492534973000,OK
2026-06-03 09:04:43,208,川上 美乃里,wilsoncaj16012blk255,490361215794,OK
2026-06-03 09:04:59,202,三宅 佳奈,mz729x245x2bwh,490361215013,OK
2026-06-03 09:04:59,205,大矢 美佳,mz7017x230xabk,492534972996,OK
2026-06-03 09:05:10,203,本多健一,mz7017x220xblw,492534973696,OK
2026-06-03 09:05:14,206,村田 瑛子,bck030x220xgry,490361214136,OK
2026-06-03 09:05:19,205,伊藤 智代,mz7017x230xabk,492534972985,OK
2026-06-03 09:05:20,202,森本翼,ifme206315x160xblk,490361215002,OK
2026-06-03 09:05:32,208,村上 裕子,cg1299xmxblk,490361215783,OK
2026-06-03 09:05:35,203,倉吉 里佳,skr1041x240xblk,492534973685,OK
2026-06-03 09:05:43,205,小松 千晶,skec120012x245xbbk,492534972974,OK
2026-06-03 09:05:44,202,矢吹夏美,mz7017x230xblw,490361214991,OK
2026-06-03 09:05:49,206,護山 雅也,mz0800x2lxblk,490361214125,OK
2026-06-03 09:06:00,203,岩嵜智美,mz7017x220xblw,492534973674,OK
2026-06-03 09:06:08,202,ﾁｶﾗ,adsif4135x270xif4135,490361214980,OK
2026-06-03 09:06:10,205,山内 清美,pl3130blkl,492534972963,OK
2026-06-03 09:06:23,203,平岡市晟,wilsoncaj16012blk255,492534973663,OK
2026-06-03 09:06:26,206,伊佐 朋子,bck030x230xblk,490361214114,OK
2026-06-03 09:06:35,205,ｴﾄﾞﾜ-ｽﾞ ﾋﾛﾐ,mz8017xmxabk,492534972952,NG_商品違い
2026-06-03 09:06:40,208,黒神 誠志郎,wilsoncaj16012blk255,490361215772,OK
2026-06-03 09:06:54,206,蛭田 葵,bck030x230xblk,490361214103,OK
2026-06-03 09:06:56,202,萬元 美里,mz19315x250xbeg,490361214976,OK
2026-06-03 09:07:09,205,ｴﾄﾞﾜ-ｽﾞ ﾋﾛﾐ,mz8017x2lxabk,492534972952,OK
2026-06-03 09:07:18,202,中元 一成,2012wilsonairx245x76,490361214965,OK
2026-06-03 09:07:27,206,栗原 梓,bck030x220xblk,490361214092,OK
2026-06-03 09:07:28,208,石橋佳幸,asahir301x230x310blk,490361215761,OK
2026-06-03 09:07:29,205,斉藤 亮,mz8017xmxabk,492534972941,OK
2026-06-03 09:07:38,202,梅原章二,mz0800xmxblk,490361214954,OK
2026-06-03 09:07:52,205,中山 麻美,mz7017x220xabk,492534972930,OK
2026-06-03 09:08:00,202,白石貴保子,sa2814x235xbeg,490361214943,OK
2026-06-03 09:08:12,206,佐藤 彰子,mfs014cx200xblk,490361214081,OK
2026-06-03 09:08:16,205,小山 美香,mz7017x240xabk,492534972926,OK
2026-06-03 09:08:17,203,西尾 雅,mz8017xlxnvy,492534973652,OK
2026-06-03 09:08:24,202,広岡聰治,no2940x3lxkhk,490361214932,OK
2026-06-03 09:08:30,208,石川 紀子,asahir301x230x310blk,490361215750,OK
2026-06-03 09:08:38,206,山井 薫子,bck030x220xblk,490361214070,OK
2026-06-03 09:08:46,205,柳瀬美登里,pansy4410x240xblk,492534972915,OK
2026-06-03 09:08:48,202,小島 喜與徳,165hmmm951blk250,490361214921,OK
2026-06-03 09:08:51,203,吉田 星里,pw7602xmxblk,492534973641,OK
2026-06-03 09:09:10,206,渡邊 香穂,bck030x220xblk,490361214066,OK
2026-06-03 09:09:11,202,平野 美貴,b151142x245x062blk,490361214910,OK
2026-06-03 09:09:15,205,山口由香,pansy4410x240xblk,492534972904,OK
2026-06-03 09:09:28,202,,,490361214906,CLEAR
2026-06-03 09:09:31,203,西 賢司,edm235x250xwpblk,492534973630,OK
2026-06-03 09:09:31,208,仁八 善邦,tu7796x275xblk,490361215746,OK
2026-06-03 09:09:42,205,室 博志,gpu52504mx260xwhb,492534972893,OK
2026-06-03 09:09:44,206,福徳 純子,bck030x220xblk,490361214055,OK
2026-06-03 09:09:59,203,滝本良太,mz7017x220xbeg,492534973626,OK
2026-06-03 09:10:03,205,,,492534972882,CLEAR
2026-06-03 09:10:24,203,本間 香織,mz8416xlxkhk,492534973615,OK
2026-06-03 09:10:30,202,外園 麻衣,edw4324x240xlbu,490361214906,OK
2026-06-03 09:10:38,206,横山 瑠郁,bck030x190xbkw,490361214044,OK
2026-06-03 09:10:51,203,中村 大介,starcrestjb60x265x605,492534973604,OK
2026-06-03 09:10:53,202,菅原 知佳子,mz8416xmxkhk,490361214895,OK
2026-06-03 09:11:08,205,栗山 亜衣子,skec183023wx255xwht,492534972882,OK
2026-06-03 09:11:08,208,長谷川俊昭,edm235x255xwpblk,490361215735,OK
2026-06-03 09:11:11,206,高橋 初美,bck030x220xvnl,490361214033,OK
2026-06-03 09:11:12,202,百々 真由美,mz8416xmxkhk,490361214884,OK
2026-06-03 09:11:36,205,増田裕幸,mz11833arx255xwbk,492534972871,OK
2026-06-03 09:11:38,206,ﾅｳﾓｳﾞ ﾀﾗｽ,ifmesc0003x240xpnk,490361214022,OK
2026-06-03 09:11:41,202,高橋 聖二,l203x270xblk,490361214873,OK
2026-06-03 09:11:49,203,古川 翔,mz7017x210xblw,492534973593,OK
2026-06-03 09:11:54,208,久野友世,mz7017x210xsax,490361215724,OK
2026-06-03 09:11:59,205,李艶茹,jk1074x270xwht,492534972860,OK
2026-06-03 09:12:06,202,野口 その香,mz7017x230xsax,490361214862,OK
2026-06-03 09:12:13,203,月岡禎,va78xmxblk,492534973582,OK
2026-06-03 09:12:16,206,筒井 祐実,ifmesc0002x150xgrn,490361214011,OK
2026-06-03 09:12:21,205,小野寺緑,mz6820xmxnvy,492534972856,OK
2026-06-03 09:12:28,202,安倍 幸子,mk2817x245xabk,490361214851,OK
2026-06-03 09:12:44,203,岩田 依子,b151142x199xble240,492534973571,OK
2026-06-03 09:12:48,208,久保 未来,mz7017x220xblw,490361215713,OK
2026-06-03 09:12:49,205,松山 緑,dm2021x250xgry,492534972845,OK
2026-06-03 09:12:54,202,大野 剛史,l6476wet265,490361214840,OK
2026-06-03 09:13:10,203,藤塚柊,nikecn9677011x290x011,492534973560,OK
2026-06-03 09:13:19,202,中西 歌代子,mz8416xsxkhk,490361214836,OK
2026-06-03 09:13:23,208,石崎 武史,mmm2033xlxchc,490361215702,OK
2026-06-03 09:13:29,205,板谷幸子,sa2814x235xdbr,492534972834,OK
2026-06-03 09:13:43,202,阿部 友花,mz8017xlxabk,490361214825,OK
2026-06-03 09:13:55,203,村上 鷹児,fs900blkm,492534973556,OK
2026-06-03 09:14:00,205,富松 壮一朗,wilson9xx270x5blk,492534972823,OK
2026-06-03 09:14:11,202,永井 弘美,l204x250xblk,490361214814,OK
2026-06-03 09:14:12,208,磯野亜樹,4550541453194,490361215691,NG_商品違い
2026-06-03 09:14:23,206,,,490361214000,CLEAR
2026-06-03 09:14:24,208,磯野亜樹,nbgk578bkx250xbk,490361215691,OK
2026-06-03 09:14:25,205,大前 隆義,nev816xmxbeg,492534972812,OK
2026-06-03 09:14:27,203,市瀬 優和,fs900blkm,492534973545,OK
2026-06-03 09:14:36,202,澤村 泰広,arpeggiox260xgry,490361214803,OK
2026-06-03 09:14:46,206,西田 那海,bck030x220xmbu,490361213996,OK
2026-06-03 09:14:54,203,株式会社 ﾌｧﾐﾘｱ,fs900blkm,492534973534,OK
2026-06-03 09:15:04,208,寒川麻有美,gpu22341x270xwhb,490361215680,OK
2026-06-03 09:15:14,205,大島 良人,hm9050blkm,492534972801,OK
2026-06-03 09:15:17,202,山本奈緒,dnc1370x160xppl,490361214792,OK
2026-06-03 09:15:21,203,児島 美智子,fs900blkm,492534973523,OK
2026-06-03 09:15:35,205,清水 裕子,bv260426x235xblk,492534972790,NG_商品違い
2026-06-03 09:15:40,205,清水 裕子,bv260426x230xivo,492534972790,OK
2026-06-03 09:15:43,202,長浴 真澄美,mz828arawx240xpnk,490361214781,OK
2026-06-03 09:15:50,208,神崎 真紀子,parka8132whs200,490361215676,OK
2026-06-03 09:15:52,203,ﾃﾞｲｻ-ﾋﾞｽ ほ-ぷ,skec205511x280xnvy,492534973512,OK
2026-06-03 09:16:04,206,西田 祐子,bck030x220xmbu,490361213985,OK
2026-06-03 09:16:05,205,藤澤 史江,pn8134xlxnvy,492534972786,OK
2026-06-03 09:16:10,202,山下 晋吾,tr744blkl,490361214770,OK
2026-06-03 09:16:26,205,辻野武治,mz0800xmxblk,492534972775,OK
2026-06-03 09:16:32,208,森川 慎一,dj290x265xblk,490361215665,OK
2026-06-03 09:16:38,206,亀田 祐子,bck030x200xmbu,490361213974,OK
2026-06-03 09:16:39,203,岡本珠季,mz24022x235xblk,492534973501,OK
2026-06-03 09:16:43,205,永名 哲心,mz0800xmxblk,492534972764,OK
2026-06-03 09:17:05,206,本田 翔人,bck030x230xmbu,490361213963,OK
2026-06-03 09:17:10,205,松本 吉人,l203x260xnvy,492534972753,OK
2026-06-03 09:17:15,203,長尾 珠美,texcy70x245x10blk,492534973490,OK
2026-06-03 09:17:31,208,中堂佐知子,sa2814x250xblk,490361215654,OK
2026-06-03 09:17:32,205,蛭川昌美,pn8334x240xnvy,492534972742,OK
2026-06-03 09:17:41,206,林 弥生,r4360647x220xivy,490361213952,OK
2026-06-03 09:17:55,205,横田 香利奈,bck030x230xbeg,492534972731,OK
2026-06-03 09:17:59,202,下仲 達也,xstreetxst241x290xjknvy,490361214766,OK
2026-06-03 09:17:59,203,池藤 幸弥,rf0485xmxblk,492534973486,OK
2026-06-03 09:18:16,206,白井 結衣,r4360647x220xblu,490361213941,OK
2026-06-03 09:18:24,202,実川 東洋,fs900blks,490361214755,OK
2026-06-03 09:18:36,203,奥田 聖子,mz7017x210xblw,492534973475,OK
2026-06-03 09:18:40,206,川崎 香,r4360647x200xivy,490361213930,OK
2026-06-03 09:18:43,205,戸川 一美,haruta30481blk235,492534972720,OK
2026-06-03 09:19:02,205,,,492534972716,CLEAR
2026-06-03 09:19:04,202,清水隆久,rc020x255xblk,490361214744,OK
2026-06-03 09:19:08,203,田原 美奈,algy490x230x1bk,492534973464,OK
2026-06-03 09:19:08,208,吉武澄裕,2012wilsonairx280x79,490361215643,OK
2026-06-03 09:19:25,202,宮坂 ﾏﾘ,apltamm117x255xstn,490361214733,OK
2026-06-03 09:19:35,203,江藤勝隆,wilsoncaj16012blk270,492534973453,OK
2026-06-03 09:19:40,205,嵯峨久,penny6001x3lxsbg,492534972716,OK
2026-06-03 09:19:40,206,三川 那未,jp20145x180xblk,490361213926,OK
2026-06-03 09:19:53,208,田中 寿美,2012wilsonairx270x72,490361215632,OK
2026-06-03 09:19:54,202,chen yan,ifme206305x150xblu,490361214722,OK
2026-06-03 09:20:12,205,石黒 敏夫,dj295x260x310wht,492534972705,OK
2026-06-03 09:20:15,202,稲井 由紀,b151142x235x062blk,490361214711,OK
2026-06-03 09:20:17,206,伊東 夕葵,ifmesc0002x205xgrn,490361213915,OK
2026-06-03 09:20:27,208,武藤 大和,2012wilsonairx270x72,490361215621,OK
2026-06-03 09:20:33,205,江口 真実,bck030x230xbeg,492534972694,OK
2026-06-03 09:20:40,202,浅野 康行,wilsoncaj16022blk270,490361214700,OK
2026-06-03 09:20:45,206,西本 夏世,sy12080xmxblk,490361213904,OK
2026-06-03 09:20:51,203,大澤 潮,l303x245xblk,492534973442,OK
2026-06-03 09:21:00,205,久保 一輝,penny6001xlxblk,492534972683,OK
2026-06-03 09:21:03,208,米澤 佳代子,nbml515gryx270xgry,490361215610,OK
2026-06-03 09:21:05,202,坂田 千里,mz8017xmxsax,490361214696,OK
2026-06-03 09:21:15,203,片岡祐二,dm2020x260xsdg,492534973431,OK
2026-06-03 09:21:21,205,高木 早智,pl3130lgrym,492534972672,OK
2026-06-03 09:21:24,206,町畑 真希,sy12080xlxblk,490361213893,OK
2026-06-03 09:21:28,202,守田知弘,fs900dbr2l,490361214685,OK
2026-06-03 09:21:44,205,岩月 菜恵,ifme205318x170x13ppl,492534972661,OK
2026-06-03 09:21:46,203,澤田 知恵,fkr1363x180xbkr,492534973420,OK
2026-06-03 09:21:53,202,増野 梨紗,mz8017x2lxblw,490361214674,OK
2026-06-03 09:21:56,206,渡辺孝昭,ba36603x170xblu,490361213882,OK
2026-06-03 09:22:15,203,柴原 圭子,parka8132whs210,492534973416,OK
2026-06-03 09:22:17,202,中山 彩乃,mz8017x2lxblw,490361214663,OK
2026-06-03 09:22:38,205,廣瀬伸,l50456x255xblk,492534972650,OK
2026-06-03 09:22:38,206,倉八 満理菜,ifmesc0003x160xblu,490361213871,OK
2026-06-03 09:22:47,203,川上幸子,va78xlxblk,492534973405,OK
2026-06-03 09:23:08,205,奥村 剛一,2012wilsonairx270x78,492534972646,OK
2026-06-03 09:23:08,206,村田 允恵,ba36603x210xblk,490361213860,OK
2026-06-03 09:23:08,208,齋藤 英範,edm235x280xwpblk,490361215606,OK
2026-06-03 09:23:15,203,林遥香,va78xlxblk,492534973394,OK
2026-06-03 09:23:16,202,小松北斗,wilson1901x280xblk,490361214652,OK
2026-06-03 09:23:31,205,松井 竜也,2012wilsonairx270x78,492534972635,OK
2026-06-03 09:23:37,202,浅堀 大,2012wilsonairx265x79,490361214641,OK
2026-06-03 09:23:56,205,津坂 一美,l303x225xblk,492534972624,OK
2026-06-03 09:23:56,208,三崎 美保,jk1074x235xwht,490361215595,OK
2026-06-03 09:24:08,203,小林 敦子,pw7602xsxblk,492534973383,OK
2026-06-03 09:24:10,202,柏田 美紗,2012wilsonairx265x70,490361214630,OK
2026-06-03 09:24:23,205,須賀 芳浩,2012wilsonairx290x70,492534972613,OK
2026-06-03 09:24:34,202,山口 知希,tu7796x250xblk,490361214626,OK
2026-06-03 09:24:42,208,村井 美幸,im6620x245x6620bl,490361215584,OK
2026-06-03 09:24:47,203,福永 誠,pw7602x3lxblk,492534973372,OK
2026-06-03 09:24:47,205,神足 依里,2012wilsonairx290x70,492534972602,OK
2026-06-03 09:24:56,202,藤澤尚矢,nev817x2lxblk,490361214615,OK
2026-06-03 09:25:07,205,,,492534972591,CLEAR
2026-06-03 09:25:19,202,林 香奈,nev817x2lxblk,490361214604,NG_商品違い
2026-06-03 09:25:24,203,堀田健太郎,mz7017x210xgry,492534973361,OK
2026-06-03 09:25:30,202,林 香奈,moz491x2lxbkw,490361214604,OK
2026-06-03 09:25:37,208,田辺誠,fs900blkm,490361215573,OK
2026-06-03 09:25:50,203,藤井 修,jk1074x250xwht,492534973350,OK
2026-06-03 09:25:59,202,新井 織園,mz7017x190xsax,490361214593,OK
2026-06-03 09:26:05,206,,,490361213856,CLEAR
2026-06-03 09:26:18,203,佐藤 善光,pw7602xlxblk,492534973346,OK
2026-06-03 09:26:19,206,春日 真帆,ba36603x190xsax,490361213845,OK
2026-06-03 09:26:21,202,熱海健太,2012wilsonairx270x70,490361214582,OK
2026-06-03 09:26:27,205,朝居 真実,mz710x240xpnk,492534972591,OK
2026-06-03 09:26:31,208,尾登 伸彦,mz7017x210xbeg,490361215562,OK
2026-06-03 09:26:46,202,,,490361214571,CLEAR
2026-06-03 09:26:50,205,吉村 竜輝,xstreetxst241x290xjknvy,492534972580,OK
2026-06-03 09:26:53,203,白土 美樹子,pw7602xlxblk,492534973335,OK
2026-06-03 09:26:57,206,ｴﾙﾃﾞﾝﾊﾞﾔﾗ,2012dietslippers1pnkfree,490361213834,OK
2026-06-03 09:27:13,208,菊地 理,fs900blkm,490361215551,OK
2026-06-03 09:27:23,205,関田 悦子,moz491xmxbkw,492534972576,OK
2026-06-03 09:27:38,206,後藤 拓人,ds8155xlxblk,490361213823,NG_商品違い
2026-06-03 09:27:41,206,後藤 拓人,ds8154xlxbrn,490361213823,NG_商品違い
2026-06-03 09:27:45,202,藤本 菜緒,mz8417xsxbrn,490361214571,OK
2026-06-03 09:27:49,205,佐藤 和奏,mz8017xsxabk,492534972565,OK
2026-06-03 09:27:49,206,後藤 拓人,ds8154x2lxblk,490361213823,OK
2026-06-03 09:28:12,202,遠藤 由里子,mz6221x250xgry,490361214560,OK
2026-06-03 09:28:13,203,中川 彩愛,pw7602xlxblk,492534973324,OK
2026-06-03 09:28:17,208,土屋 知子,mz8416xlxkhk,490361215540,OK
2026-06-03 09:28:32,205,元屋 紀幸,dj3567x270x6blk,492534972554,OK
2026-06-03 09:28:37,202,桑山 英昭,lg1700x270xnvy,490361214556,OK
2026-06-03 09:28:53,203,前手彩友紀,rbk10021257mx280xbws,492534973313,OK
2026-06-03 09:29:00,205,高杉 京子,pn8299x230xwht,492534972543,OK
2026-06-03 09:29:03,202,佐藤 茂樹,sngyuv01x250xslm,490361214545,OK
2026-06-03 09:29:04,208,目野 葵,mz8017xsxsax,490361215536,OK
2026-06-03 09:29:14,206,小林 勝彦,ds8154x2lxblk,490361213812,OK
2026-06-03 09:29:25,203,長谷川 沙依,hmz5504x240xnvy,492534973302,OK
2026-06-03 09:29:29,205,丸山 久仁豊,dr6255x265xblk,492534972532,OK
2026-06-03 09:29:42,206,藤井 香,ds8154xlxblk,490361213801,OK
2026-06-03 09:29:52,203,小野 泰寛,pw7602xmxblk,492534973291,OK
2026-06-03 09:29:52,208,中島輪子,mz7017x210xblw,490361215525,OK
2026-06-03 09:29:58,205,八代正幸,wilson9xx250x6dbr,492534972521,OK
2026-06-03 09:30:16,206,西村 啓吾,ds8154xmxblk,490361213790,OK
2026-06-03 09:30:26,203,難波 理恵,pw7602x2lxblk,492534973280,OK
2026-06-03 09:30:28,205,ﾃｨ-ｽﾞﾊﾟ-ｸ内 牧村,jk1074x255xblk,492534972510,OK
2026-06-03 09:30:41,206,渡邊 学,ds8154xmxgry,490361213786,OK
2026-06-03 09:30:41,208,高村 昭寛,tr744dbrs,490361215514,OK
2026-06-03 09:30:54,205,北村 香絵,fs900blks,492534972506,OK
2026-06-03 09:31:16,203,渡邊 優希,pw7602xmxblk,492534973276,OK
2026-06-03 09:31:17,205,足立 正之,fs900blks,492534972495,OK
2026-06-03 09:31:19,206,,,490361213775,CLEAR
2026-06-03 09:31:33,208,本田 薫,ls4034x190xblk,490361215503,OK
2026-06-03 09:31:44,205,網田 大仁,wilsoncaj16022blk270,492534972484,OK
2026-06-03 09:31:51,206,粕谷 安沙子,490361213775,490361213775,NG_商品違い
2026-06-03 09:31:55,203,金子 克巳,edm235x260xwpblk,492534973265,OK
2026-06-03 09:32:02,202,亀崎 孝広,wilson1901x260xblk,490361214534,OK
2026-06-03 09:32:13,208,飯田征男,edm235x270xwpbrn,490361215492,OK
2026-06-03 09:32:16,205,瀧本 哲郎,wilsoncaj16022blk270,492534972473,OK
2026-06-03 09:32:18,203,江崎 功,edm235x260xwpblk,492534973254,OK
2026-06-03 09:32:38,202,仲内 要二,2012wilsonairx280x70,490361214523,OK
2026-06-03 09:32:40,205,今井江津子,0199252071484,492534972462,NG_商品違い
2026-06-03 09:32:40,206,粕谷 安沙子,bck030x210xbkw,490361213775,OK
2026-06-03 09:32:45,205,今井江津子,skec120012x235xbbk,492534972462,OK
2026-06-03 09:32:48,203,松田 佑梨,ls6018x230xdnm,492534973243,OK
2026-06-03 09:32:49,208,鈴木 康雄,edm235x270xwpbrn,490361215481,OK
2026-06-03 09:33:03,202,酒井裕靖 酒井裕靖,l204x270xblk,490361214512,OK
2026-06-03 09:33:08,203,,002,002,NG_伝票未登録
2026-06-03 09:33:09,205,清水 早香,ifme203314x145x02beg,492534972451,OK
2026-06-03 09:33:17,203,後藤 はんな,mz7017x220xsax,492534973232,OK
2026-06-03 09:33:25,202,飯田 浩司,dj360x255xbkb,490361214501,OK
2026-06-03 09:33:37,208,石川志保,avv5891xmxblk,490361215470,OK
2026-06-03 09:33:43,203,松岡 優美,aj221a7blk270,492534973221,OK
2026-06-03 09:33:44,205,村井 紀太郎,skec120012x250xnat,492534972440,OK
2026-06-03 09:33:50,202,佐々木信博,dr6265x265xlbr,490361214490,OK
2026-06-03 09:34:10,203,天野 紘平,xst6032bkwh270,492534973210,OK
2026-06-03 09:34:11,208,,,490361215455,CLEAR
2026-06-03 09:34:12,205,島口 典子,pl3130cmlm,492534972436,OK
2026-06-03 09:34:19,202,乾勝好,dm2020x255xsdg,490361214486,OK
2026-06-03 09:34:41,205,向井 たかあき,l6075x270xblk,492534972425,OK
2026-06-03 09:34:44,203,津曲 勇大,skec118431x260xblk,492534973206,OK
2026-06-03 09:34:49,206,ﾄｸﾅｶﾞﾅｵｷ,kg4060x1508blk270,490361213764,OK
2026-06-03 09:34:53,202,多橋 外喜夫,l6075x260xwet,490361214475,OK
2026-06-03 09:35:03,205,宮坂明利,algy4502x210xblk,492534972414,OK
2026-06-03 09:35:14,203,池原 竜次,mz0800xlxblk,492534973195,OK
2026-06-03 09:35:26,205,大森 光浩,edm235x265xwpblk,492534972403,OK
2026-06-03 09:35:39,203,近本匡喜,mz0800xlxblk,492534973184,OK
2026-06-03 09:35:49,202,金津 侑希,ifme305317x155xpnk,490361214464,OK
2026-06-03 09:35:51,205,來田 康平,nev816x2lxblk,492534972392,OK
2026-06-03 09:36:09,208,古賀 真琴,mz3025arx245xmlt,490361215455,OK
2026-06-03 09:36:12,203,松田 守男,spltm196x250xblk,492534973173,OK
2026-06-03 09:36:16,202,町田 弥生,ll70608xsxblk,490361214453,OK
2026-06-03 09:36:39,205,橋本 優紀,mz8017x2lxbeg,492534972381,OK
2026-06-03 09:36:43,202,北村保徳,pl3130cmls,490361214442,OK
2026-06-03 09:36:52,203,下條 しげみ,annanicola377blkbkm,492534973162,OK
2026-06-03 09:37:03,205,高田充展,starcrestjb60x265x607,492534972370,OK
2026-06-03 09:37:08,208,奥田 怜奈,ls4034x200xivr,490361215444,OK
2026-06-03 09:37:12,202,高梨 秀章,fs900blkl,490361214431,OK
2026-06-03 09:37:25,205,下山盛朗,jk1313x300xblk,492534972366,OK
2026-06-03 09:37:40,202,田川 竜也,fs900blkl,490361214420,OK
2026-06-03 09:37:47,205,堀 華子,ifme205318x180x13nvy,492534972355,OK
2026-06-03 09:37:59,208,二之宮 秀勇,starcrestjb60x270x604,490361215433,OK
2026-06-03 09:38:08,202,清水 由美子,l303x235xgry,490361214416,OK
2026-06-03 09:38:17,205,福井啓智,4963527572558,492534972344,NG_商品違い
2026-06-03 09:38:27,202,小西 勇人,fs900dbrs,490361214405,OK
2026-06-03 09:38:30,205,福井啓智,doq7572x2lxnvy,492534972344,OK
2026-06-03 09:38:44,208,黒須 加奈子,wilson9xx255x6blk,490361215422,OK
2026-06-03 09:38:53,202,林 浩一,rbks130x260xblk,490361214394,OK
2026-06-03 09:39:01,203,堀川泰彦,aj221a7blk270,492534973151,OK
2026-06-03 09:39:05,205,南 良紀,l50493x270xblk,492534972333,OK
2026-06-03 09:39:14,202,青野 研一,wilsoncaj16012blk265,490361214383,OK
2026-06-03 09:39:28,203,渕 ｴﾂ子,mz8017xlxblw,492534973140,OK
2026-06-03 09:39:33,208,鈴木 亜実,mz19315x250x2366blk,490361215411,OK
2026-06-03 09:39:34,205,,,492534972322,CLEAR
2026-06-03 09:39:52,202,稲川香奈,rbk10021257lx240xbbg,490361214372,OK
2026-06-03 09:40:07,203,木野 那津子,edw151208xlxnvy,492534973136,OK
2026-06-03 09:40:15,202,半澤 祥恵,tef02x200xblu,490361214361,OK
2026-06-03 09:40:21,208,佐藤 武雄,xst6032bkwh280,490361215400,OK
2026-06-03 09:40:31,203,山仲 廣司,skc232457x270xbkcc,492534973125,OK
2026-06-03 09:41:03,205,滝澤 泰子,pansy4410x225xblk,492534972322,OK
2026-06-03 09:41:05,203,岩田 侑希,ifme306317x160xsax,492534973114,OK
2026-06-03 09:41:23,205,森井 明子,bt60xa6blk240,492534972311,OK
2026-06-03 09:41:31,203,藤原 晴美,annanicola377blkbks,492534973103,OK
2026-06-03 09:41:35,208,山形 実那子,pw7602xlxblk,490361215396,OK
2026-06-03 09:41:41,202,門田里紗,mz7018x230xnvy,490361214350,OK
2026-06-03 09:41:47,205,島袋 操,l6236x260xwbk,492534972300,OK
2026-06-03 09:42:12,205,比舍修,du6009x290xblk,492534972296,OK
2026-06-03 09:42:16,202,中村 綾乃,mz7018x230xblk,490361214346,OK
2026-06-03 09:42:16,208,塩見 有紀,pw7602xlxblk,490361215385,OK
2026-06-03 09:42:45,205,柳田 裕美,mk2817x230xblk,492534972285,OK
2026-06-03 09:42:53,202,小石沢 勝利,penny9907x280xjkwht,490361214335,OK
2026-06-03 09:42:56,208,石川 詩乃,mz710x240xpnk,490361215374,OK
2026-06-03 09:43:22,202,高橋 順子,mz8048xsxblk,490361214324,OK
2026-06-03 09:43:35,206,高水 映季,wilsoncaj16012blk255,490361213753,OK
2026-06-03 09:43:38,208,小松 淳也,165hmmm951blk270,490361215363,OK
2026-06-03 09:43:48,202,井上 正一,l203x260xblk,490361214313,OK
2026-06-03 09:44:18,202,門田里紗,mz7018x220xblk,490361214302,OK
2026-06-03 09:44:21,208,佐藤 友里,pw7602xmxblk,490361215352,OK
2026-06-03 09:44:46,202,松本 美香,mz710x245xblk,490361214291,OK
2026-06-03 09:44:57,206,山本 陽子,mz7017x220xsax,490361213742,OK
2026-06-03 09:45:13,202,角尾 由香里,fs900dbrm,490361214280,OK
2026-06-03 09:45:17,205,乙津昌子,nb22act30x230xtwh,492534972274,OK
2026-06-03 09:45:30,208,,,490361215341,CLEAR
2026-06-03 09:46:07,208,大木 由美子,mz498x2lxblk,490361215341,OK
2026-06-03 09:46:29,206,森 真弓,bck030x200xgry,490361213731,OK
2026-06-03 09:46:52,208,加賀谷朝子,puoe51530xsxivo,490361215330,OK
2026-06-03 09:47:42,208,老谷 由香,penny6001xmxgry,490361215326,OK
2026-06-03 09:48:04,205,,,492534972263,CLEAR
2026-06-03 09:48:11,203,高橋 紀子,bck030x230xpcc,492534971740,OK
2026-06-03 09:48:30,208,鈴木広己,2012wilsonairx260x76,490361215315,OK
2026-06-03 09:48:49,205,松村 麻由子,moz491xmxblk,492534972263,OK
2026-06-03 09:48:50,206,程田 一子,arpeggiox255xblk,490361213720,OK
2026-06-03 09:49:19,203,野海 沢子,ifmesc0002x150xgrn,492534971736,OK
2026-06-03 09:49:22,205,高橋 洋子,moz491xmxblk,492534972252,OK
2026-06-03 09:49:50,205,兒玉 陽介,fs900blk2l,492534972241,OK
2026-06-03 09:49:52,203,戸屋 房美,ifmesc0002x240xwht,492534971725,OK
2026-06-03 09:50:02,206,中坪 俊一,spltm196x250xnvy,490361213716,OK
2026-06-03 09:50:16,202,古平 悠真,2012wilsonairx265x78,492534971994,OK
2026-06-03 09:50:18,205,市川 徹,fs900blkl,492534972230,OK
2026-06-03 09:50:32,203,水口 美咲,ifmesc0003x175xgrn,492534971714,OK
2026-06-03 09:50:41,202,梅邑 隆志,xst6032bkb260,492534971983,OK
2026-06-03 09:50:44,205,井上 暁奈,l6476wet280,492534972226,OK
2026-06-03 09:51:06,203,長浦 里奈,bck030x210xmbu,492534971703,OK
2026-06-03 09:51:11,205,川村 正剛,fs900dbrs,492534972215,OK
2026-06-03 09:51:17,202,内野寛之,2012wilsonairx265x71,492534971972,OK
2026-06-03 09:51:18,206,水野恵一郎,l6476wet265,490361213705,OK
2026-06-03 09:51:23,208,,,490361215304,CLEAR
2026-06-03 09:51:37,203,為谷 典子,bck030x190xmbu,492534971692,OK
2026-06-03 09:51:37,205,大島 良人,hm9050khkm,492534972204,OK
2026-06-03 09:51:43,202,吉本 俊哉,2012wilsonairx265x71,492534971961,OK
2026-06-03 09:51:56,208,鳴海吾一,adsjs3565x265xjs3565,490361215293,OK
2026-06-03 09:52:01,205,東 幸宏,edm235x265xwpbrn,492534972193,OK
2026-06-03 09:52:09,202,田辺文美恵,peanutspn8x245x2whw,492534971950,OK
2026-06-03 09:52:16,203,下 知弓,bck030x200xmbu,492534971681,OK
2026-06-03 09:52:28,202,神長 優子,ifme205318x180x13org,492534971946,OK
2026-06-03 09:52:28,205,山口 真理,mz8016x2lxabk,492534972182,OK
2026-06-03 09:52:39,206,谷口 祐実,jk1313x280xblk,490361213694,OK
2026-06-03 09:52:40,203,納本 美央,bck030x230xmbu,492534971670,OK
2026-06-03 09:52:51,208,猪塚大輔,mz5815x270xblk,490361215282,OK
2026-06-03 09:52:56,205,今沢 美奈子,mz408xlxbkw,492534972171,OK
2026-06-03 09:53:01,202,佐藤 由利子,bck030x230xgry,492534971935,OK
2026-06-03 09:53:14,203,山中 あや子,r4360647x210xivy,492534971666,OK
2026-06-03 09:53:19,205,小出 奈美,l203x260xbkb,492534972160,OK
2026-06-03 09:53:46,202,佐藤 奈都子,bck030x220xbeg,492534971924,OK
2026-06-03 09:53:47,203,佐藤康幸,r4380047x230xtdb,492534971655,OK
2026-06-03 09:53:48,206,福島 理沙,pl1315xlxgry,490361213683,OK
2026-06-03 09:53:51,208,松尾則光,spltm196x250xnvy,490361215271,OK
2026-06-03 09:53:52,205,矢野 貴子,fkr1363x230xbkr,492534972156,OK
2026-06-03 09:54:13,205,藤川 志穂,mz7017x200xabk,492534972145,OK
2026-06-03 09:54:19,202,原井 有加,bck030x220xbeg,492534971913,OK
2026-06-03 09:54:28,203,平尾 佑香,r4360647x230xblu,492534971644,OK
2026-06-03 09:54:41,205,香川耕平,spltm196x280xnvy,492534972134,OK
2026-06-03 09:54:52,208,太田 幸歩,annanicola377blkbkm,490361215260,OK
2026-06-03 09:54:55,202,宮城 桂,skec205046x260xcdb,492534971902,OK
2026-06-03 09:55:16,206,加藤 利明,2012wilsonairx270x73,490361213672,OK
2026-06-03 09:55:32,208,吉村 多鶴,annanicola377blkbkm,490361215256,OK
2026-06-03 09:55:34,205,赤崎 健一,xstreetxst241x280xjkwht,492534972123,OK
2026-06-03 09:55:38,203,城下 雅美,ifmesc0002x190xpnk,492534971633,OK
2026-06-03 09:55:59,205,森脇譽雄,spltm196x260xnvy,492534972112,OK
2026-06-03 09:56:03,206,十川 正夫,2012wilsonairx255x78dbr,490361213661,OK
2026-06-03 09:56:09,202,高山 千穂,bck030x220xgry,492534971891,OK
2026-06-03 09:56:11,208,石渡 真美,annanicola377blkbkm,490361215245,OK
2026-06-03 09:56:16,203,谷村 あゆみ,ifmesc0002x190xwht,492534971622,OK
2026-06-03 09:56:30,205,渡邊 千里,alb5503x265xwht,492534972101,OK
2026-06-03 09:56:39,202,須賀 沙季,ifme205303x150xpnk,492534971880,OK
2026-06-03 09:56:47,206,古賀里香,peanutspn8x235x2wbk,490361213650,NG_商品違い
2026-06-03 09:56:53,203,長谷川 千代子,ifmesc0002x185xblu,492534971611,OK
2026-06-03 09:56:58,208,米澤 貴子,tz2350x240xblk,490361215234,OK
2026-06-03 09:57:01,205,新村 佳子,mz8048xsxblk,492534972090,OK
2026-06-03 09:57:11,206,古賀里香,peanutspn8x225x2whw,490361213650,OK
2026-06-03 09:57:14,202,副島 朋美,bck030x230xblk,492534971876,OK
2026-06-03 09:57:30,205,杉山 利佳,165hmmm951blk260,492534972086,OK
2026-06-03 09:57:32,208,,,490361215223,CLEAR
2026-06-03 09:57:35,203,高橋裕子,sp1296xmx9bk,492534971600,OK
2026-06-03 09:57:41,202,塩屋 絵美,bck030x230xblk,492534971865,OK
2026-06-03 09:57:54,205,萱原 佑美,mz7017x240xbeg,492534972075,OK
2026-06-03 09:58:01,206,宮渕 良享,2012wilsonairx270x70,490361213646,OK
2026-06-03 09:58:08,202,中村 里理,bck030x230xblk,492534971854,OK
2026-06-03 09:58:18,205,平松 たい子,l761x230x780blk,492534972064,OK
2026-06-03 09:58:21,203,平野 麻由子,ifmesc0002x165xblu,492534971596,OK
2026-06-03 09:58:32,206,,,490361213635,CLEAR
2026-06-03 09:58:43,205,村上 とも,l761x240x780blk,492534972053,OK
2026-06-03 09:58:51,202,木村 明香,bck030x230xblk,492534971843,OK
2026-06-03 09:58:53,203,岡崎 智子,mrh-gf5057x230xgry,492534971585,OK
2026-06-03 09:59:11,205,山崎 寛之,fs900dbrl,492534972042,OK
2026-06-03 09:59:22,202,福井 彰吾,1273a110x260x100,492534971832,OK
2026-06-03 09:59:34,203,前田修一,sy12080x2lxbge,492534971574,OK
2026-06-03 09:59:37,205,齊藤 玄己,lg1700x280xblk,492534972031,OK
2026-06-03 09:59:37,206,中西彩里衣,bck030x210xpcc,490361213635,OK
2026-06-03 09:59:53,202,太田 智絵,bck030x220xblk,492534971821,OK
2026-06-03 09:59:57,205,,,492534972020,CLEAR
2026-06-03 10:00:11,208,小山内 聖子,mz19315x240xnvy,490361215223,OK
2026-06-03 10:00:16,202,前堀麿帆,bck030x220xblk,492534971810,OK
2026-06-03 10:00:18,203,冨田 泰三,sk4920xlxwht,492534971563,OK
2026-06-03 10:00:33,206,坂本 修一,bck030x200xvnl,490361213624,OK
2026-06-03 10:00:42,202,秋山 梨香,ifme205318x185x13org,492534971806,OK
2026-06-03 10:00:45,205,長尾 知春,mz11335arx270xrdw,492534972020,OK
2026-06-03 10:00:47,203,惟村 知枝美,ba36603x210xblk,492534971552,OK
2026-06-03 10:00:51,208,堀江 澄子,skec120012x250xbbk,490361215212,OK
2026-06-03 10:01:12,205,萩原 健,wilson1901x260xdbr,492534972016,OK
2026-06-03 10:01:15,202,高木 邦江,skec246205x260xryl,492534971795,OK
2026-06-03 10:01:28,208,山路 美香,165hmmm951blk240,490361215201,OK
2026-06-03 10:01:31,203,真田 佑美,ifmesc0003x235xgrn,492534971541,OK
2026-06-03 10:01:35,205,門脇温子,bv260426x240xblk,492534972005,OK
2026-06-03 10:01:46,202,北村 祐貴,bck030x200xvnl,492534971784,OK
2026-06-03 10:02:09,202,大澤 友紀博,bck030x220xvnl,492534971773,OK
2026-06-03 10:02:10,203,須田 彰子,ba36603x190xblu,492534971530,OK
2026-06-03 10:02:22,206,伊集院 芳恵,ifmesc0002x185xyel,490361213613,OK
2026-06-03 10:02:30,202,岩谷 由香里,bck030x230xvnl,492534971762,OK
2026-06-03 10:02:47,203,松川 香央梨,ifmesc0003x200xgrn,492534971526,OK
2026-06-03 10:02:55,202,安字井 三佳,bck030x220xpcc,492534971751,OK
2026-06-03 10:02:59,208,,,490361215304,CLEAR
2026-06-03 10:03:20,206,川嶋 真弓,ifmesc0002x200xblu,490361213602,OK
2026-06-03 10:03:29,203,市川 峻,ifmesc0003x155xblu,492534971515,OK
2026-06-03 10:04:15,206,西田 成美,ifmesc0002x160xpnk,490361213591,OK
2026-06-03 10:04:34,203,今井 こころ,ifmesc0003x155xwht,492534971504,OK
2026-06-03 10:05:10,203,塚田 七海,2012dietslippersxfreexnvy,492534971493,OK
2026-06-03 10:05:26,202,西野 かいと,2012wilsonairx290x70,492534971342,OK
2026-06-03 10:06:40,206,,,490361213580,CLEAR
2026-06-03 10:08:23,202,竹下 恵美,pn8403x230xblk,492534971331,OK
2026-06-03 10:08:41,208,,,490361215304,CLEAR
2026-06-03 10:08:57,203,,,492534971482,CLEAR
2026-06-03 10:09:58,208,川崎 敬好,tu7796x260x7blk,492534971401,OK
2026-06-03 10:10:26,203,新井 多恵子,ds8155xlxblk,492534971471,OK
2026-06-03 10:10:31,202,今西悦隆,wilson1901x265xblk,492534971320,OK
2026-06-03 10:11:25,202,南部博明,starcrestjb60x260x605,492534971316,NG_商品違い
2026-06-03 10:11:29,202,南部博明,2012wilsonairx260x79,492534971316,OK
2026-06-03 10:11:29,206,,,490361213580,CLEAR
2026-06-03 10:11:51,208,森谷 英紀,edm235x270xwpbrn,492534971390,OK
2026-06-03 10:12:26,203,柴田輝章,ds8154xlxnvy,492534971460,OK
2026-06-03 10:12:27,205,,,490361213856,CLEAR
2026-06-03 10:13:03,202,高橋 智代,sako,492534971305,OK
2026-06-03 10:13:12,203,山本 寿則,ds8154x2lxnvy,492534971456,OK
2026-06-03 10:13:16,205,,,490361214000,CLEAR
2026-06-03 10:13:28,205,,,490361213856,CLEAR
2026-06-03 10:13:47,203,渡辺 聖司,ds8154x2lxnvy,492534971445,OK
2026-06-03 10:14:24,203,山川真弓,ds8154x2lxgry,492534971434,OK
2026-06-03 10:14:28,202,原 穫,ifmesc0002x170xwht,492534971261,OK
2026-06-03 10:15:15,206,鈴木 久恵,ifmesc0003x215xyel,490361214000,OK
2026-06-03 10:15:21,202,佐藤 良美,bck030x220xmbu,492534971294,OK
2026-06-03 10:16:43,203,望月 亜矢子,ba36603x210xblk,492534971423,OK
2026-06-03 10:17:08,202,岡 愛弓,bck030x190xmbu,492534971283,OK
2026-06-03 10:18:14,202,長谷川 沙依,bck030x200xbkw,492534971272,OK
2026-06-03 10:18:35,203,中牧 佑輔,l204x280xdgy,492534971412,OK
2026-06-03 10:19:20,202,上條 愛,ifmesc0003x230xblu,492534971250,OK
2026-06-03 10:20:22,203,角谷 良一,ds8154xlxgry,492534971482,OK
2026-06-03 10:21:59,202,大城 美由樹,okinawa,492534971364,OK
2026-06-03 10:22:01,208,白川 恵久,starcrestjb60x260x601,492534971386,OK
2026-06-03 10:22:52,202,那須 圭士郎,penny6001x2lxsbg,492534971353,OK
2026-06-03 10:23:31,202,山崎守,b151142oke235,492534971375,OK
2026-06-03 11:31:30,208,福嶋慶治,doq7572xmxbeg,490363282765,OK
2026-06-03 11:31:52,202,坂元梨雅,asahir307x235xnvy,490363283196,OK
2026-06-03 11:32:07,205,,,492534975030,CLEAR
2026-06-03 11:32:09,208,小城 克幸,2012wilsonairx270x78,490363282754,OK
2026-06-03 11:32:34,202,矢吹夏美,mz7017x230xsax,490363283185,NG_商品違い
2026-06-03 11:32:37,202,矢吹夏美,mz7017x200xsax,490363283185,OK
2026-06-03 11:32:52,203,中原 さやか,4550230408528,492534974234,NG_商品違い
2026-06-03 11:32:59,205,,,492534975030,CLEAR
2026-06-03 11:33:06,206,,,492534974595,CLEAR
2026-06-03 11:33:08,203,中原 さやか,4550230408528,492534974234,NG_商品違い
2026-06-03 11:33:14,202,川端 愛,va41x230x5blk,490363283174,OK
2026-06-03 11:33:19,203,中原 さやか,bck030x230xbkw,492534974234,OK
2026-06-03 11:33:21,205,野口 紋子,pk2001x240xblk,492534975026,OK
2026-06-03 11:33:37,206,三島 和樹,fs900blks,492534974562,OK
2026-06-03 11:33:47,205,天野 賢吾,tu8002x270x025,492534975015,OK
2026-06-03 11:33:48,202,森 知世,va703x200xbky,490363283163,OK
2026-06-03 11:33:51,208,早川 義弘,fs900blks,490363282743,OK
2026-06-03 11:34:04,203,藤村 貴美,bck030x190xpcc,492534974223,OK
2026-06-03 11:34:07,206,林 省吾,fs900blks,492534974551,OK
2026-06-03 11:34:12,205,小峰 幸恵,mz7017x210xnvy,492534975004,OK
2026-06-03 11:34:22,202,山岡 友恵,mz8416xsxkhk,490363283152,OK
2026-06-03 11:34:31,205,工藤 由希,mz7017x210xnvy,492534974993,OK
2026-06-03 11:34:32,208,田中 澪,fs900blks,490363282732,OK
2026-06-03 11:34:36,206,都築祥代,skec120012x230xbbk,492534974540,OK
2026-06-03 11:34:45,203,津田 瑶子,bck030x230xbkw,492534974212,OK
2026-06-03 11:34:58,202,江頭 麻裕子,mz8416xsxkhk,490363283141,OK
2026-06-03 11:35:03,205,鈴木 紀男,spltm195blk250,492534974982,OK
2026-06-03 11:35:04,206,南 大輝,2012wilsonairx265x70,492534974536,OK
2026-06-03 11:35:12,208,武内 喜彦,fs900blks,490363282721,OK
2026-06-03 11:35:19,203,村上 紗希,bck030x230xbkw,492534974201,OK
2026-06-03 11:35:31,205,森田 瞳,msadv01wts225,492534974971,OK
2026-06-03 11:35:35,202,山田 綾子,mz7017x240xblw,490363283130,OK
2026-06-03 11:35:51,203,佐脇 有美,bck030x210xbkw,492534974190,OK
2026-06-03 11:35:57,206,山崎 暖,puma311996mx280x01,492534974525,OK
2026-06-03 11:36:00,205,黒瀧慎二,mz6222x260xblk,492534974960,OK
2026-06-03 11:36:04,202,濱本 侑希,annanicola377blkbkl,490363283126,OK
2026-06-03 11:36:13,208,猪俣 慶吾,fs900blks,490363282710,OK
2026-06-03 11:36:31,205,株式会社 新星冷熱,rc020x270xblk,492534974956,OK
2026-06-03 11:36:38,206,高橋 京子,lg1700x265xblk,492534974514,OK
2026-06-03 11:36:43,203,石黒 慶,4582392205257,492534974186,NG_商品違い
2026-06-03 11:36:44,202,金子 麻見子,mz8017xmxabk,490363283115,OK
2026-06-03 11:36:53,205,Shen Huang Emma,mz0800xlxblk,492534974945,OK
2026-06-03 11:37:01,203,石黒 慶,r4380047x190xblk,492534974186,OK
2026-06-03 11:37:03,206,田中 謙史郎,2012wilsonairx270x70,492534974503,OK
2026-06-03 11:37:12,208,笠原 悟,wilsoncaj16022blk270,490363282706,OK
2026-06-03 11:37:14,205,一ﾉ瀬優美子,nbgk578bkx230xbk,492534974934,OK
2026-06-03 11:37:28,202,生田 樹,fs900blkm,490363283104,OK
2026-06-03 11:37:36,205,武山 麻紀,mz8016x2lxabk,492534974923,NG_商品違い
2026-06-03 11:37:38,206,沼田 鈴江,lg1700x225xnvy,492534974492,OK
2026-06-03 11:37:53,208,杉本将基,du6009x280xblk,490363282695,OK
2026-06-03 11:37:58,205,武山 麻紀,mz8016xmxabk,492534974923,OK
2026-06-03 11:38:06,206,穂山直人,2012wilsonairx255x72,492534974481,NG_商品違い
2026-06-03 11:38:08,202,大住 一也,fs900blkm,490363283093,OK
2026-06-03 11:38:09,203,海光 沙貴,sy12080xlxblk,492534974175,OK
2026-06-03 11:38:28,205,金子晋一郎,tu8002x250x008,492534974912,OK
2026-06-03 11:38:49,206,,,492534974481,CLEAR
2026-06-03 11:39:00,205,落合 隆,dm2011x250xwhb,492534974901,OK
2026-06-03 11:39:00,206,平岡 貴雄,spltm196x265xblk,492534974470,OK
2026-06-03 11:39:11,208,伊藤 翔一,2012wilsonairx270x70,490363282684,OK
2026-06-03 11:39:26,206,矢野 浩通,fs900blk2l,492534974466,OK
2026-06-03 11:39:27,202,菊澤 一郎,edm235x260xwpblk,490363283082,OK
2026-06-03 11:39:31,205,上野光由記,dcs606xxlxbrw,492534974890,OK
2026-06-03 11:39:53,202,栗原 梓,mz8017xsxblw,490363283071,OK
2026-06-03 11:40:00,208,直野 達弘,skec229210x270xbkl,490363282673,OK
2026-06-03 11:40:06,206,山野 結加,hls2863x245xwhg,492534974455,OK
2026-06-03 11:40:17,205,三木恵子,dm2020x265xblk,492534974886,OK
2026-06-03 11:40:19,202,大胡 弘,l303x240xblk,490363283060,OK
2026-06-03 11:40:21,203,,,492534974164,CLEAR
2026-06-03 11:40:30,206,渡邊 咲子,fkr1363x225xbkr,492534974444,OK
2026-06-03 11:40:43,203,猪狩久美子,sp1296x2lx8bk,492534974153,OK
2026-06-03 11:40:45,205,吉野 好美,mz8017xmxabk,492534974875,OK
2026-06-03 11:40:46,202,増渕 一樹,wilson2201xlxnvy,490363283056,OK
2026-06-03 11:40:46,208,菅野 一熙,2012wilsonairx250x70,490363282662,OK
2026-06-03 11:40:58,206,鈴木 広史,fs900blkl,492534974433,OK
2026-06-03 11:41:11,202,鯉沼 裕二,wilson2201xlxnvy,490363283045,OK
2026-06-03 11:41:13,203,山田 武宜,ba36603x220xblk,492534974142,OK
2026-06-03 11:41:21,206,山口 順大,fs900blkl,492534974422,OK
2026-06-03 11:41:30,205,高園 孝彦,dm2011x270xblk,492534974864,OK
2026-06-03 11:41:34,202,有本武史,4549095099132,490363283034,NG_商品違い
2026-06-03 11:41:39,202,有本武史,tu80bx250x01bk,490363283034,OK
2026-06-03 11:41:48,203,田村 隆敏,ba36603x210xppl,492534974131,OK
2026-06-03 11:41:59,205,伊藤 聖満,dm2011x270xblk,492534974853,OK
2026-06-03 11:41:59,206,曽我 大介,fs900blkl,492534974411,OK
2026-06-03 11:42:04,202,石原 治彦,tu7796x270xblk,490363283023,OK
2026-06-03 11:42:07,208,榊本 尚枝,du6009x290xblk,490363282651,OK
2026-06-03 11:42:25,203,周 陽順,sy12080x2lxblk,492534974120,OK
2026-06-03 11:42:27,205,今井 健一,dm2011x270xmgn,492534974842,OK
2026-06-03 11:42:28,202,東海林雄,tu80bx255x01bk,490363283012,OK
2026-06-03 11:42:44,206,藤井 直亮,l203x280xbkb,492534974400,OK
2026-06-03 11:42:53,203,青木俊明,ds8154xlxblk,492534974116,OK
2026-06-03 11:42:57,205,中野優恵身,kri9928x2lxnvy,492534974831,OK
2026-06-03 11:43:05,202,斉藤 弘子,l6476wet265,490363283001,OK
2026-06-03 11:43:19,208,石川 智恵,sa2841x230xwhbu,490363282640,OK
2026-06-03 11:43:29,205,越中 奈美子,penny9907x250xjkwht,492534974820,OK
2026-06-03 11:43:43,202,高尾 裕美子,bck030x190xbeg,490363282990,OK
2026-06-03 11:43:48,206,棚田 遼,l761x235x780blk,492534974396,OK
2026-06-03 11:43:54,208,田島 万里子,2012wilsonairx280x78,490363282636,OK
2026-06-03 11:44:05,205,上別府 悟,mz0800xlxbrn,492534974816,OK
2026-06-03 11:44:13,202,田中 惠子,spltm195blk260,490363282986,OK
2026-06-03 11:44:32,205,近藤 千穂,adsif4135x245xif4135,492534974805,OK
2026-06-03 11:44:35,206,久田 守男,l203x250xblk,492534974385,OK
2026-06-03 11:44:48,202,吉内 麻美,msadv01wts235,490363282975,OK
2026-06-03 11:44:56,205,,,492534974794,CLEAR
2026-06-03 11:44:59,206,川井 陽南子,mz8017xlxsax,492534974374,OK
2026-06-03 11:45:15,202,若生 太佑,spltm197x270xsbk,490363282964,OK
2026-06-03 11:45:20,203,川野 俊宏,l6236x255xwhr,492534974105,OK
2026-06-03 11:45:23,206,前田 結衣,l761x230x780blk,492534974363,OK
2026-06-03 11:45:42,206,,$417071,$417071,NG_伝票未登録
2026-06-03 11:46:02,205,川村和枝,topaztz14023rng240,492534974794,OK
2026-06-03 11:46:04,206,,,492534974352,CLEAR
2026-06-03 11:46:19,202,澤田 忠明,ap230x2lx1blk,490363282953,OK
2026-06-03 11:46:24,205,播川 真由美,topaztz14022brw245,492534974783,OK
2026-06-03 11:46:35,208,,,490363282625,CLEAR
2026-06-03 11:46:40,202,木村太郎,mmm2033xlxblk,490363282942,OK
2026-06-03 11:46:42,203,鈴木 純子,b151142x240x062oke,492534974094,OK
2026-06-03 11:46:47,205,小磯佳代,topaztz14014blk220,492534974772,OK
2026-06-03 11:46:50,208,木下 貴史,2012wilsonairx260x79,490363282614,OK
2026-06-03 11:47:09,202,中本 美代子,l303x235xblk,490363282931,OK
2026-06-03 11:47:12,205,東田收司,topaztz14013reng225,492534974761,OK
2026-06-03 11:47:34,205,小原 桃子,fkr1364x240xbkp,492534974750,OK
2026-06-03 11:47:36,208,向井 勝久,l203x260xblk,490363282603,OK
2026-06-03 11:47:41,202,谷口 順三郎,dm2011x250xsvb,490363282920,OK
2026-06-03 11:47:59,205,正垣 真理,topaztz14024blk235,492534974746,OK
2026-06-03 11:48:07,206,山羽 奈巳,wl5501blk245,492534974352,OK
2026-06-03 11:48:14,202,西村 亮祐,dm2011x300xblk,490363282916,OK
2026-06-03 11:48:19,205,横田 博子,topaztz14024blk250,492534974735,OK
2026-06-03 11:48:26,208,緒方 敬介,mz7017x220xblw,490363282592,OK
2026-06-03 11:48:35,206,杉田 一郎,tu7796x255xblk,492534974341,OK
2026-06-03 11:48:44,205,角 加奈子,bv260425xlxblk,492534974724,OK
2026-06-03 11:48:55,202,餅田 雄二,dm2011x270xblk,490363282905,OK
2026-06-03 11:49:00,206,堀江 心愛,4550664039404,492534974330,NG_商品違い
2026-06-03 11:49:05,206,堀江 心愛,apc186x160xpnk,492534974330,OK
2026-06-03 11:49:07,205,柄田 剛,starcrestjb60x265x607,492534974713,OK
2026-06-03 11:49:11,208,長田加奈子,mz8048x2lxblk,490363282581,OK
2026-06-03 11:49:30,202,吉永 隆信,dm2011x260xblk,490363282894,OK
2026-06-03 11:49:33,205,鈴木 克寿,spltm197x270xblk,492534974702,OK
2026-06-03 11:49:57,205,五十嵐 正隆,spltm197x255xblk,492534974691,OK
2026-06-03 11:50:04,202,丸本 昭一,skec118424x255xwht,490363282883,OK
2026-06-03 11:50:18,205,鴨下 祐也,tz2404blk230,492534974680,OK
2026-06-03 11:50:25,203,長谷 明子,wilson8xx270x82bk,492534974083,OK
2026-06-03 11:50:33,205,,002,002,NG_伝票未登録
2026-06-03 11:50:34,206,河合 美知,bck030x220xbkw,492534974326,OK
2026-06-03 11:50:42,202,天野 創,wil181bk255,490363282872,OK
2026-06-03 11:50:44,208,香川鉄明,wilsoncaj16022blk255,490363282570,OK
2026-06-03 11:50:52,206,,002,002,NG_伝票未登録
2026-06-03 11:50:56,205,白井 秋子,larkins670x260x686blk,492534974676,OK
2026-06-03 11:50:59,206,寺家 静恵,bck030x220xbkw,492534974315,OK
2026-06-03 11:51:08,202,三星優佳,mz7017x220xabk,490363282861,OK
2026-06-03 11:51:17,205,仲丸勲,kg4060x1508wht265,492534974665,OK
2026-06-03 11:51:26,208,米地 重紀,wilson1901x250xblk,490363282566,OK
2026-06-03 11:51:30,206,熊谷 麻実,bck030x220xbkw,492534974304,OK
2026-06-03 11:51:36,203,山崎 朋美,annanicola377blkbks,492534974072,OK
2026-06-03 11:51:39,202,横山 雄一,penny9907x270xjkwbk,490363282850,OK
2026-06-03 11:51:48,205,山口 穣,mz7017x230xsax,492534974654,OK
2026-06-03 11:51:52,206,西谷 晃子,bck030x220xbkw,492534974293,OK
2026-06-03 11:52:05,208,藤井 由希,2012wilsonairx265x78,490363282555,OK
2026-06-03 11:52:11,202,森田 充美,jk1074x270xwht,490363282835,OK
2026-06-03 11:52:14,205,田中洋二,edm235x250xwpbrn,492534974643,OK
2026-06-03 11:52:14,206,宮崎 葵,bck030x220xbkw,492534974282,OK
2026-06-03 11:52:20,203,高石 晴生,tu7796x265x7blk,492534974061,OK
2026-06-03 11:52:38,205,永妻 敬雄,tr744blkm,492534974632,OK
2026-06-03 11:53:00,206,小笠原 伸,skec205046x260xbbk,492534974271,OK
2026-06-03 11:53:03,205,青井 野乃花,mz8017xlxabk,492534974621,OK
2026-06-03 11:53:30,205,広本 直正,skc149937wx230xbkw,492534974610,OK
2026-06-03 11:53:31,202,進藤 静美,topaztz14014blk235,490363282846,OK
2026-06-03 11:53:35,206,大江 真世,bck030x230xblk,492534974260,OK
2026-06-03 11:53:43,203,笹山 敏,sako,492534974050,OK
2026-06-03 11:53:49,205,鈴木 佳子,mz8017xmxgry,492534974606,OK
2026-06-03 11:53:56,202,水野 和子,edm235x245xwpbrn,490363282824,OK
2026-06-03 11:53:56,206,神原 未来,bck030x230xblk,492534974256,OK
2026-06-03 11:54:23,202,内藤 貴子,tz2402blk230,490363282813,OK
2026-06-03 11:54:24,206,上口 杏美,bck030x220xblk,492534974245,OK
2026-06-03 11:54:33,208,,,490363282544,CLEAR
2026-06-03 11:54:39,208,井上 道子,bck030x220xbkw,490363282544,OK
2026-06-03 11:54:47,202,高田好明,topaztz14013reng245,490363282802,OK
2026-06-03 11:54:48,203,古川 愛子,sako,492534974046,OK
2026-06-03 11:55:12,202,古山 三千代,gyukawa1gou1blk260,490363282791,OK
2026-06-03 11:55:44,202,家田 聡子,pw7602xlxblk,490363282780,OK
2026-06-03 11:55:48,206,大越寿子,pansy4410x235xblk,492534974595,OK
2026-06-03 11:55:53,208,矢崎 夏子,bck030x220xbkw,490363282533,OK
2026-06-03 11:56:06,203,麻生 亜沙美,sako,492534974035,OK
2026-06-03 11:56:16,202,田中 荘一,tz2404blk215,490363282776,OK
2026-06-03 11:56:16,206,Fukumoto Tooru,alb5503x290xblk,492534974584,OK
2026-06-03 11:56:47,206,吉田 満恵,wl5501blk250,492534974573,OK
2026-06-03 11:57:05,205,滝川 淳一,4549095869995,492534975030,NG_商品違い
2026-06-03 11:57:17,203,平岡 絵梨子,me3xx230x3blk,492534974024,OK
2026-06-03 11:57:24,208,西山 雄二,bck030x190xpcc,490363282522,OK
2026-06-03 11:58:26,208,直井 有希,bck030x230xbkw,490363282511,OK
2026-06-03 11:59:02,208,綾織 朋枝,bck030x230xbkw,490363282500,OK
2026-06-03 11:59:08,203,山中 一正,arpeggiox255xgry,492534974013,OK
2026-06-03 11:59:30,202,imaokatomomi,rpremium2853x225xoke,490361215304,OK
2026-06-03 11:59:58,208,山内 比奈乃,ifmesc0003x155xpnk,490363282496,OK
2026-06-03 12:00:11,203,郡 まどか,sako,492534974002,OK
2026-06-03 12:00:53,208,,,490363282474,CLEAR
2026-06-03 12:01:14,206,,,492534974481,CLEAR
2026-06-03 12:01:18,203,牧田良美,sako,492534973991,OK
2026-06-03 12:02:08,208,,,490363282474,CLEAR
2026-06-03 12:02:16,206,穂山直人,wilson88022tri255,492534974481,OK
2026-06-03 13:07:22,208,村上 和子,wilson2201xlxkhk,490363282474,OK
2026-06-03 13:10:59,208,下島 愛,rap-gry,490363282452,OK
2026-06-03 13:11:21,203,杉本 雅子,mz8017x2lxblw,492534973980,OK
2026-06-03 13:11:46,202,,490364169923,490364169923,NG_伝票未登録
2026-06-03 13:11:48,202,,490364169923,490364169923,NG_伝票未登録
2026-06-03 13:12:08,202,,490364169923,490364169923,NG_伝票未登録
2026-06-03 13:12:17,206,古川研究室 貝沼,ds8154xlxgry,490361213580,OK
2026-06-03 13:12:32,202,,490364169923,490364169923,NG_伝票未登録
2026-06-03 13:12:47,202,,490364169923,490364169923,NG_伝票未登録
2026-06-03 13:12:52,205,,,492534975030,CLEAR
2026-06-03 13:13:05,202,,490364169923,490364169923,NG_伝票未登録
2026-06-03 13:13:31,202,,490364169923,490364169923,NG_伝票未登録
2026-06-03 13:13:37,202,,,,CLEAR
2026-06-03 13:13:48,202,,490364169923,490364169923,NG_伝票未登録
2026-06-03 13:13:48,205,,002,002,NG_伝票未登録
2026-06-03 13:13:49,205,,492534975715,492534975715,NG_伝票未登録
2026-06-03 13:13:50,202,,,,CLEAR
2026-06-03 13:13:52,205,,,,CLEAR
2026-06-03 13:13:57,205,,492534975391,492534975391,NG_伝票未登録
2026-06-03 13:13:59,205,,,,CLEAR
2026-06-03 13:14:25,208,鍋島 理絵,jk1313x280xnvy,490363282463,OK
2026-06-03 13:14:38,202,,490364169923,490364169923,NG_伝票未登録
2026-06-03 13:14:40,202,,,,CLEAR
2026-06-03 13:14:56,203,田村万里子,wilsoncaj16022blk260,492534973976,OK
2026-06-03 13:15:23,202,,490364169923,490364169923,NG_伝票未登録
2026-06-03 13:15:25,202,,,,CLEAR
2026-06-03 13:15:37,202,,490364169923,490364169923,NG_伝票未登録
2026-06-03 13:15:39,202,,,,CLEAR
2026-06-03 13:16:03,208,,,490363282485,CLEAR
2026-06-03 13:16:07,203,横嶋 千花,precure3808x170x37ppl,492534973965,OK
2026-06-03 13:16:17,202,,490364169923,490364169923,NG_伝票未登録
2026-06-03 13:16:19,202,,,,CLEAR
2026-06-03 13:16:36,202,,490364169923,490364169923,NG_伝票未登録
2026-06-03 13:16:38,202,,,,CLEAR
2026-06-03 13:16:46,208,光吉 由江,P-93-02-01,490363282485,NG_商品違い
2026-06-03 13:16:54,202,,490364169761,490364169761,NG_伝票未登録
2026-06-03 13:16:58,202,,,,CLEAR
2026-06-03 13:17:17,208,光吉 由江,P-93-02-01,490363282485,NG_商品違い
2026-06-03 13:17:27,202,,490364169923,490364169923,NG_伝票未登録
2026-06-03 13:17:31,202,,,,CLEAR
2026-06-03 13:17:46,208,光吉 由江,2012dietslippers1pnkfree,490363282485,OK
2026-06-03 13:19:30,202,,490364169923,490364169923,NG_伝票未登録
2026-06-03 13:19:31,202,,,,CLEAR
2026-06-03 13:19:38,202,,490364169923,490364169923,NG_伝票未登録
2026-06-03 13:19:39,202,,,,CLEAR
2026-06-03 13:19:41,208,,,490363282625,CLEAR
2026-06-03 13:21:25,202,,490364169923,490364169923,NG_伝票未登録
2026-06-03 13:21:27,202,,,,CLEAR
2026-06-03 13:23:10,203,松岡 博志,rap-gry,492534973954,OK
2026-06-03 13:23:55,206,,492534975715,492534975715,NG_伝票未登録
2026-06-03 13:23:58,206,,,,CLEAR
2026-06-03 13:24:07,206,,002,002,NG_伝票未登録
2026-06-03 13:24:09,206,,,,CLEAR
2026-06-03 13:24:10,202,比留川祐樹,bck030x220xblk,492534973884,OK
2026-06-03 13:24:10,206,,492534975715,492534975715,NG_伝票未登録
2026-06-03 13:24:11,206,,,,CLEAR
2026-06-03 13:24:26,206,,492534975715,492534975715,NG_伝票未登録
2026-06-03 13:24:59,202,小金井 麻依子,bck030x220xgry,492534973873,OK
2026-06-03 13:25:29,202,馬場 夕真,bck030x230xbkw,492534973862,OK
2026-06-03 13:26:33,202,熊谷 麻未,ifmesc0002x175xyel,492534973851,OK
2026-06-03 13:27:41,203,八並 建設,wilsonairx2lx720bk,492534973943,OK
2026-06-03 13:27:45,202,,490364169923,490364169923,NG_伝票未登録
2026-06-03 13:27:46,202,,,492534973851,CLEAR
2026-06-03 13:27:57,202,,490364169923,490364169923,NG_伝票未登録
2026-06-03 13:28:23,203,中川 奈美枝,sako,492534973932,OK
2026-06-03 13:29:03,202,峯岸 美奈子,bck030x180xbkw,492534973895,OK
2026-06-03 13:29:13,208,,,490363282625,CLEAR
2026-06-03 13:29:32,203,椎葉 健,hm9050blkl,492534973921,OK
2026-06-03 13:30:00,206,,492534975715,492534975715,NG_伝票未登録
2026-06-03 13:30:02,206,,,,CLEAR
2026-06-03 13:30:10,206,,492534975715,492534975715,NG_伝票未登録
2026-06-03 13:30:13,206,,,,CLEAR
2026-06-03 13:30:16,208,杉谷 未来,mz8017xlxbeg,490363282625,OK
2026-06-03 13:31:00,206,,492534975715,492534975715,NG_伝票未登録
2026-06-03 13:31:02,206,,492534975715,492534975715,NG_伝票未登録
2026-06-03 13:31:03,206,,492534975715,492534975715,NG_伝票未登録
2026-06-03 13:31:04,202,須藤 尚子,mz8017x2lxbeg,492534973906,OK
2026-06-03 13:31:04,206,,,,CLEAR
2026-06-03 13:31:10,206,,492534975715,492534975715,NG_伝票未登録
2026-06-03 13:31:35,202,,490364169923,490364169923,NG_伝票未登録
2026-06-03 13:31:35,208,,492534975391,492534975391,NG_伝票未登録
2026-06-03 13:31:36,202,,,492534973906,CLEAR
2026-06-03 13:31:38,208,,,490363282625,CLEAR
2026-06-03 13:31:43,202,,490364169923,490364169923,NG_伝票未登録
2026-06-03 13:31:45,202,,,,CLEAR
2026-06-03 13:31:53,208,,492534975391,492534975391,NG_伝票未登録
2026-06-03 13:31:55,208,,,490363282625,CLEAR
2026-06-03 13:32:04,206,,,,CLEAR
2026-06-03 13:32:14,206,,492534975715,492534975715,NG_伝票未登録
2026-06-03 13:33:54,208,,492534975391,492534975391,NG_伝票未登録
2026-06-03 13:33:55,206,,,,CLEAR
2026-06-03 13:33:55,208,,,490363282625,CLEAR
2026-06-03 13:34:01,202,,490364169923,490364169923,NG_伝票未登録
2026-06-03 13:34:03,202,,,,CLEAR
2026-06-03 13:34:04,208,,492534975391,492534975391,NG_伝票未登録
2026-06-03 13:34:05,206,,9121314,9121314,NG_伝票未登録
2026-06-03 13:34:06,208,,,,CLEAR
2026-06-03 13:34:11,202,,490364169923,490364169923,NG_伝票未登録
2026-06-03 13:34:13,202,,,,CLEAR
2026-06-03 13:34:47,203,古川 真生,sako,492534973910,OK
2026-06-03 13:35:45,203,,,492534974164,CLEAR
2026-06-03 13:36:07,205,,492534975236,492534975236,NG_伝票未登録
2026-06-03 13:36:10,205,,,,CLEAR
2026-06-03 13:37:04,206,,492534975715,492534975715,NG_伝票未登録
2026-06-03 13:37:05,206,,,,CLEAR
2026-06-03 13:37:11,206,,492534975715,492534975715,NG_伝票未登録
2026-06-03 13:37:12,206,,,,CLEAR
2026-06-03 13:37:55,203,岩倉 理絵,ifmesc0002x150xwht,492534974164,OK
2026-06-03 13:38:41,202,,490364169923,490364169923,NG_伝票未登録
2026-06-03 13:38:43,202,,,,CLEAR
2026-06-03 13:39:05,206,,492534975715,492534975715,NG_伝票未登録
2026-06-03 13:39:06,206,,,,CLEAR
2026-06-03 13:39:20,203,,492534975236,492534975236,NG_伝票未登録
2026-06-03 13:39:23,203,,,492534974164,CLEAR
2026-06-03 13:39:34,203,,,492534975052,CLEAR
2026-06-03 13:39:42,202,,490364169761,490364169761,NG_伝票未登録
2026-06-03 13:39:44,208,,492534975391,492534975391,NG_伝票未登録
2026-06-03 13:39:45,203,,,492534975074,CLEAR
2026-06-03 13:39:46,208,,,,CLEAR
2026-06-03 13:39:51,202,,490364169761,490364169761,NG_伝票未登録
2026-06-03 13:39:54,203,,,492534975111,CLEAR
2026-06-03 13:39:54,206,,492534975531,492534975531,NG_伝票未登録
2026-06-03 13:39:55,206,,,,CLEAR
2026-06-03 13:39:56,202,,490364169923,490364169923,NG_伝票未登録
2026-06-03 13:39:56,208,,492534975240,492534975240,NG_伝票未登録
2026-06-03 13:39:58,202,,,,CLEAR
2026-06-03 13:39:58,206,,492534975483,492534975483,NG_伝票未登録
2026-06-03 13:40:01,203,,,492534975144,CLEAR
2026-06-03 13:40:05,206,,492534975413,492534975413,NG_伝票未登録
2026-06-03 13:40:07,206,,,,CLEAR
2026-06-03 13:40:08,203,,,492534975166,CLEAR
2026-06-03 13:40:18,203,,,492534975181,CLEAR
2026-06-03 13:40:22,203,,492534975192,492534975192,NG_伝票未登録
2026-06-03 13:40:27,203,,,492534975181,CLEAR
2026-06-03 13:40:31,203,,492534975203,492534975203,NG_伝票未登録
2026-06-03 13:40:32,203,,,492534975181,CLEAR
2026-06-03 13:40:38,203,,492534975214,492534975214,NG_伝票未登録
2026-06-03 13:40:39,203,,,492534975181,CLEAR
2026-06-03 13:40:40,202,,002,002,NG_伝票未登録
2026-06-03 13:40:42,203,,492534975225,492534975225,NG_伝票未登録
2026-06-03 13:40:43,202,,,,CLEAR
2026-06-03 13:40:43,203,,,492534975181,CLEAR
2026-06-03 13:40:45,203,,492534975236,492534975236,NG_伝票未登録
2026-06-03 13:40:46,203,,,492534975181,CLEAR
2026-06-03 13:41:19,202,冨崎 裕子,rstac007xlxbkbk,492534975181,OK
2026-06-03 13:41:32,203,,490364169820,490364169820,NG_伝票未登録
2026-06-03 13:41:33,203,,,492534975181,CLEAR
2026-06-03 13:41:40,206,,492534975715,492534975715,NG_伝票未登録
2026-06-03 13:41:40,208,鈴木 友美,asahir301x230x310blk,492534975170,OK
2026-06-03 13:41:43,206,,,,CLEAR
2026-06-03 13:41:53,203,,490364169783,490364169783,NG_伝票未登録
2026-06-03 13:41:53,206,,492534975715,492534975715,NG_伝票未登録
2026-06-03 13:41:54,203,,,,CLEAR
2026-06-03 13:41:57,203,,490364169923,490364169923,NG_伝票未登録
2026-06-03 13:41:58,203,,,,CLEAR
2026-06-03 13:41:58,206,,,,CLEAR
2026-06-03 13:41:59,205,發知 洸平,fs900blkm,492534975111,OK
2026-06-03 13:42:10,206,,492534975715,492534975715,NG_伝票未登録
2026-06-03 13:42:11,206,,,,CLEAR
2026-06-03 13:42:24,205,内田 政弘,fs900blkm,492534975100,OK
2026-06-03 13:42:28,206,,,492534975671,CLEAR
2026-06-03 13:42:50,205,持田 浩正,fs900blkm,492534975096,OK
2026-06-03 13:42:55,206,,,492534975715,CLEAR
2026-06-03 13:42:58,208,山口 香織,rstac007xsxbkbr,492534975166,OK
2026-06-03 13:43:01,203,,,,CLEAR
2026-06-03 13:43:13,205,中村 有理,fs900blkm,492534975085,OK
2026-06-03 13:43:31,203,今井 里奈,mz8016xsxbkw,492534975483,OK
2026-06-03 13:43:35,206,榎本麻由子,mz7017x240xgry,492534975715,NG_商品違い
2026-06-03 13:43:42,205,堀口 康太,fs900blkm,492534975074,OK
2026-06-03 13:43:44,206,榎本麻由子,mz2961x240x2gyg,492534975715,OK
2026-06-03 13:43:48,202,宮田 浩子,asahir301x240x310nvy,490364169923,OK
2026-06-03 13:44:07,203,山田 巧,dm2021x280xgry,492534975472,OK
2026-06-03 13:44:12,205,廣瀬敏昭,nikebq4639410x260x410,492534975063,OK
2026-06-03 13:44:31,206,屋 よしの,apltamm117x245xstn,492534975704,OK
2026-06-03 13:44:32,202,高橋 真紀,ls4034x210xblk,490364169912,OK
2026-06-03 13:44:40,203,石田 八重子,fs900blk2l,492534975461,OK
2026-06-03 13:44:46,205,長谷川 京子,skec164085x250xbbk,492534975052,OK
2026-06-03 13:45:01,202,野村佐和子,rc040x255xblk,490364169901,OK
2026-06-03 13:45:05,206,柴 香織,mz6212x235xgry,492534975693,OK
2026-06-03 13:45:10,203,岩田隼,doq7572x2lxbeg,492534975450,OK
2026-06-03 13:45:14,205,舟越 歩,mz8017xsxblw,492534975041,OK
2026-06-03 13:45:15,208,中川 紗千奈,im6620x230x6620bl,492534975155,OK
2026-06-03 13:45:32,202,嶋田 恵理香,b151142bks225,490364169890,OK
2026-06-03 13:45:39,203,田中 久貴,penny9907x265xjkwbk,492534975446,OK
2026-06-03 13:45:43,206,若林 学,wilson8xx270x88bk,492534975682,OK
2026-06-03 13:45:44,206,,wilson8xx270x88bk,wilson8xx270x88bk,NG_伝票未登録
2026-06-03 13:46:12,202,前田ゆみ,mz8416xmxkhk,490364169886,OK
2026-06-03 13:46:12,206,君島 大樹,fs900blkm,492534975671,OK
2026-06-03 13:46:23,205,,492534975391,492534975391,NG_伝票未登録
2026-06-03 13:46:24,205,,492534975391,492534975391,NG_伝票未登録
2026-06-03 13:46:25,205,,,492534975041,CLEAR
2026-06-03 13:46:25,208,原 美奈子,skr1041x230xnvy,492534975144,OK
2026-06-03 13:46:35,205,,,492534975391,CLEAR
2026-06-03 13:46:42,206,所 麻里,r41707x190xwht,492534975660,OK
2026-06-03 13:46:48,202,原田裕子,mz8889xsxdbr,490364169875,OK
2026-06-03 13:46:55,203,山本真由実,bv260425xlxnvy,492534975435,OK
2026-06-03 13:47:01,208,清水 麗,annanicola377blkbks,492534975133,OK
2026-06-03 13:47:14,206,出水 翔士,starcrestjb60x255x605,492534975656,OK
2026-06-03 13:47:20,202,海老原 明子,moz491x2lxblk,490364169864,OK
2026-06-03 13:47:20,205,柿原 知佳,bck030x220xblk,492534975391,OK
2026-06-03 13:47:24,203,上原 誠,nbmw8804ebc7x265xbc7,492534975424,OK
2026-06-03 13:47:46,202,津田 悠人,fs900blks,490364169853,OK
2026-06-03 13:47:46,205,園田 秀美,4550230408566,492534975380,NG_商品違い
2026-06-03 13:47:47,205,園田 秀美,bck030x230xvnl,492534975380,OK
2026-06-03 13:47:51,208,桑山 愛,mz8017xmxblw,492534975122,OK
2026-06-03 13:47:52,203,小野 光恵,jk1074x255xwht,492534975413,OK
2026-06-03 13:48:02,206,山本 恭平,wilson8xx255x86bk,492534975645,OK
2026-06-03 13:48:12,202,増子健人,ff123a3bk2l,490364169842,OK
2026-06-03 13:48:29,205,齋木 友美,bck030x230xpcc,492534975376,NG_商品違い
2026-06-03 13:48:33,203,原 朱希,bck030x220xbeg,492534975402,OK
2026-06-03 13:48:35,205,齋木 友美,bck030x230xbkw,492534975376,OK
2026-06-03 13:48:45,202,楊 智誠,wilson1901x280xblk,490364169831,OK
2026-06-03 13:48:48,208,,492534975575,492534975575,NG_伝票未登録
2026-06-03 13:48:53,208,,492534975575,492534975575,NG_伝票未登録
2026-06-03 13:48:58,206,坂下 真紀子,l203x265xblk,492534975634,OK
2026-06-03 13:48:59,208,,492534975575,492534975575,NG_伝票未登録
2026-06-03 13:49:08,205,関口 麦,bck030x210xmbu,492534975365,OK
2026-06-03 13:49:08,208,,492534975564,492534975564,NG_伝票未登録
2026-06-03 13:49:23,206,小峰 愛璃,mz7017x220xabk,492534975623,OK
2026-06-03 13:49:32,208,,,492534975122,CLEAR
2026-06-03 13:49:34,205,長谷川真奈,bck030x210xbkw,492534975354,OK
2026-06-03 13:49:50,206,石本 貴仁,wilson9xx280x5blk,492534975612,NG_商品違い
2026-06-03 13:50:01,202,高野 真聖,2012wilsonairx250x78,490364169820,OK
2026-06-03 13:50:05,206,石本 貴仁,penny9907x280xjkwbk,492534975612,OK
2026-06-03 13:50:13,203,中山 耕平,sako,492534975236,OK
2026-06-03 13:50:14,205,加藤 みのり,ds8155xlxblk,492534975343,OK
2026-06-03 13:50:34,208,野原 弘明,larkins670x250x686gry,492534975575,OK
2026-06-03 13:50:36,205,櫻井 信広,ds8154x2lxblk,492534975332,OK
2026-06-03 13:50:43,206,景山 真知子,mz19315x245x335blk,492534975601,OK
2026-06-03 13:50:56,202,杉山 和子,bck030x220xblk,490364169783,OK
2026-06-03 13:50:58,205,湯口健太,ds8154x2lxblk,492534975321,OK
2026-06-03 13:51:08,206,真部 由美,pw7602xlxblk,492534975590,OK
2026-06-03 13:51:17,208,井上 健志,l204x255xblk,492534975564,OK
2026-06-03 13:51:24,205,斉藤 司,ds8154x2lxnvy,492534975310,OK
2026-06-03 13:51:35,206,柴崎 愛,4547568019823,492534975586,NG_商品違い
2026-06-03 13:51:38,202,立林 桃子,bck030x220xblk,490364169772,OK
2026-06-03 13:51:46,205,,,492534975306,CLEAR
2026-06-03 13:51:46,206,柴崎 愛,pw7602xmx1blk,492534975586,OK
2026-06-03 13:51:50,203,福岡 華織,sako,492534975225,OK
2026-06-03 13:51:55,205,,,492534975306,CLEAR
2026-06-03 13:52:14,208,當間 史朗,allroadss4mx270xblk,492534975553,OK
2026-06-03 13:52:39,205,,,492534975240,CLEAR
2026-06-03 13:52:47,203,桑田 幸奈,bck030x190xbkw,492534975214,OK
2026-06-03 13:52:52,202,草間 聡,dr6275x250xdbr,490364169816,NG_商品違い
2026-06-03 13:52:54,202,草間 聡,dr6275x265xdbr,490364169816,OK
2026-06-03 13:53:04,206,河本 陽奈,fkr1363x230xbkr,490364169805,OK
2026-06-03 13:53:10,208,宮本 祐,wilson8xx255x81bk,492534975542,OK
2026-06-03 13:53:40,202,今井重雄,fg550x250x01blk,490364169794,OK
2026-06-03 13:53:42,205,生田 裕香,cg1299x2lxblk,492534975306,OK
2026-06-03 13:53:49,203,関口 麦,ifmesc0003x200xblu,492534975203,OK
2026-06-03 13:54:00,208,松倉 秀樹,edm235x265xwpblk,492534975531,OK
2026-06-03 13:54:23,206,古川研究室貝沼,ds8154xlxblk,490364169761,OK
2026-06-03 13:54:59,203,三村 祐子,pn8343xlx27bk,492534975192,OK
2026-06-03 13:55:12,208,松永 和也,wilson1901x270xblk,492534975520,OK
2026-06-03 13:55:23,202,茅野 志帆,b151142x199xoke240,492534975262,OK
2026-06-03 13:55:55,208,高橋 浩司,2012wilsonairx260x70,492534975516,OK
2026-06-03 13:56:24,205,小野 幸恵,memo,492534975295,OK
2026-06-03 13:56:33,202,西村 依子,b151142x199xble235,492534975251,OK
2026-06-03 13:57:42,208,劉瑩,l203x265xbkb,492534975505,OK
2026-06-03 13:57:44,206,永橋裕子,mz6221x260xgry,492534975240,OK
2026-06-03 13:58:08,205,倉田 圭子,nev839x2lxwht,492534975284,NG_商品違い
2026-06-03 13:58:14,205,倉田 圭子,4571501715671,492534975284,NG_商品違い
2026-06-03 13:58:16,208,西 秀基,2012wilsonairx280x70,492534975494,OK
2026-06-03 13:58:33,205,倉田 圭子,skr1041x230xnvy,492534975284,NG_商品違い
2026-06-03 13:58:36,205,倉田 圭子,skr1041x240xnvy,492534975284,NG_商品違い
2026-06-03 13:58:52,202,中井 理絵,sako,492534975273,OK
2026-06-03 13:59:12,205,倉田 圭子,skr1041x245xnvy,492534975284,OK
2026-06-03 14:00:53,202,,,492534975273,CLEAR
2026-06-03 14:17:48,108,滝川 淳一,4549095763040,492534975030,NG_商品違い
2026-06-03 14:17:52,108,滝川 淳一,4549095763040,492534975030,NG_商品違い
2026-06-03 14:21:52,108,,,492534975030,CLEAR
2026-06-03 14:24:52,108,,,490361213856,CLEAR
