日時,担当者名,送り先,商品コード,発送伝票番号,結果
2026-09-01 08:47:26,208,,,492535606360,CLEAR
2026-09-01 08:48:19,208,猪又 理紗,rstac007xsxbkbk,492535606356,OK
2026-09-01 08:50:53,208,岩本 隼輔,2012wilsonairx260x78,492535606345,OK
2026-09-01 08:51:33,208,小林 紫保,bck030x190xbkw,492535606334,OK
2026-09-01 08:52:28,208,伊藤綾子,adshq2936x215xhq2936,492535606323,OK
2026-09-01 08:53:53,208,恒川 隆憲,spltm196x270xnvy,492535606312,OK
2026-09-01 08:54:56,208,上柿 正典,penny9907x270xjkwbk,492535606301,OK
2026-09-01 08:56:01,208,日向 貴之,edm235x270xwpbrn,492535606290,OK
2026-09-01 08:56:36,208,島崎 優依,pn8424x240xwhb,492535606286,OK
2026-09-01 08:57:07,208,青木 正義,fs900blkm,492535606275,OK
2026-09-01 08:58:05,208,加藤 香織,bck030x220xbkw,492535606264,OK
2026-09-01 08:58:45,208,甲斐 由紀,2012wilsonairx260x78,492535606253,OK
2026-09-01 08:59:17,208,山崎英樹,edm235x270xwpblk,492535606242,OK
2026-09-01 08:59:51,208,小川 有紀,edm235x270xwpblk,492535606231,OK
2026-09-01 09:00:30,208,櫻井 結美子,asahir301x215x310blk,492535606220,OK
2026-09-01 09:01:23,208,小島 碧,bck030x180xbkw,492535606216,OK
2026-09-01 09:02:01,208,五日市勉,skc216330wwx265xnvy,492535606205,OK
2026-09-01 09:02:54,208,野田 拓夢,mz0800xsxblk,492535606194,OK
2026-09-01 09:03:54,208,中村 貴莉子,mz8017xmxsax,492535606183,OK
2026-09-01 09:04:31,208,仁木佑樹,wilson8xx280x83bk,492535606172,OK
2026-09-01 09:05:15,208,高田 航太,mz7017x220xnvy,492535606161,OK
2026-09-01 09:05:55,208,森 陽平,penny6001x3lxgry,492535606150,OK
2026-09-01 09:07:07,208,南 辰浩,wilson3630x2lxblk,492535606146,OK
2026-09-01 09:07:45,208,佐藤 三穂,apltamm117x265xblk,492535606135,OK
2026-09-01 09:08:22,208,,$$69811,$$69811,NG_伝票未登録
2026-09-01 09:08:44,208,服部 栄治,l6236x265xwhr,492535606124,OK
2026-09-01 09:09:39,208,上田 友美,l6476bkr250,492535606113,OK
2026-09-01 09:10:39,208,山下 亮,2012wilsonairx265x78,492535606102,OK
2026-09-01 09:11:16,208,,,492535606091,CLEAR
2026-09-01 09:13:09,208,伊奈敏郎,edm235x260xwpbrn,492535606091,OK
2026-09-01 09:13:44,208,清水一弘,edm235x260xwpbrn,492535606080,OK
2026-09-01 09:14:24,208,佐藤勤一,2012wilsonairx260x70,492535606076,OK
2026-09-01 09:15:01,208,杉本 聡子,ls8005fx200xcgd,492535606065,OK
2026-09-01 09:15:38,208,瀬戸山 さゆり,pn8334x235xnvy,492535606054,OK
2026-09-01 09:16:33,208,松村 康雄,dj3567x270x7blk,492535606043,NG_商品違い
2026-09-01 09:16:39,208,松村 康雄,dj3567x270x6blk,492535606043,OK
2026-09-01 09:17:22,208,半田美由紀,bv260422xmxbkb,492535606032,OK
2026-09-01 09:18:55,208,木村 里花,sac043x180xppl,492535606021,OK
2026-09-01 09:19:37,208,加藤 達也,l203x255xbkb,492535606010,OK
2026-09-01 09:20:19,208,諸戸 桃子,bck030x210xbeg,492535606006,OK
2026-09-01 09:20:47,208,遠藤 加寿美,bck030x210xbeg,492535605995,OK
2026-09-01 09:21:13,208,,7154040,7154040,NG_伝票未登録
2026-09-01 09:21:16,208,,7154040,7154040,NG_伝票未登録
2026-09-01 09:21:34,208,池田 香織,ifmesc0002x195xyel,492535605984,OK
2026-09-01 09:22:17,208,山中誠,dj360x250xgry,492535605973,OK
2026-09-01 09:23:18,208,鈴木 廣幸,l203x270xnvy,492535605962,OK
2026-09-01 09:24:06,208,三ｹ田 宏,jk1313x255xblk,492535605951,NG_商品違い
2026-09-01 09:24:15,208,三ｹ田 宏,l6236x255xwbk,492535605951,OK
2026-09-01 09:24:53,208,森本 展彰,jk1074x235xwht,492535605940,OK
2026-09-01 09:25:21,208,,,492535605936,CLEAR
2026-09-01 09:26:37,208,小俣 祐子,edw37190x230xblk,492535605936,OK
2026-09-01 09:27:07,208,斉藤康彦,l6236x270xwbk,492535605925,OK
2026-09-01 09:27:43,208,坂田 祐太,adsjp9365x230xjp9365,492535605914,OK
2026-09-01 09:28:23,208,天井 のぞみ,jk1074x240xblk,492535605903,OK
2026-09-01 09:29:03,208,,$941101,$941101,NG_伝票未登録
2026-09-01 09:29:23,208,安久津 剛士,nbmsmp9ewx270x9ew,492535605892,OK
2026-09-01 09:30:16,208,窪田晃,edm235x260xwpblk,492535605881,OK
2026-09-01 09:31:02,208,坂田 弘美,https://bit.ly/3PLUDV8,492535605870,NG_商品違い
2026-09-01 09:31:03,208,坂田 弘美,mz19315x230x2366gry,492535605870,OK
2026-09-01 09:31:48,208,大西 龍雄,dm2032x260xvlt,492535605866,OK
2026-09-01 09:32:28,208,株式会社 DeuxAnges,penny6001x3lxblk,492535605855,OK
2026-09-01 09:33:06,208,島田 聡,spltm196x255xnvy,492535605844,OK
2026-09-01 09:33:53,208,小松 真知子,rpremium3681xlxbks,492535605833,OK
2026-09-01 09:34:43,208,依田 泰俊,va1837x260xnvy,492535605822,NG_商品違い
2026-09-01 09:34:51,208,依田 泰俊,va1837x270xnvy,492535605822,OK
2026-09-01 09:35:34,208,冥賀直弥,nb22act30x270xtwh,492535605811,OK
2026-09-01 09:36:17,208,石川泰子,254hpl1006xmxblk,492535605800,OK
2026-09-01 09:37:01,208,児島 亜矢子,pl3130blkl,492535605796,OK
2026-09-01 09:37:58,208,松山明日香,fkr1363x220xbkr,492535605785,OK
2026-09-01 09:38:33,208,川上 亮子,im6620x235x6620bl,492535605774,OK
2026-09-01 09:39:13,208,佐藤宏輔,l6476bkr265,492535605763,OK
2026-09-01 09:39:57,208,水谷 順子,skec117497wx240xbkg,492535605752,OK
2026-09-01 09:40:47,208,榊原 宏次,gy8082lax255xblk,492535605741,OK
2026-09-01 09:41:48,208,杉浦 真由,parka81321blk220,492535605730,OK
2026-09-01 09:42:31,208,柳田 貴公美,fkr1363x240xbkr,492535605726,OK
2026-09-01 09:43:15,208,三ﾉ輪浩一,rbks130x250xblk,492535605715,OK
2026-09-01 09:47:07,208,石田 敦子,490840419171,492535606360,NG_商品違い
2026-09-01 09:47:11,208,,,492535606360,CLEAR
2026-09-01 09:47:49,208,衣川 楓子,2012wilsonairx260x78,490840419171,OK
2026-09-01 09:48:32,208,鷲崎清美,puma311996mx280x07,490840419160,OK
2026-09-01 09:49:22,208,澤野 英剛,2012wilsonairx260x78,490840419156,OK
2026-09-01 09:50:10,208,青山道子,adshq2936x215xhq2936,490840419145,OK
2026-09-01 09:50:48,208,井上和久,mz0800xmxblk,490840419134,OK
2026-09-01 09:51:23,208,横山秀樹,fs900blkl,490840419123,OK
2026-09-01 09:52:40,208,藤原 美千代,bv260425xlxnvy,490840419112,OK
2026-09-01 09:53:27,208,蛸島加奈子,dstar4966x180xppl,490840419101,OK
2026-09-01 09:54:42,208,根本 崇司,jk1074x280xwht,490840419090,NG_商品違い
2026-09-01 09:54:55,208,根本 崇司,kg4060x1508wht280,490840419090,OK
2026-09-01 09:55:53,208,山本 美香,penny6001xmxsbg,490840419086,OK
2026-09-01 09:56:27,208,中居 英一,2012wilsonairx270x78,490840419075,OK
2026-09-01 09:57:04,208,藤原 怜也,2012wilsonairx265x78,490840419064,OK
2026-09-01 09:57:38,208,山口 諒真,2012wilsonairx265x78,490840419053,OK
2026-09-01 09:58:52,208,千葉 よし子,mz19315x230xnvy,490840419042,OK
2026-09-01 09:59:32,208,西海 智康,wilson9xx255x5blk,490840419031,OK
2026-09-01 10:00:17,208,島田 由香里,adshq0082x235xhq0082,490840419020,OK
2026-09-01 10:00:54,208,根本 崇司,penny9907x280xjkwht,490840419016,OK
2026-09-01 10:01:50,208,石井 幸満,robks1a10dbr265,490840419005,OK
2026-09-01 10:02:37,208,大澤 由佳,im6220x245x6120bk,490840418994,OK
2026-09-01 10:03:20,208,大澤 等,l6236x260xwbk,490840418983,OK
2026-09-01 10:04:11,208,五十嵐 一郎,l6236x260xwbk,490840418972,OK
2026-09-01 10:04:51,208,開藤 直子,jk1074x245xwht,490840418961,OK
2026-09-01 10:05:28,208,大森 飛鳥,jk1074x235xwht,490840418950,OK
2026-09-01 10:06:44,208,岩切 北斗,hm9050blk3l,490840418946,OK
2026-09-01 10:07:39,208,姜 成俊,edm235x260xwpblk,490840418935,OK
2026-09-01 10:08:14,208,塩澤 美樹,moz491xsxbkw,490840418924,OK
2026-09-01 10:08:56,208,本多 浩一,nb22act30x280xtwh,490840418913,OK
2026-09-01 10:09:38,208,椎名剛,nb22act30x265xtwh,490840418902,OK
2026-09-01 10:10:23,208,細貝 隆太,larkins670x250x686gry,490840418891,OK
2026-09-01 10:11:03,208,中村玲央,xstreetxst241x260xjkwht,490840418880,OK
2026-09-01 10:11:45,208,長尾 瑠子,xstreetxst241x260xjkwht,490840418876,OK
2026-09-01 10:12:30,208,武田 霞美,mz3025arx230xblk,490840418865,OK
2026-09-01 10:13:30,208,遠山 香織,parka81321blk220,490840418854,OK
2026-09-01 10:14:08,208,西村 千絵,l761x230x780gry,490840418843,OK
2026-09-01 10:14:57,208,簗瀬 正輝,gpu22342x280xbkw,490840418832,OK
2026-09-01 10:15:48,208,,,490840418821,CLEAR
2026-09-01 10:17:04,208,加藤 篤,xst6032bkb280,490840418821,OK
2026-09-01 10:18:14,208,飯尾 鞠佳,ifme206311x165xppl,490840418810,OK
2026-09-01 10:19:28,208,水野 恵子,rpremium2853x240xoke,490840418806,OK
2026-09-01 10:20:25,208,野原 敬子,jk1313x300xblk,490840418795,OK
2026-09-01 10:21:34,208,小松 真弥,4522552317123,490840418784,NG_商品違い
2026-09-01 10:21:43,208,小松 真弥,ifme206321x165xwht,490840418784,OK
2026-09-01 10:22:18,208,國方 久美子,pw7602xmxblk,490840418773,OK
2026-09-01 10:23:03,208,竹中 茉佑子,mz19315x235xbeg,490840418762,OK
2026-09-01 10:23:49,208,佐藤和美,adsig9184lx235xig9184,490840418751,OK
2026-09-01 10:24:39,208,加藤女偉子,pansy4482ax225xblk,490840418740,OK
2026-09-01 10:25:23,208,山科剛志,dr630x255x2blk,490840418736,OK
2026-09-01 10:30:32,208,石田 敦子,ds8155xlxlgy,492535606360,OK
2026-09-01 11:41:02,208,櫻井 由佳,bck030x190xbkw,492535607664,OK
2026-09-01 11:41:40,208,山田 祐二,tu7796x255xblk,492535607653,OK
2026-09-01 11:42:16,208,藤原大輔,4549095068824,492535607642,NG_商品違い
2026-09-01 11:42:42,208,藤原大輔,tu7796x255xblk,492535607642,OK
2026-09-01 11:43:08,208,,$$21013,$$21013,NG_伝票未登録
2026-09-01 11:43:23,208,今井 楊子,b151142x199xble245,492535607631,OK
2026-09-01 11:44:31,208,加藤 康行,dj295x255xblk,492535607620,NG_商品違い
2026-09-01 11:44:33,208,加藤 康行,xstreetxst241x265xjkblk,492535607620,NG_商品違い
2026-09-01 11:45:31,208,加藤 康行,mk7800blk265,492535607620,OK
2026-09-01 11:46:17,208,齊藤洋介,fkr1364x230xnvm,492535607616,OK
2026-09-01 11:46:50,208,篠田 英美,rc040x265xblk,492535607605,OK
2026-09-01 12:52:03,208,村上 俊之,xst6032bkb260,492535607594,OK
2026-09-01 12:53:19,208,山下 大祐,wilson1901x265xblk,492535607583,OK
2026-09-01 12:54:06,208,貝塚 大樹,2012wilsonairx265x78,492535607572,OK
2026-09-01 12:54:36,208,,$$86312,$$86312,NG_伝票未登録
2026-09-01 12:54:43,208,成田 行男,2012wilsonairx265x78,492535607561,OK
2026-09-01 12:55:36,208,森山一樹,dm2011x300xmgn,492535607550,OK
2026-09-01 12:56:48,208,山根 光貴,mz0800x2lxblk,492535607546,OK
2026-09-01 12:57:26,208,細田 里枝,bck030x220xvnl,492535607535,OK
2026-09-01 12:58:04,208,栗原 篤史,rbks140x280xblk,492535607524,OK
2026-09-01 12:58:40,208,北川 修己,wilson8804blk260,492535607513,OK
2026-09-01 12:59:07,208,,$764102,$764102,NG_伝票未登録
2026-09-01 12:59:28,208,森井 祐二,nbw2372vmbx235x2vm,492535607502,OK
2026-09-01 13:00:16,208,山口 真司,mz7017x210xsax,492535607491,OK
2026-09-01 13:00:57,208,鈴木 香里,adshq0081x250xhq0081,492535607480,OK
2026-09-01 13:01:59,208,齋藤 千尋,adskj4368x225xkj4368,492535607476,OK
2026-09-01 13:02:31,208,武本 真菜実,adskj4368x225xkj4368,492535607465,OK
2026-09-01 13:03:20,208,那良 幸代,adskk3791x235xkk3791,492535607454,OK
2026-09-01 13:04:04,208,長谷川 あゆみ,sjj1520x245xblu,492535607443,OK
2026-09-01 13:04:41,208,原科 仁美,sjj1520x190xsax,492535607432,OK
2026-09-01 13:05:12,208,川村 えいこ,mz3366x245x833wbk,492535607421,OK
2026-09-01 13:05:55,208,藤井しのぶ,adskk3791x245xkk3791,492535607410,OK
2026-09-01 13:06:30,208,栗田 博之,adskj0412x265xkj0412,492535607406,OK
2026-09-01 13:07:04,208,,$065500,$065500,NG_伝票未登録
2026-09-01 13:07:32,208,田崎 竹子,mz8017xmxbeg,492535607395,OK
2026-09-01 13:08:28,208,,,492535607384,CLEAR
2026-09-01 13:11:11,208,長屋宏俊,2012wilsonairx280x72,492535607384,OK
2026-09-01 13:11:57,208,辻 麻美,mz7017x210xsax,492535607373,OK
2026-09-01 13:12:37,208,軸丸 ﾕｶ,jk1074x240xblk,492535607362,OK
2026-09-01 13:13:07,208,山下 結季,im6620x235x6320bl,492535607351,OK
2026-09-01 13:13:38,208,中澤 由美,moz491x2lxbkw,492535607340,OK
2026-09-01 13:14:03,208,,7113201,7113201,NG_伝票未登録
2026-09-01 13:14:20,208,木曽 あやの,fkr1363x220xbkr,492535607336,OK
2026-09-01 13:14:41,208,,002,002,NG_伝票未登録
2026-09-01 13:14:43,208,,7012211,7012211,NG_伝票未登録
2026-09-01 13:15:07,208,四方 絵理,parka81321blk220,492535607325,OK
2026-09-01 13:15:46,208,森岡 優美,fkr1363x240xbkr,492535607314,OK
2026-09-01 13:16:23,208,田崎章子,fkr1534x220xblk,492535607303,OK
2026-09-01 13:17:47,208,伊藤 舞,sjj1520x205xbkm,492535607292,OK
2026-09-01 13:18:18,208,神野信也,sjj1520x205xbkm,492535607281,OK
2026-09-01 13:18:59,208,長谷川 智栄,sjj1520x235xbkm,492535607270,OK
2026-09-01 13:19:39,208,,7241351,7241351,NG_伝票未登録
2026-09-01 13:19:48,208,太田 実季,sjj1520x205xbkm,492535607266,OK
2026-09-01 13:20:19,208,沖山 裕太,lej8390x225xsax,492535607255,OK
2026-09-01 13:21:42,208,伊橋 洋子,gs303xsx30grg,492535607244,OK
2026-09-01 13:22:44,208,西山麻弥,sjj1520x200xblk,492535607233,OK
2026-09-01 13:23:13,208,肥後 保子,sjj1520x230xblk,492535607222,OK
2026-09-01 13:23:44,208,伊原朋子,sjj1520x230xblk,492535607211,OK
2026-09-01 13:24:44,208,清水 紀之,rw760a3blk260,492535607200,OK
2026-09-01 13:25:21,208,川村将,rw760a0blk300,492535607196,OK
2026-09-01 13:25:57,208,小林 暁子,rw760a3blk260,492535607185,OK
2026-09-01 13:26:59,208,鈴木 洋子,hw800x265x1blk,492535607174,OK
2026-09-01 13:27:25,208,,$361430,$361430,NG_伝票未登録
2026-09-01 13:27:45,208,森洋子,mf82umx255xsbk,492535607163,OK
2026-09-01 13:28:57,208,石川郁美,mz808x235xwhs,492535607152,OK
2026-09-01 13:29:29,208,野内 晴美,mz710x240xblk,492535607141,OK
2026-09-01 13:30:01,208,金城 未希子,jk1074x255xblk,492535607130,OK
2026-09-01 13:30:53,208,堀野 洋,fmh1854xmxblk,492535607126,OK
2026-09-01 13:32:03,208,池下久美子,pwpt7017x180xblu,492535607115,OK
2026-09-01 13:32:34,208,山本 金作,spltm196x260xsbk,492535607104,OK
2026-09-01 13:33:08,208,小池 常夫,spltm197x250xsbk,492535607093,OK
2026-09-01 13:33:45,208,中村泰子,tz2404blk230,492535607082,OK
2026-09-01 13:34:28,208,寺内 弘子,mz19315x240x2366blk,492535607071,OK
2026-09-01 13:36:51,208,伊藤 勝憲,xstreetxst241x260xjkblk,490843669503,OK
2026-09-01 13:37:47,208,,,490843669492,CLEAR
2026-09-01 13:38:12,208,田中 七海,me3920x210xblk,490843669433,OK
2026-09-01 13:38:44,208,川田 恭代,parka8132whs230,490843669422,OK
2026-09-01 13:39:19,208,白岡 志保,https://bit.ly/3PLUDV8,490843669411,NG_商品違い
2026-09-01 13:39:20,208,白岡 志保,moz2422x230xgrg,490843669411,OK
2026-09-01 13:40:00,208,満平 智之,penny9907x265xjkwbk,490843669400,OK
2026-09-01 13:40:39,208,,,490843669396,CLEAR
2026-09-01 13:40:46,208,,,490843669385,CLEAR
2026-09-01 13:41:53,208,山崎 美紗,ifmesc0002x200xgrn,490843669396,OK
2026-09-01 13:41:51,208,,,490843669396,CLEAR
2026-09-01 13:42:34,208,重岡憲子,ds8155xmxnvy,490843669385,OK
2026-09-01 13:43:53,208,土屋 拳守,1273a124x255xbks,490843669492,OK
2026-09-01 13:44:42,208,川口英嗣,penny6001x2lxgry,490843669481,OK
2026-09-01 13:45:19,208,田原 茂治,wilson8xx280x87bk,490843669470,OK
2026-09-01 13:45:52,208,日下 夕紀,moz491x2lxbkw,490843669466,OK
2026-09-01 13:46:51,208,,,490843669455,CLEAR
2026-09-01 13:46:55,208,山口翔吾,fs900blk2l,490843669455,OK
2026-09-01 13:47:58,208,舟橋 美聡,bck030x190xbeg,490843669444,OK
2026-09-02 08:50:30,208,,,492535610335,CLEAR
2026-09-02 08:50:32,208,藤井 勇人,spltm196x245xnvy,492535610335,OK
2026-09-02 08:51:16,208,高田一磨,rbk10021257mx260xbws,492535610324,OK
2026-09-02 08:52:39,208,伊藤和美,l50493x260xblk,492535610313,OK
2026-09-02 08:53:23,208,平野 一利,spltm196x245xnvy,492535610302,OK
2026-09-02 08:53:45,208,,002,002,NG_伝票未登録
2026-09-02 08:54:19,208,三宅 愛奈,ifme205811x160xbeg,492535610291,OK
2026-09-02 08:55:09,208,久島 莉沙,asahir301x230x310blk,492535610280,OK
2026-09-02 08:55:56,208,岩倉千尋,asahir301x240x310nvy,492535610276,OK
2026-09-02 08:56:38,208,伊藤正,0198376325343,492535610265,NG_商品違い
2026-09-02 08:56:51,208,伊藤正,skc216330wwx280xbbk,492535610265,OK
2026-09-02 08:57:50,208,四野宮 武美,fs900blkl,492535610254,OK
2026-09-02 08:58:40,208,黒滝 伸子,sa2814x250xdbr,492535610243,OK
2026-09-02 08:59:10,208,長井 順子,dj3567x250x7blk,492535610232,NG_商品違い
2026-09-02 08:59:16,208,長井 順子,dj348x250xbrn,492535610232,OK
2026-09-02 09:00:35,208,松下 幸恵,dr630x270x0blk,492535610221,OK
2026-09-02 09:01:36,208,我那覇宗一,du6009x290xblk,492535610210,OK
2026-09-02 09:03:22,208,武藤久美,sa2841x240xwhpb,492535610206,OK
2026-09-02 09:03:56,208,加藤 亮子,lg1700x270xblk,492535610195,OK
2026-09-02 09:04:52,208,,,492535610184,CLEAR
2026-09-02 09:05:15,208,松本 雄宇,ifme306807x175xblk,492535610173,OK
2026-09-02 09:05:49,208,國分瑞枝,mz7016x240xbkw,492535610162,OK
2026-09-02 09:06:36,208,花原 恵里香,l50493x265xblk,492535610151,OK
2026-09-02 09:07:26,208,経塚順二,starcrestjb60x250x605,492535610140,OK
2026-09-02 09:08:04,208,齊藤 泰輝,wilson910x250x1blk,492535610136,OK
2026-09-02 09:09:53,208,,,492535610125,CLEAR
2026-09-02 09:10:32,208,,,492535610114,CLEAR
2026-09-02 09:10:51,208,松嶋 隆太,l204x280xdgy,492535610103,OK
2026-09-02 09:11:13,208,,5231111,5231111,NG_伝票未登録
2026-09-02 09:11:27,208,桑原善治,mg5670yel260,492535610092,OK
2026-09-02 09:12:08,208,後藤 雅樹,fkr1364x230xnvm,492535610081,OK
2026-09-02 09:12:35,208,江草 大助,fkr1364x230xnvm,492535610070,OK
2026-09-02 09:13:58,208,谷本 栄三郎,edm235x270xwpbrn,492535610066,OK
2026-09-02 09:14:32,208,竹内 聡子,rc020x255xblk,492535610055,OK
2026-09-02 09:14:59,208,,7112429,7112429,NG_伝票未登録
2026-09-02 09:15:12,208,堀脇 海愛,2012wilsonairx245x78,492535610044,OK
2026-09-02 09:15:54,208,酒匂 章,dm2020x255xblk,492535610033,OK
2026-09-02 09:16:35,208,小川玉会,pl3130lgryl,492535610022,OK
2026-09-02 09:17:16,208,堀田 澪,edm235x270xwpblk,492535610011,OK
2026-09-02 09:17:42,208,,7131104,7131104,NG_伝票未登録
2026-09-02 09:17:51,208,江田 万寿実,skec20559x255x2blk,492535610000,OK
2026-09-02 09:18:35,208,川口 遼,2012wilsonairx260x78,492535609996,OK
2026-09-02 09:19:24,208,佐藤浩江,alb5503x300xwht,492535609985,OK
2026-09-02 09:20:01,208,大熊 凜,2012wilsonairx265x78,492535609974,OK
2026-09-02 09:20:51,208,平山 憂美香,o4174360x220xorg,492535609963,OK
2026-09-02 09:21:29,208,光華 緑町,mz0800xsxblk,492535609952,OK
2026-09-02 09:22:04,208,小室信幸,mz0800xsxblk,492535609941,OK
2026-09-02 09:22:43,208,倉田 俊男,penny6001xlxsbg,492535609930,OK
2026-09-02 09:23:20,208,川南 小織,2012wilsonairx270x78,492535609926,OK
2026-09-02 09:23:56,208,高尾 優登,penny6001xlxblk,492535609915,NG_商品違い
2026-09-02 09:24:02,208,高尾 優登,penny6001xlxdbr,492535609915,OK
2026-09-02 09:24:45,208,林康司,starcrestjb60x245x605,492535609904,OK
2026-09-02 09:25:26,208,中村 瞳,2012wilsonairx270x78,492535609893,OK
2026-09-02 09:25:57,208,土佐 祐介,dj348x260xbrn,492535609882,NG_商品違い
2026-09-02 09:26:03,208,土佐 祐介,dj3567x260x7blk,492535609882,OK
2026-09-02 09:26:55,208,竹田 裕子,mz3025arx235xblk,492535609871,OK
2026-09-02 09:28:03,208,木田 利英,l303x250xgry,492535609860,OK
2026-09-02 09:28:43,208,木村 彩乃,sac043x180xppl,492535609856,OK
2026-09-02 09:29:21,208,,,492535609845,CLEAR
2026-09-02 09:31:03,208,市本 義一,dm2022x290xgry,492535609845,OK
2026-09-02 09:32:18,208,高橋 亜矢子,fkr1363x200xbkr,492535609834,OK
2026-09-02 09:33:09,208,眉見 綾子,rbk10021257lx240xbws,492535609823,OK
2026-09-02 09:33:47,208,坪田 恵利香,fkr1364x215xbkp,492535609812,OK
2026-09-02 09:35:01,208,下田 哲也,tu7796x270xbrn,492535609801,OK
2026-09-02 09:35:34,208,齊藤 智津,mz710x235xpnk,492535609790,OK
2026-09-02 09:35:57,208,,$474130,$474130,NG_伝票未登録
2026-09-02 09:36:07,208,北川美樹,bck030x190xpcc,492535609786,OK
2026-09-02 09:36:48,208,朝倉 香織,fkr1363x220xbkr,492535609775,OK
2026-09-02 09:37:59,208,三河孝夫,skc149937wx230xnvpr,492535609764,OK
2026-09-02 09:38:34,208,三宅 菜摘,gpu12511x240xowh,492535609753,OK
2026-09-02 09:39:06,208,田中 昌吾,l6236x260xwbk,492535609742,OK
2026-09-02 09:39:45,208,澁谷 麻衣子,mz7016x210xsax,492535609731,OK
2026-09-02 09:40:14,208,,$064406,$064406,NG_伝票未登録
2026-09-02 09:40:35,208,白石雄一郎,du6009x280xblk,492535609720,OK
2026-09-02 09:41:17,208,清水 綾,sac043x190xpnk,492535609716,OK
2026-09-02 09:41:47,208,淺田 侑李,mz3031x245xblk,492535609705,OK
2026-09-02 09:42:23,208,廣瀬 敦史,mz729x250xblk,492535609694,OK
2026-09-02 09:43:24,208,平尾 諭子,bs1092x240xblk,492535609683,OK
2026-09-02 09:43:50,208,,$793305,$793305,NG_伝票未登録
2026-09-02 09:44:53,208,阿部 純一,penny6001xlxblk,492535609672,NG_商品違い
2026-09-02 09:45:11,208,阿部 純一,penny6001xlxbrn,492535609672,OK
2026-09-02 09:45:46,208,桐谷 一宏,l204x280xdgy,492535609661,OK
2026-09-02 09:46:21,208,上地秀幸,nb22act30x280xtwh,492535609650,OK
2026-09-02 09:47:03,208,平川 彩,ls6012fx210xcgd,492535609646,NG_商品違い
2026-09-02 09:47:23,208,平川 彩,algy4701x210xbrn,492535609646,OK
2026-09-02 09:47:55,208,新居 美加,moz491x2lxbkw,492535609635,OK
2026-09-02 09:53:46,208,,,490847064024,CLEAR
2026-09-02 09:55:14,208,,,490847064131,CLEAR
2026-09-02 09:57:36,208,鎌田 和敏,starcrestjb60x255x604,490847064131,OK
2026-09-02 09:57:36,208,鎌田 和敏,2012wilsonairx255x70,490847064131,OK
2026-09-02 09:59:18,208,大友 航太,starcrestjb60x270x604,490847064120,OK
2026-09-02 09:59:18,208,大友 航太,starcrestjb60x270x607,490847064120,OK
2026-09-02 10:00:29,208,,,490847064116,CLEAR
2026-09-02 10:00:47,208,三原千種,edm235x270xwpbrn,490847064116,OK
2026-09-02 10:00:47,208,三原千種,edm235x270xwpblk,490847064116,OK
2026-09-02 10:02:11,208,熱田 雅彦,penny6001xlxdbr,490847064105,OK
2026-09-02 10:02:11,208,熱田 雅彦,penny6001xlxblk,490847064105,OK
2026-09-02 10:03:42,208,大和 裕子,l761x230x780gry,490847064094,OK
2026-09-02 10:03:42,208,大和 裕子,l761x235x780blk,490847064094,OK
2026-09-02 10:05:11,208,大原 知枝,fkr1364x190xnvm,490847064083,OK
2026-09-02 10:05:11,208,大原 知枝,fkr1363x215xbkr,490847064083,OK
2026-09-02 10:07:06,208,,,490847064072,CLEAR
2026-09-02 10:07:21,208,藤崎 有希恵,ifmesc0002x230xgrn,490847064024,OK
2026-09-02 10:07:21,208,藤崎 有希恵,ifmesc0002x230xwht,490847064024,OK
2026-09-02 10:08:34,208,,,490847064072,CLEAR
2026-09-02 10:08:47,208,舩木 ゆうき,2012wilsonairx290x78,490847064072,OK
2026-09-02 10:08:47,208,舩木 ゆうき,2012wilsonairx290x78,490847064072,OK
2026-09-02 10:14:12,208,,,490847064061,CLEAR
2026-09-02 10:14:43,208,宮村 秀志,2012wilsonairx250x71,490847064050,OK
2026-09-02 10:14:43,208,宮村 秀志,2012wilsonairx250x79,490847064050,OK
2026-09-02 10:15:46,208,中村小智子,arpeggiox270xgry,490847064046,NG_商品違い
2026-09-02 10:15:54,208,中村小智子,arpeggiox270xgry,490847064046,OK
2026-09-02 10:15:54,208,中村小智子,arpeggiox270xblk,490847064046,OK
2026-09-02 10:17:11,208,宗近 友晴,jw201ax170x57gy,490847064035,OK
2026-09-02 10:17:11,208,宗近 友晴,jw201ax150x56br,490847064035,OK
2026-09-02 10:19:07,208,加藤 佐知子,ifmesc0002x170xgrn,490847064013,OK
2026-09-02 10:19:07,208,加藤 佐知子,ifmesc0002x155xblu,490847064013,OK
2026-09-02 10:20:44,208,鴨崎 佳苗,ifmesc0002x240xwht,490847064002,OK
2026-09-02 10:20:44,208,鴨崎 佳苗,ifmesc0002x220xwht,490847064002,OK
2026-09-02 10:24:44,208,武山 真也,dr6275x265xdbr,490847064061,OK
2026-09-02 10:24:44,208,武山 真也,dr6275x265xblk,490847064061,OK
2026-09-02 11:09:27,208,常岡 悦子,l303x235xblk,490849001381,OK
2026-09-02 11:10:17,208,原 侑里,bck030x190xbeg,490849001370,OK
2026-09-02 11:10:47,208,藤原 璃美,bck030x230xblk,490849001366,OK
2026-09-02 11:11:37,208,藤原 清史,dm2025x260xblk,490849001355,OK
2026-09-02 11:12:35,208,金元悠司,lg1700x270xnvy,490849001344,OK
2026-09-02 11:13:24,208,片桐 正志,puma313501x250x01,490849001333,OK
2026-09-02 11:14:14,208,京谷多恵,mz6221x260xblk,490849001322,OK
2026-09-02 11:15:10,208,梅沢 陽子,ifmesc0003x215xwht,490849001311,OK
2026-09-02 11:15:46,208,日浅 明依,ifmesc0003x195xwht,490849001300,OK
2026-09-02 11:16:28,208,浅利 歩,sy12080xmxbge,490849001296,OK
2026-09-02 11:17:16,208,高安 里恵,ds8155xmxblk,490849001285,OK
2026-09-02 11:17:52,208,根本栞,ds8155xmxblk,490849001274,OK
2026-09-02 11:19:50,208,西村 沙織,pwpt7017x150x80blu,490849001263,OK
2026-09-02 11:19:50,208,西村 沙織,pwpt7017x170x80blu,490849001263,OK
2026-09-02 11:25:38,208,尾崎 彩夏,algy4503x220xbrn,490849001252,OK
2026-09-02 11:25:38,208,尾崎 彩夏,rap-gry,490849001252,OK
2026-09-02 11:29:22,208,鈴木 一功,skec183023x255xbbk,490849001241,OK
2026-09-02 11:29:22,208,鈴木 一功,rap-gry,490849001241,OK
2026-09-02 13:01:36,208,阿部 浩光,mz0800xmxblk,492535611212,OK
2026-09-02 13:02:34,208,吉田 聡子,spltl173x225xnvy,492535611201,OK
2026-09-02 13:03:02,208,井上 政美,spltsdm014dgry280,492535611190,OK
2026-09-02 13:04:02,208,株式会社 奥田,l303x245xgry,492535611186,OK
2026-09-02 13:04:31,208,土川真里,mz7017x220xsax,492535611175,OK
2026-09-02 13:05:26,208,丸山 由佳,bck030x200xpcc,492535611164,OK
2026-09-02 13:06:21,208,鈴木 京平,hms1863x270xbkb,492535611153,OK
2026-09-02 13:06:55,208,津田せつみ,skec23011x250xnvy,492535611142,OK
2026-09-02 13:07:33,208,阿部 孝,tu8002x265x008,492535611131,OK
2026-09-02 13:07:57,208,,$$51033,$$51033,NG_伝票未登録
2026-09-02 13:07:58,208,,$$51033,$$51033,NG_伝票未登録
2026-09-02 13:08:08,208,東健一郎,tu8002x270x008,492535611120,OK
2026-09-02 13:08:46,208,菊池龍太,tu7796x260xblk,492535611116,OK
2026-09-02 13:09:20,208,植竹 美幸,tu7796x270xblk,492535611105,OK
2026-09-02 13:10:16,208,内潟 淑子,ap230xlx1blk,492535611094,OK
2026-09-02 13:11:05,208,矢野目 隆,edm235x255xwpblk,492535611083,OK
2026-09-02 13:11:45,208,寄玉 真由子,l303x240xblk,492535611072,OK
2026-09-02 13:12:18,208,中村 千奈美,algy4503x240xwhc,492535611061,OK
2026-09-02 13:13:00,208,鬼海 瑞菜,sjj1520x200xblu,492535611050,OK
2026-09-02 13:13:47,208,鵜飼 亮吉,adskj4368x255xkj4368,492535611046,OK
2026-09-02 13:16:25,208,,g,g,NG_伝票未登録
2026-09-02 13:16:27,208,,,,CLEAR
2026-09-02 13:16:53,208,,de,de,NG_伝票未登録
2026-09-02 13:16:55,208,,1,1,NG_伝票未登録
2026-09-02 13:16:55,208,,qq,qq,NG_伝票未登録
2026-09-02 13:16:54,208,,R5,R5,NG_伝票未登録
2026-09-02 13:16:56,208,,q,q,NG_伝票未登録
2026-09-02 13:16:56,208,,,,CLEAR
2026-09-03 08:48:03,208,,,492535613150,CLEAR
2026-09-03 08:48:39,208,佐藤剛,xstreetxst241x255xjkblk,492535613146,OK
2026-09-03 08:49:02,208,,$$51054,$$51054,NG_伝票未登録
2026-09-03 08:50:02,208,森田庸介,rstac007xmxbkbr,492535613135,NG_商品違い
2026-09-03 08:50:17,208,森田庸介,rstac007xmxbkbk,492535613135,OK
2026-09-03 08:52:18,208,,,492535613124,CLEAR
2026-09-03 08:52:26,208,長谷川謹崇,l50497x265xnvy,492535613124,OK
2026-09-03 08:52:50,208,,$$05201,$$05201,NG_伝票未登録
2026-09-03 08:53:01,208,山口 健史,tu8002x260x008,492535613113,OK
2026-09-03 08:53:45,208,西 まみこ,mz7017x200xgry,492535613102,OK
2026-09-03 08:54:21,208,五十嵐 絵美,mz3025arx235xblk,492535613091,OK
2026-09-03 08:55:50,208,,,492535613080,CLEAR
2026-09-03 08:56:18,208,槌屋 愛,bck030x230xbeg,492535613080,OK
2026-09-03 08:56:50,208,佐藤 美穂子,bck030x230xbeg,492535613076,OK
2026-09-03 08:57:27,208,小松 沙耶香,mz7017x200xsax,492535613065,OK
2026-09-03 08:58:03,208,味澤 光郎,starcrestjb60x255x604,492535613054,OK
2026-09-03 08:58:37,208,赤嶺朋美,tu7796x260xblk,492535613043,OK
2026-09-03 08:59:19,208,宮下 健,tu7796x255xblk,492535613032,OK
2026-09-03 08:59:52,208,葭葉 智昭,tu7796x255xblk,492535613021,OK
2026-09-03 09:00:27,208,武部 敬輔,mz7017x200xnvy,492535613010,OK
2026-09-03 09:01:02,208,成田寿子,spltl173x240xnvy,492535613006,OK
2026-09-03 09:01:36,208,渡辺 真理子,bck030x210xbkw,492535612995,OK
2026-09-03 09:02:41,208,野村 治和,du6009x260xmgn,492535612984,OK
2026-09-03 09:03:14,208,東野 充倫,spltm196x270xnvy,492535612973,OK
2026-09-03 09:03:54,208,行本 拓矢,xstreetxst241x300xjknvy,492535612962,OK
2026-09-03 09:04:41,208,中野 淳一,air10x270x03bk,492535612951,OK
2026-09-03 09:05:31,208,橋本 美弥子,mz19315x225xbeg,492535612940,OK
2026-09-03 09:06:16,208,高村 紀実子,bck030x210xblk,492535612936,OK
2026-09-03 09:06:47,208,小濱 圭,bck030x220xbkw,492535612925,OK
2026-09-03 09:07:21,208,實村 俊一,spltm196x265xblk,492535612914,OK
2026-09-03 09:07:59,208,土田 学,edm235x255xwpbrn,492535612903,OK
2026-09-03 09:08:28,208,水野 大介,edm235x255xwpbrn,492535612892,OK
2026-09-03 09:09:01,208,渡邉 航希,du6009x280xblk,492535612881,OK
2026-09-03 09:09:42,208,吉留由希也,gy8082lax280xwbk,492535612870,OK
2026-09-03 09:10:27,208,大竹浩隆,alb5503x300xwht,492535612866,OK
2026-09-03 09:11:09,208,浅井 一輝,2012wilsonairx265x78,492535612855,OK
2026-09-03 09:11:47,208,田中 のぞみ,penny6001xmxblk,492535612844,OK
2026-09-03 09:12:34,208,石田 亜耶,o4174360x225xnvy,492535612833,OK
2026-09-03 09:13:25,208,田島 里美,jk1074x250xblk,492535612822,OK
2026-09-03 09:14:24,208,後藤 正行,dm2022x270xgry,492535612811,OK
2026-09-03 09:15:28,208,石塚 忠雄,penny6001xmxsbg,492535612800,OK
2026-09-03 09:16:13,208,松尾健,starcrestjb60x265x601,492535612796,NG_商品違い
2026-09-03 09:16:17,208,松尾健,starcrestjb60x265x605,492535612796,OK
2026-09-03 09:16:55,208,山下 鈴香,xst6033bkbl,492535612785,OK
2026-09-03 09:17:35,208,澁谷 高之,penny6001x2lxgry,492535612774,OK
2026-09-03 09:19:16,208,野島 樹,tu7796x270xblk,492535612763,OK
2026-09-03 09:19:49,208,吉田 美友,4549095000060,492535613150,NG_商品違い
2026-09-03 09:20:08,208,吉田 美友,4549095000060,492535613150,NG_商品違い
2026-09-03 09:20:14,208,,,492535613150,CLEAR
2026-09-03 09:20:19,208,吉田 美友,4549095000060,492535613150,NG_商品違い
2026-09-03 09:20:28,208,,,492535613150,CLEAR
2026-09-03 09:21:01,208,吉田 美友,492535612752,492535613150,NG_商品違い
2026-09-03 09:21:05,208,,,492535613150,CLEAR
2026-09-03 09:21:07,208,,$$55110,$$55110,NG_伝票未登録
2026-09-03 09:21:21,208,山田 鮎子,bck030x190xpcc,492535612752,OK
2026-09-03 09:22:02,208,清水 友美子,im6620x225x6630bl,492535612741,OK
2026-09-03 09:22:41,208,熊谷 純一,va500x255xblk,492535612730,OK
2026-09-03 09:23:57,208,,,492535612726,CLEAR
2026-09-03 09:24:22,208,,,492535612715,CLEAR
2026-09-03 09:24:28,208,,,492535613150,CLEAR
2026-09-03 09:24:34,208,,,492535612726,CLEAR
2026-09-03 09:25:03,208,平川 桃子,algy4503x200xwhc,492535612704,OK
2026-09-03 09:25:41,208,,,492535612715,CLEAR
2026-09-03 09:25:51,208,,,492535612726,CLEAR
2026-09-03 09:26:11,208,薄田 裕介,sjj1520x220xsax,492535612693,OK
2026-09-03 09:26:58,208,清水公美,adskj0410x260xkj0410,492535612682,OK
2026-09-03 09:29:01,208,中島 裕実子,jk1074x245xwht,490853485102,OK
2026-09-03 09:29:28,208,高橋 宙,jk1074x245xwht,490853485091,OK
2026-09-03 09:30:10,208,豊田 紘己,l6339blk260,490853485080,OK
2026-09-03 09:30:47,208,成田 裕樹,fs900dbrm,490853485076,OK
2026-09-03 09:31:29,208,苗村ゆか子,penny6001xlxgry,490853485065,OK
2026-09-03 09:32:02,208,山林浩子,im6620x230x6320bl,490853485054,OK
2026-09-03 09:32:52,208,谷口 正志,edm235x255xwpblk,490853485043,OK
2026-09-03 09:33:26,208,本宮 康之,du6009x260xblk,490853485032,OK
2026-09-03 09:34:07,208,吉田 美帆,parka8132whs210,490853485021,OK
2026-09-03 09:34:47,208,高倉 真樹,l50497x255xnvy,490853485010,OK
2026-09-03 09:35:21,208,鈴木 みやこ,parka8132whs220,490853485006,OK
2026-09-03 09:35:58,208,長野 明,dj360x260xgry,490853484995,NG_商品違い
2026-09-03 09:36:10,208,長野 明,bs1052x260xgry,490853484995,OK
2026-09-03 09:36:48,208,水口 美知子,va302x245xblk,490853484984,OK
2026-09-03 09:37:24,208,谷田康太,wilsoncaj16012blk270,490853484973,OK
2026-09-03 09:37:59,208,笠原 悟,l6339wbk265,490853484962,OK
2026-09-03 09:38:43,208,中谷 美紀,pansy4078x225xblk,490853484951,OK
2026-09-03 09:39:58,208,平野智子,edw37600x240xblk,490853484940,OK
2026-09-03 09:40:35,208,山本 菜央,bt60xa1blk245,490853484936,OK
2026-09-03 09:41:10,208,高橋 保,2012wilsonairx260x78bit,490853484925,OK
2026-09-03 09:41:50,208,佐藤 祐輔,2012wilsonairx290x70bbr,490853484914,OK
2026-09-03 09:42:27,208,山口浩幸,2012wilsonairx260x78bit,490853484903,OK
2026-09-03 09:42:57,208,佐野 彩,l303x235xblk,490853484892,OK
2026-09-03 09:43:32,208,牧 ひろ子,2012wilsonairx265x73,490853484881,OK
2026-09-03 09:44:07,208,小野 誠治,l6075x280xblk,490853484870,OK
2026-09-03 09:44:46,208,山本 千晶,pn8403x230xbeg,490853484866,OK
2026-09-03 09:45:23,208,岩本憲一,dr6265x260xlbr,490853484855,OK
2026-09-03 09:46:14,208,金居英美,avv300x250x1db,490853484844,OK
2026-09-03 09:46:53,208,松原 由美子,pl3130cmll,490853484833,NG_商品違い
2026-09-03 09:46:58,208,松原 由美子,pl3130blkl,490853484833,OK
2026-09-03 09:47:39,208,庄司 美穂,adslb1601x230xlb1601,490853484822,OK
2026-09-03 09:48:30,208,萩谷稔,2012wilsonairx255x71,490853484811,OK
2026-09-03 09:49:06,208,渡部 千尋,mz7017x220xlvd,490853484800,OK
2026-09-03 09:49:39,208,清水淳司,l6075x270xwet,490853484796,NG_商品違い
2026-09-03 09:49:57,208,清水淳司,l689x270xblk,490853484796,OK
2026-09-03 09:50:33,208,相生 佳代子,jk1074x255xblk,490853484785,OK
2026-09-03 09:51:09,208,片岡 眞雄,l6075x250xwht,490853484774,OK
2026-09-03 09:57:03,208,,,490853484435,CLEAR
2026-09-03 09:57:09,208,,,490853484424,CLEAR
2026-09-03 09:57:13,208,,,490853484391,CLEAR
2026-09-03 09:57:57,208,雫石 彩,jk1074x240xwht,490853484435,OK
2026-09-03 09:59:04,208,長谷川 清美,pn8334x230xnvy,490853484424,OK
2026-09-03 09:59:41,208,後藤 聡子,pw7602x3lxblk,490853484413,OK
2026-09-03 10:00:19,208,赤井 久美子,arpeggiox245xgry,490853484402,NG_商品違い
2026-09-03 10:02:11,208,赤井 久美子,arpeggiox245xblk,490853484402,OK
2026-09-03 10:02:52,208,高橋 未来,fkr1534x210xblu,490853484391,OK
2026-09-03 10:03:57,208,宮地 雅之,spltm195blk255,490853484380,OK
2026-09-03 10:04:33,208,加藤 美香子,bck030x230xbkw,490853484376,OK
2026-09-03 11:01:10,208,安藤 雅偉,xst6032bkb280,492535612715,OK
2026-09-03 11:01:30,208,松島 宗徳,xst6032bkb280,492535612726,OK
2026-09-03 11:25:06,208,,492535614012,492535614012,NG_伝票未登録
2026-09-03 11:25:09,208,,492535614012,492535614012,NG_伝票未登録
2026-09-03 11:25:11,208,,,,CLEAR
2026-09-03 11:25:17,208,,,,CLEAR
2026-09-03 11:25:15,208,,492535614012,492535614012,NG_伝票未登録
2026-09-03 11:25:33,208,,492535614012,492535614012,NG_伝票未登録
2026-09-03 11:25:35,208,,,,CLEAR
2026-09-03 11:25:49,208,,492535614012,492535614012,NG_伝票未登録
2026-09-03 11:25:51,208,,,,CLEAR
2026-09-03 11:26:06,208,,492535614012,492535614012,NG_伝票未登録
2026-09-03 11:26:08,208,,,,CLEAR
2026-09-03 11:26:30,208,,492535614012,492535614012,NG_伝票未登録
2026-09-03 11:26:32,208,,,,CLEAR
2026-09-03 11:27:14,208,夏山 美樹,mz7017x220xsax,492535614012,OK
2026-09-03 11:27:58,208,手打 静也,penny9907x255xjkwbk,492535614001,OK
2026-09-03 11:29:08,208,綱藤朱美,lg1700x270xblk,492535613990,OK
2026-09-03 11:30:06,208,水野 里美,mz7017x210xblw,492535613986,OK
2026-09-03 11:31:04,208,,,492535613975,CLEAR
2026-09-03 11:31:06,208,越智 光志,2012wilsonairx260x78,492535613975,OK
2026-09-03 11:31:50,208,小糸 健太郎,dm2011x255xblk,492535613964,OK
2026-09-03 11:32:35,208,小野敏,adskj6691x210xkj6691,492535613953,OK
2026-09-03 11:33:03,208,三橋 衛,penny6001x2lxblk,492535613942,OK
2026-09-03 11:33:49,208,池田 守,dm2011x270xmgn,492535613931,OK
2026-09-03 11:34:41,208,田中 ﾙﾘ子,penny6001x2lxgry,492535613920,OK
2026-09-03 11:35:07,208,,penny6001x2lxgry,penny6001x2lxgry,NG_伝票未登録
2026-09-03 11:35:11,208,,,492535613920,CLEAR
2026-09-03 11:39:44,208,酒井 諭,edm235x260xwpbrn,492535613916,OK
2026-09-03 11:40:33,208,桐原 歩,bck030x180xblk,492535613905,OK
2026-09-03 11:41:10,208,塩田 恵子,mz8017x2lxbeg,492535613894,OK
2026-09-03 11:42:15,208,,,492535613883,CLEAR
2026-09-03 11:42:32,208,村瀬 由馬,fs900dbrm,492535613872,OK
2026-09-03 11:43:04,208,,$902119,$902119,NG_伝票未登録
2026-09-03 11:43:19,208,瀧谷富生,spltamm119x255xblk,492535613861,OK
2026-09-03 11:44:14,208,大坂 亜矢,l304x240xdnv,492535613850,OK
2026-09-03 11:44:49,208,水口 史昭,du6009x290xblk,492535613846,OK
2026-09-03 11:45:53,208,野村和子,spltl171nvy240,492535613835,OK
2026-09-03 11:46:29,208,平野 麻美,fkr1363x240xbkr,492535613824,OK
2026-09-03 11:47:04,208,近藤 愛,fkr1364x200xbkp,492535613813,OK
2026-09-03 11:47:51,208,渡邊 美樹,l303x240xblk,492535613802,OK
2026-09-03 11:49:25,208,市原準子,bs0528x245xblk,492535613791,OK
2026-09-03 11:50:04,208,深川 春香,mz8017xmxnvy,492535613780,OK
2026-09-03 11:50:38,208,,,492535613776,CLEAR
2026-09-03 12:55:26,208,渡辺千絵,sjj1520x240xbkm,492535613776,OK
2026-09-03 12:56:13,208,,,492535613883,CLEAR
2026-09-03 12:56:29,208,向 薫,tef02x210xwht,492535613765,OK
2026-09-03 12:57:30,208,田中 昭匡,tef02x230xblu,492535613754,OK
2026-09-03 12:58:15,208,水谷 吉博,ev1001x260xblk,492535613743,OK
2026-09-03 12:59:20,208,加治 真紀,b151142bke240,492535613732,OK
2026-09-03 13:01:40,208,輸出上屋-TMALL楽天扱,ifmesc0003x230xpnk,492535613205,OK
2026-09-03 13:01:40,208,輸出上屋-TMALL楽天扱,kaigai,492535613205,OK
2026-09-03 13:04:39,208,鈴木 理恵子,ifmesc0002x235xblu,492535613194,OK
2026-09-03 13:04:39,208,鈴木 理恵子,ifmesc0002x215xwht,492535613194,OK
2026-09-03 13:06:13,208,木澤 光里,ifmesc0002x160xpnk,492535613183,OK
2026-09-03 13:06:13,208,木澤 光里,ifmesc0003x160xpnk,492535613183,OK
2026-09-03 13:08:11,208,輸出上屋-TMALL楽天扱,kaigai,492535613172,OK
2026-09-03 13:08:11,208,輸出上屋-TMALL楽天扱,ifmesc0003x220xwht,492535613172,OK
2026-09-03 13:10:00,208,高江 優子,ifmesc0003x225xpnk,492535613161,OK
2026-09-03 13:10:00,208,高江 優子,ifmesc0003x220xpnk,492535613161,OK
2026-09-03 13:16:55,208,,,492535613883,CLEAR
2026-09-03 13:17:01,208,田中 秀和,xst6032bkb280,492535613883,OK
2026-09-03 13:24:11,208,富満 絹代,skec232469wx280xnvy,490856410052,OK
2026-09-03 13:25:13,208,日笠山保,wilson8xx260x83bk,490856410041,OK
2026-09-03 13:25:53,208,小山田敏之,edm235x260xwpbrn,490856410030,OK
2026-09-03 13:27:14,208,徳永 弘美,bs1091x250xblk,490856410026,OK
2026-09-03 13:28:05,208,播田 友希子,mz19315x235xoks,490856410015,NG_商品違い
2026-09-03 13:28:20,208,播田 友希子,moz24502x235xblk,490856410015,OK
2026-09-03 13:28:56,208,近東 香織,l303x230xblk,490856410004,OK
2026-09-03 13:30:07,208,横田悠里,dnc1376lex150xppl,490856409993,OK
2026-09-03 13:30:54,208,尾亦 伸隆,l203x265xnvy,490856409982,OK
2026-09-03 13:31:37,208,石川 加有,jk1074x245xblk,490856409971,OK
2026-09-03 13:32:34,208,川村健弘,dm2022x270xblk,490856409960,OK
2026-09-03 13:33:43,208,岡田 和美,sa2814x250xbeg,490856409956,OK
2026-09-06 08:49:13,208,柳本 純一,2012wilsonairx265x70,490868337002,OK
2026-09-06 08:49:59,208,白石 純子,moz491xlxblk,490868336991,NG_商品違い
2026-09-06 08:50:14,208,白石 純子,moz491xlxbkw,490868336991,OK
2026-09-06 08:50:41,208,片山 渚,moz491xlxbkw,490868336980,OK
2026-09-06 08:51:21,208,山下 咲希,ifme206300x135xppl,490868336976,OK
2026-09-06 08:51:51,208,坂本 沙智,moz491xlxbkw,490868336965,OK
2026-09-06 08:52:26,208,村石 卓也,gs303x3lx30grg,490868336954,OK
2026-09-06 08:53:21,208,武市 真衣,jk1074x245xwht,490868336943,OK
2026-09-06 08:53:49,208,廣瀬 美加,mz19315x235xnvy,490868336932,OK
2026-09-06 08:54:24,208,松浦 博紀,wilsonairxmx710bk,490868336921,OK
2026-09-06 08:55:03,208,井手 貴正,2012wilsonairx265x70,490868336910,OK
2026-09-06 08:55:38,208,池下 大輔,2012wilsonairx265x70,490868336906,OK
2026-09-06 08:56:09,208,下川 一樹,2012wilsonairx280x70,490868336895,OK
2026-09-06 08:56:40,208,関口 嵩人,2012wilsonairx265x70,490868336884,OK
2026-09-06 08:57:19,208,橋元 一輝,spltm196x260xnvy,490868336873,OK
2026-09-06 08:57:55,208,足助 絵美,l303x230xbkb,490868336862,OK
2026-09-06 08:58:26,208,有馬 秀生,2012wilsonairx270x70,490868336851,OK
2026-09-06 08:58:57,208,阿部 瞳,2012wilsonairx270x70,490868336840,OK
2026-09-06 08:59:28,208,乙竹 直子,ifme306317x190xsax,490868336836,OK
2026-09-06 09:00:08,208,松 崎康弘,tu7796x245xdbr,490868336825,OK
2026-09-06 09:00:52,208,久能 宏介,lg1700x250xblk,490868336814,OK
2026-09-06 09:01:32,208,伊藤 一将,mz19315x245x2366blk,490868336803,OK
2026-09-06 09:02:06,208,木村 由香里,4550664068831,490868336792,NG_商品違い
2026-09-06 09:02:13,208,木村 由香里,sac043x160xpnk,490868336792,OK
2026-09-06 09:02:58,208,西尾 構造,sa2841x240xrdcm,490868336781,OK
2026-09-06 09:03:41,208,宮房和弘,spltm209x265xtap,490868336770,OK
2026-09-06 09:04:34,208,芝崎 友重,mz7017x240xsax,490868336766,OK
2026-09-06 09:05:17,208,森永 恵子,nb22act30x235xwht,490868336755,OK
2026-09-06 09:05:53,208,石川 明美,moz491x2lxbkw,490868336744,OK
2026-09-06 09:06:28,208,吉田 節子,mz19315x235x2366blk,490868336733,OK
2026-09-06 09:07:01,208,三好 宏昌,wilson1901x250xblk,490868336722,OK
2026-09-06 09:07:43,208,山田 剛,2012wilsonairx265x79,490868336711,OK
2026-09-06 09:08:16,208,渡部 仁,2012wilsonairx260x70,490868336700,OK
2026-09-06 09:09:01,208,竹中 健治,dm2032x280xvlt,490868336696,OK
2026-09-06 09:09:48,208,石橋 敬宏,2012wilsonairx260x70,490868336685,OK
2026-09-06 09:12:00,208,藤井 晴子,2012wilsonairx265x79,490868336674,OK
2026-09-06 09:12:32,208,川崎 芳裕,wilson1901x250xblk,490868336663,OK
2026-09-06 09:13:12,208,ﾅｶ ﾑﾗ,2012wilsonairx250x78,490868336652,OK
2026-09-06 09:13:54,208,小畑忍,rbks130x280xblk,490868336641,OK
2026-09-06 09:14:49,208,澤村 宏美,skec177798x235xbbk,490868336630,OK
2026-09-06 09:15:15,208,,,490868336626,CLEAR
2026-09-06 09:15:30,208,玉造 友美,mz834x240xwhb,490868336626,OK
2026-09-06 09:16:01,208,河井 恵,alb5503x270xwht,490868336615,OK
2026-09-06 09:16:57,208,吉田 浩,wilsoncaj16012blk265,490868336604,OK
2026-09-06 09:17:33,208,原田 恵一,2012wilsonairx250x78,490868336593,OK
2026-09-06 09:18:13,208,石橋 準奈,2012wilsonairx250x78,490868336582,OK
2026-09-06 09:18:51,208,稲 俊之,alb5503x265xwht,490868336571,OK
2026-09-06 09:19:29,208,平泉 友加里,avv300x240xblk,490868336560,OK
2026-09-06 09:21:10,208,穴見 香織,jk1074x235xwht,490868336556,OK
2026-09-06 09:21:42,208,室賀 昭彦,jk1074x235xwht,490868336545,OK
2026-09-06 09:22:12,208,河村 香織,avv300x235xblk,490868336534,OK
2026-09-06 09:22:59,208,中村綾香,mz7017x240xsax,490868336523,OK
2026-09-06 09:23:31,208,高橋 陽子,avv300x240xblk,490868336512,OK
2026-09-06 09:24:12,208,本間真由子,b151142x235x062blk,490868336501,OK
2026-09-06 09:24:42,208,米山 真理,4550664092294,490868336490,NG_商品違い
2026-09-06 09:24:47,208,米山 真理,spltm196x260xblk,490868336490,OK
2026-09-06 09:25:27,208,森川 泰子,2012wilsonairx255x79,490868336486,OK
2026-09-06 09:26:14,208,田中 哲也,wilson8xx260x82bk,490868336475,OK
2026-09-06 09:26:59,208,菅原 りか,im6620x250x6620bl,490868336464,OK
2026-09-06 09:27:41,208,中山 みなみ,avv300x230x1bk,490868336453,OK
2026-09-06 09:28:20,208,浮嶋 理恵,jk1074x235xwht,490868336442,OK
2026-09-06 09:28:56,208,中屋 ゆかり,jk1074x235xwht,490868336431,OK
2026-09-06 09:29:34,208,成毛 瑠美,va302x255xkhk,490868336420,OK
2026-09-06 09:30:13,208,石上 文,avv300x225xdbr,490868336416,OK
2026-09-06 09:30:45,208,大西 信弘,jk1074x235xwht,490868336405,OK
2026-09-06 09:31:45,208,坂本 都起,bt60xa6blk240,490868336394,OK
2026-09-06 09:32:31,208,沖 洋,165hmmm951blk270,490868336383,OK
2026-09-06 09:33:08,208,小屋敷優香,o4170050x210xble,490868336372,OK
2026-09-06 09:33:43,208,鳥越 恵子,avv300x245x1db,490868336361,OK
2026-09-06 09:34:25,208,柴田 敬太,fs900dbr2l,490868336350,OK
2026-09-06 09:36:54,208,,,490868336346,CLEAR
2026-09-06 09:38:55,208,中村 紀彦,me3920x200xblk,490868336346,OK
2026-09-06 09:39:36,208,香西 美紀,ifme303419x155xblk,490868336335,OK
2026-09-06 09:40:25,208,平井祐太,moz491x2lxblk,490868336324,OK
2026-09-06 09:40:59,208,黒田 将弘,2012wilsonairx265x78dbr,490868336313,OK
2026-09-06 09:41:29,208,立花 正美,moz491xmxbkw,490868336302,OK
2026-09-06 09:41:58,208,田部 香子,moz491xmxbkw,490868336291,OK
2026-09-06 09:42:29,208,高橋 聡介,2012wilsonairx250x79,490868336280,OK
2026-09-06 09:42:55,208,弓削 克彦,2012wilsonairx255x78,490868336276,OK
2026-09-06 09:43:26,208,河邊 慎司,2012wilsonairx255x78,490868336265,OK
2026-09-06 09:44:19,208,石山 和敏,spltm196x260xnvy,490868336254,OK
2026-09-06 09:44:54,208,目良 昌己,2012wilsonairx255x78,490868336243,OK
2026-09-06 09:45:34,208,居内 和代,moz491xmxbkw,490868336232,OK
2026-09-06 09:46:26,208,奥 慎一,2012wilsonairx255x78,490868336221,OK
2026-09-06 09:47:01,208,山下 大輔,wilsoncaj16022blk270,490868336210,OK
2026-09-06 09:47:53,208,冨岡 亜沙美,algy4503x200xblk,490868336206,OK
2026-09-06 09:48:23,208,川崎健一郎,moz491xmxblk,490868336195,OK
2026-09-06 09:48:55,208,浦中 勉,pw7602xlxblk,490868336184,OK
2026-09-06 09:49:28,208,森脇 歩美,2012wilsonairx290x78,490868336173,OK
2026-09-06 09:50:00,208,村山 通則,2012wilsonairx290x78,490868336162,OK
2026-09-06 09:50:40,208,福田 直美,b151142bks230,490868336151,OK
2026-09-06 09:51:11,208,小山 哲,2012wilsonairx290x78,490868336140,OK
2026-09-06 09:52:06,208,山本 麻紀子,l761x240x780blk,490868336136,OK
2026-09-06 09:52:42,208,諫山 沙巴水,l761x230x780gry,490868336125,OK
2026-09-06 09:53:23,208,武松 三枝,starcrestjb60x260x604,490868336114,OK
2026-09-06 09:54:11,208,中村 尚毅,lg1700x270xnvy,490868336103,OK
2026-09-06 09:54:47,208,仁平 珠実,ifme305317x170xpnk,490868336092,OK
2026-09-06 09:55:28,208,山本 さつき,l303x245xbkb,490868336081,OK
2026-09-06 09:56:13,208,菅原 慎之介,fkr1364x190xnvm,490868336070,OK
2026-09-06 09:56:56,208,櫻木 麻理香,moz491x2lxblk,490868336066,OK
2026-09-06 10:07:11,208,,,492535631825,CLEAR
2026-09-06 10:07:57,208,石田 尚美,rbk10021257mx260xbws,492535631814,OK
2026-09-06 10:09:21,208,峰山麻由,mz7017x220xblw,492535631803,OK
2026-09-06 10:09:55,208,安達 美紗子,bck030x230xgry,492535631792,OK
2026-09-06 10:10:24,208,山田 美咲,bck030x230xgry,492535631781,OK
2026-09-06 10:10:59,208,蕪木 智也,mz7017x220xblw,492535631770,OK
2026-09-06 10:11:36,208,赤堀 雅彦,jk1313x300xwht,492535631766,NG_商品違い
2026-09-06 10:11:40,208,赤堀 雅彦,xstreetxst241x300xjkwht,492535631766,OK
2026-09-06 10:12:11,208,,$362105,$362105,NG_伝票未登録
2026-09-06 10:12:46,208,前田佳伸,lg1700x265xblk,492535631755,OK
2026-09-06 10:13:12,208,,$064204,$064204,NG_伝票未登録
2026-09-06 10:13:18,208,加藤さえ子,edm235x270xwpbrn,492535631744,OK
2026-09-06 10:14:04,208,樽本 亮平,edm235x270xwpbrn,492535631733,OK
2026-09-06 10:14:32,208,,$$91206,$$91206,NG_伝票未登録
2026-09-06 10:14:38,208,永田 英治,edm235x270xwpbrn,492535631722,OK
2026-09-06 10:15:02,208,,002,002,NG_伝票未登録
2026-09-06 10:15:11,208,廣山 まなみ,bck030x190xvnl,492535631711,OK
2026-09-06 10:15:45,208,吉森 美智瑠,fs900blkl,492535631700,OK
2026-09-06 10:16:25,208,,002,002,NG_伝票未登録
2026-09-06 10:16:33,208,安部 琴子,fs900blkl,492535631696,OK
2026-09-06 10:17:18,208,建部 憲久,rstac007xlxbkbk,492535631685,OK
2026-09-06 10:23:21,208,杉浦 秀樹,puma313769x280x01,492535631674,OK
2026-09-06 10:23:55,208,,$692040,$692040,NG_伝票未登録
2026-09-06 10:24:22,208,荒川 恵理奈,asahir301x240x310nvy,492535631663,OK
2026-09-06 10:25:14,208,吉原千歳,asahir301x200x310blk,492535631652,OK
2026-09-06 10:25:43,208,,$451006,$451006,NG_伝票未登録
2026-09-06 10:25:53,208,魚住 保幸,asahir301x200x310blk,492535631641,OK
2026-09-06 10:26:25,208,成田 恭子,asahir301x240x310blk,492535631630,OK
2026-09-06 10:27:05,208,星谷 文平,fs900blk2l,492535631626,OK
2026-09-06 10:28:06,208,名川 里菜,b151142x199xble245,492535631615,OK
2026-09-06 10:28:46,208,武智 美紀,skec183023wx260xwht,492535631604,OK
2026-09-06 10:29:52,208,青山 信久,co260x260x2bk,492535631593,OK
2026-09-06 10:30:34,208,友沢 和久,fs900blkl,492535631582,OK
2026-09-06 10:31:18,208,,,492535631571,CLEAR
2026-09-06 10:32:50,208,山根 あい,fs900blkl,492535631571,OK
2026-09-06 10:33:16,208,,$614220,$614220,NG_伝票未登録
2026-09-06 10:33:27,208,北川 みさと,bck030x210xbkw,492535631560,OK
2026-09-06 10:33:58,208,圓石 恭子,bck030x210xbkw,492535631556,OK
2026-09-06 10:34:21,208,,$$61398,$$61398,NG_伝票未登録
2026-09-06 10:34:27,208,中川 香奈,bck030x210xbkw,492535631545,OK
2026-09-06 10:34:55,208,木澤 京子,bck030x210xbkw,492535631534,OK
2026-09-06 10:35:23,208,岡田 美紗子,bck030x210xbkw,492535631523,OK
2026-09-06 10:35:48,208,,$616310,$616310,NG_伝票未登録
2026-09-06 10:35:50,208,,002,002,NG_伝票未登録
2026-09-06 10:35:56,208,鎌田 早紀,bck030x210xbkw,492535631512,OK
2026-09-06 10:36:24,208,長手 奈央,bck030x210xbkw,492535631501,OK
2026-09-06 10:36:54,208,杉山 可奈子,bck030x210xbkw,492535631490,OK
2026-09-06 10:38:00,208,山村 麻美,bck030x200xbkw,492535631486,OK
2026-09-06 10:38:37,208,飯川晴美,bck030x200xbkw,492535631475,OK
2026-09-06 10:39:17,208,高木 智美,bck030x200xbkw,492535631464,OK
2026-09-06 10:39:41,208,,$616120,$616120,NG_伝票未登録
2026-09-06 10:39:52,208,仲宗根 寿代,l6476bkr250,492535631453,OK
2026-09-06 10:40:51,208,岡田 実穂,l6476wet260,492535631442,OK
2026-09-06 10:42:24,208,中本 涼吾,gpu22342x280xwgn,492535631431,OK
2026-09-06 10:42:50,208,,002,002,NG_伝票未登録
2026-09-06 10:43:05,208,高井 昭準,dj295x255xblk,492535631420,OK
2026-09-06 10:43:32,208,志田 優花,bck030x220xbkw,492535631416,OK
2026-09-06 10:44:02,208,依田 容子,bck030x220xbkw,492535631405,OK
2026-09-06 10:44:24,208,徳良 結衣,bck030x220xbkw,492535631394,OK
2026-09-06 10:44:48,208,,7161210,7161210,NG_伝票未登録
2026-09-06 10:44:57,208,三輪智美,fkr1364x240xbkp,492535631383,OK
2026-09-06 10:46:44,208,鈴木 博士,bck030x210xblk,492535631372,OK
2026-09-06 10:47:13,208,大重 翔平,bck030x210xblk,492535631361,OK
2026-09-06 10:47:49,208,圓城寺 孝志,penny9907x270xjkwht,492535631350,OK
2026-09-06 10:48:32,208,中山 小百合,penny9907x270xjkwht,492535631346,OK
2026-09-06 10:49:27,208,岩田 知子,fkr1363x210xbkr,492535631335,OK
2026-09-06 10:50:07,208,藤原 亨介,adshq2936x230xhq2936,492535631324,OK
2026-09-06 10:50:36,208,中根 優奈,fkr1363x210xbkr,492535631313,OK
2026-09-06 10:51:12,208,松葉 このみ,bck030x200xbeg,492535631302,OK
2026-09-06 10:51:34,208,,002,002,NG_伝票未登録
2026-09-06 10:51:37,208,,$$45034,$$45034,NG_伝票未登録
2026-09-06 10:51:43,208,平田 直規,bck030x200xbeg,492535631291,OK
2026-09-06 10:52:22,208,内田秀幸,wilson1901x280xblk,492535631280,OK
2026-09-06 10:52:58,208,柳田 圭三郎,b151142bke235,492535631276,OK
2026-09-06 10:54:05,208,小泉 幸子,im6620x230x6630bl,492535631265,OK
2026-09-06 10:54:53,208,近藤 正恵,sa2814x245xcml,492535631254,OK
2026-09-06 10:55:27,208,島田 理恵,sa2841x240xbkbk,492535631243,OK
2026-09-06 10:55:59,208,大谷 敦志,starcrestjb60x260x607,492535631232,OK
2026-09-06 10:56:57,208,夏野良治,bck030x220xgry,492535631221,OK
2026-09-06 10:57:27,208,関根順子,bck030x220xgry,492535631210,OK
2026-09-06 10:58:13,208,西戸 六花,mz8016xmxbeg,492535631206,OK
2026-09-06 11:00:09,208,森田 聡美,4070032485249,492535631195,NG_商品違い
2026-09-06 11:00:24,208,,,492535631195,CLEAR
2026-09-06 11:01:06,208,石丸 享,puma311996mx260x13,492535631184,OK
2026-09-06 11:02:17,208,増田 茜,bck030x210xblk,492535631173,OK
2026-09-06 11:02:44,208,鈴木 詩織,bck030x210xblk,492535631162,OK
2026-09-06 11:03:22,208,浜井 圭太,bck030x210xblk,492535631151,OK
2026-09-06 11:03:55,208,加藤陽子,bck030x210xblk,492535631140,OK
2026-09-06 11:04:23,208,上久保 和明,bck030x210xblk,492535631136,OK
2026-09-06 11:04:54,208,小池 菜都美,bck030x210xblk,492535631125,OK
2026-09-06 11:05:30,208,伊藤 壮佑,bck030x210xblk,492535631114,OK
2026-09-06 11:05:54,208,,$$44233,$$44233,NG_伝票未登録
2026-09-06 11:06:16,208,芦田 可奈子,mz7017x230xnvy,492535631103,OK
2026-09-06 11:07:13,208,西池 晋一,ifme306807x180xppl,492535631092,OK
2026-09-06 11:07:57,208,前山有華,nbw413lk3x235xlk3,492535631081,OK
2026-09-06 11:08:53,208,,,492535624943,CLEAR
2026-09-06 11:17:46,208,河井 妙子,fkr1364x210xnvm,492535624593,OK
2026-09-06 11:17:46,208,河井 妙子,fkr1364x190xnvm,492535624593,OK
2026-09-06 11:18:49,208,,$613125,$613125,NG_伝票未登録
2026-09-06 11:19:27,208,西村敬子,du6009x280xblk,492535624582,OK
2026-09-06 11:19:27,208,西村敬子,l304x235xbkb,492535624582,OK
2026-09-06 11:20:22,208,,$032105,$032105,NG_伝票未登録
2026-09-06 11:20:24,208,,$032105,$032105,NG_伝票未登録
2026-09-06 11:21:27,208,古舘直美,sanrio1503x235xnvy,492535624571,OK
2026-09-06 11:21:27,208,古舘直美,sanrio1502x235xgry,492535624571,OK
2026-09-06 11:22:53,208,伊佐治 武寛,bck030x200xbeg,492535624560,OK
2026-09-06 11:22:53,208,伊佐治 武寛,bck030x190xgry,492535624560,OK
2026-09-06 11:24:29,208,伊藤 美穂,bck030x210xbeg,492535624556,OK
2026-09-06 11:24:29,208,伊藤 美穂,bck030x210xvnl,492535624556,OK
2026-09-06 11:25:50,208,歯科･矯正歯科 ｸﾘﾆｯｸ,mz9023x240xblk,492535624545,OK
2026-09-06 11:25:50,208,歯科･矯正歯科 ｸﾘﾆｯｸ,mz9023x235xblk,492535624545,OK
2026-09-06 11:27:12,208,咲紀(玄関前に置き配),penny6001xmxsbg,492535624534,OK
2026-09-06 11:27:12,208,咲紀(玄関前に置き配),fkr1364x200xbkp,492535624534,OK
2026-09-06 11:28:03,208,,0495304,0495304,NG_伝票未登録
2026-09-06 11:28:22,208,,,492535624523,CLEAR
2026-09-06 11:29:08,208,徳村 維,bck030x190xblk,492535624523,OK
2026-09-06 11:29:08,208,徳村 維,okinawa,492535624523,OK
2026-09-06 11:30:00,208,徳山 昌美,wilson8xx290x81bk,492535624512,OK
2026-09-06 11:30:00,208,徳山 昌美,wilson8xx290x84bk,492535624512,OK
2026-09-06 11:33:16,208,山川政紀,L-6560W/BLACK255,492535624501,NG_商品違い
2026-09-06 11:33:38,208,山川政紀,gy8082lax255xblk,492535624501,OK
2026-09-06 11:33:38,208,山川政紀,gy8082lax255xwbk,492535624501,OK
2026-09-06 11:35:54,208,大橋 健司,2012wilsonairx265x70bbr,492535624490,OK
2026-09-06 11:35:54,208,大橋 健司,2012wilsonairx265x78,492535624490,OK
2026-09-06 11:37:10,208,,$$65331,$$65331,NG_伝票未登録
2026-09-06 11:37:43,208,森下 裕子,l304x235xbkb,492535624486,OK
2026-09-06 11:37:43,208,森下 裕子,l303x235xbkb,492535624486,OK
2026-09-06 11:40:16,208,井畑 佳奈,ifme303419x180xred,492535624475,OK
2026-09-06 11:40:16,208,井畑 佳奈,ifme303419x175xred,492535624475,OK
2026-09-06 11:40:16,208,井畑 佳奈,ifme303419x185xred,492535624475,OK
2026-09-06 11:41:36,208,小林恭介,mz6270x265xblk,492535624464,OK
2026-09-06 11:41:36,208,小林恭介,mz6221x260xblk,492535624464,OK
2026-09-06 11:43:00,208,今村 麻里,bck030x200xblk,492535624453,OK
2026-09-06 11:43:00,208,今村 麻里,bck030x220xbeg,492535624453,OK
2026-09-06 11:43:56,208,,002,002,NG_伝票未登録
2026-09-06 11:45:01,208,安部 美由紀,l6075x265xblk,492535624442,OK
2026-09-06 11:45:01,208,安部 美由紀,l6075x265xwht,492535624442,OK
2026-09-06 11:46:17,208,伊藤 彩,bck030x220xpcc,492535624431,OK
2026-09-06 11:46:17,208,伊藤 彩,bck030x230xblk,492535624431,OK
2026-09-06 11:49:52,208,,,492535624195,CLEAR
2026-09-06 11:50:32,208,,,492535624184,CLEAR
2026-09-06 11:51:25,208,,,492535624195,CLEAR
2026-09-06 11:52:03,208,志賀 史子,ifmesc0003x155xblu,492535624184,OK
2026-09-06 11:52:03,208,志賀 史子,ifmesc0003x150xgrn,492535624184,OK
2026-09-06 11:53:08,208,植田 真利江,ifmesc0003x215xblu,492535624173,OK
2026-09-06 11:53:08,208,植田 真利江,ifmesc0003x220xblu,492535624173,OK
2026-09-06 11:59:33,208,土屋 恵一,ifmesc0002x220xwht,492535624195,OK
2026-09-06 11:59:33,208,土屋 恵一,ifmesc0002x230xwht,492535624195,OK
2026-09-07 09:02:01,208,佐伯 結子,bck030x210xblk,490870049950,OK
2026-09-07 09:02:36,208,松岡浩一,penny6001x2lxblk,490870049946,OK
2026-09-07 09:03:06,208,根本 江里加,bt60xa1blk230,490870049935,OK
2026-09-07 09:03:38,208,竹村 夢積,ifme205318x165x13pnk,490870049924,OK
2026-09-07 09:04:15,208,上坂 侑弥,bck030x220xbkw,490870049913,OK
2026-09-07 09:04:50,208,神田 秀久,lg1700x260xnvy,490870049902,OK
2026-09-07 09:05:18,208,藤岡 彩加,bck030x220xgry,490870049891,OK
2026-09-07 09:05:55,208,尾井浩行,puma313769x260x01,490870049880,OK
2026-09-07 09:07:36,208,山家 美穂,bck030x210xblk,490870049876,OK
2026-09-07 09:08:09,208,沖原 あすか,l303x230xblk,490870049865,OK
2026-09-07 09:08:42,208,服部 幸子,l303x230xblk,490870049854,OK
2026-09-07 09:09:13,208,森 香菜,bck030x200xbeg,490870049843,OK
2026-09-07 09:09:41,208,松本 彩矢佳,bck030x200xbeg,490870049832,OK
2026-09-07 09:10:16,208,松浦 雄幸,wilson1901x280xblk,490870049821,OK
2026-09-07 09:10:50,208,佐野 正弥,2012wilsonairx265x78,490870049810,OK
2026-09-07 09:11:28,208,佐藤 恵,2012wilsonairx260x73,490870049806,OK
2026-09-07 09:12:11,208,室井 令子,sa2841x225xbkbk,490870049795,OK
2026-09-07 09:13:01,208,,,490870049784,CLEAR
2026-09-07 09:13:03,208,原 聖夜,2012wilsonairx260x78,490870049784,OK
2026-09-07 09:13:33,208,藤原 宏,2012wilsonairx260x78,490870049773,NG_商品違い
2026-09-07 09:13:40,208,藤原 宏,2012wilsonairx270x78,490870049773,OK
2026-09-07 09:14:16,208,酢谷 一則,l203x260xbkb,490870049762,OK
2026-09-07 09:15:10,208,長友 愛子,mz7017x240xsax,490870049751,OK
2026-09-07 09:15:56,208,,,490870049740,CLEAR
2026-09-07 09:16:05,208,芦田 洋之,mz0800xmxblk,490870049736,OK
2026-09-07 09:16:58,208,別宮 綾子,2012wilsonairx270x78,490870049725,OK
2026-09-07 09:17:33,208,福田 亮,2012wilsonairx260x78,490870049714,NG_商品違い
2026-09-07 09:17:42,208,福田 亮,2012wilsonairx270x78,490870049714,OK
2026-09-07 09:18:21,208,小菅 たかね,2012wilsonairx270x78,490870049703,OK
2026-09-07 09:19:05,208,井上 優,fs900blkm,490870049692,OK
2026-09-07 09:19:43,208,白岩 澪奈,fs900blkm,490870049681,OK
2026-09-07 09:20:32,208,原田 大瑚,fs900blkm,490870049670,OK
2026-09-07 09:21:09,208,山川 瑞紀,fs900blkm,490870049666,OK
2026-09-07 09:21:53,208,井上 潤一,fs900blkm,490870049655,OK
2026-09-07 09:22:28,208,Bar HAREM,fs900blkm,490870049644,OK
2026-09-07 09:23:00,208,河野 正則,fs900blkm,490870049633,OK
2026-09-07 09:23:52,208,白水 伸育,fs900blkm,490870049622,OK
2026-09-07 09:24:48,208,村松 裕須圭,ifme306807x180xblk,490870049611,OK
2026-09-07 09:25:54,208,,,490870049600,CLEAR
2026-09-07 09:26:04,208,西田 雄貴,fs900blks,490870049600,OK
2026-09-07 09:26:54,208,伊藤 幸,skec125525x235xblk,490870049596,OK
2026-09-07 09:27:27,208,桑原 かずえ,l303x245xblk,490870049585,OK
2026-09-07 09:28:04,208,浅野 みずき,l203x255xnvy,490870049574,OK
2026-09-07 09:28:43,208,石橋留美,sa2814x240xcml,490870049563,NG_商品違い
2026-09-07 09:28:49,208,石橋留美,sa2814x240xbeg,490870049563,OK
2026-09-07 09:29:32,208,浜岡 聡浩,starcrestjb60x270x604,490870049552,OK
2026-09-07 09:30:14,208,,,490870049541,CLEAR
2026-09-07 09:32:15,208,田中 聖也,mz7017x240xlvd,490870049541,OK
2026-09-07 09:32:47,208,小椋 莉佳,pwpt7017x170x80blu,490870049530,OK
2026-09-07 09:33:32,208,浅野 哲也,l6236x250xwhr,490870049526,OK
2026-09-07 09:34:17,208,大塚 由花子,bck030x190xblk,490870049515,OK
2026-09-07 09:35:13,208,浅野恭子,rpremium2853x245xblk,490870049504,OK
2026-09-07 09:35:57,208,栗田 彩乃,bck030x220xbeg,490870049493,OK
2026-09-07 09:36:25,208,矢野忍,rpremium2853x245xblk,490870049482,OK
2026-09-07 09:37:06,208,加治 佑斗,2012wilsonairx265x78,490870049471,OK
2026-09-07 09:37:59,208,城山 歩美,2012wilsonairx280x78bit,490870049460,OK
2026-09-07 09:38:30,208,山内 清孝,2012wilsonairx265x78,490870049456,OK
2026-09-07 09:39:02,208,菅谷 天,2012wilsonairx265x78,490870049445,OK
2026-09-07 09:39:36,208,佐々木 大爾,2012wilsonairx265x78,490870049434,OK
2026-09-07 09:40:13,208,木原 正晴,fkr1534x220xblk,490870049423,OK
2026-09-07 09:40:50,208,木村 悠人,2012wilsonairx260x78,490870049412,OK
2026-09-07 09:42:18,208,稲富智香,2012wilsonairx265x78,490870049401,OK
2026-09-07 09:43:26,208,蕨野 美佐子,l303x235xblk,490870049390,OK
2026-09-07 09:44:34,208,福田 雄一,2012wilsonairx260x78,490870049386,OK
2026-09-07 09:45:11,208,福澤 美紀,bck030x220xbeg,490870049375,OK
2026-09-07 09:45:55,208,湯ﾉ谷学,4550664088884,490870049364,NG_商品違い
2026-09-07 09:46:08,208,湯ﾉ谷学,bbap27x150xsax,490870049364,OK
2026-09-07 09:46:40,208,松本 茜,2012wilsonairx270x78,490870049353,OK
2026-09-07 09:47:24,208,伊藤 美紗,bck030x190xpcc,490870049342,OK
2026-09-07 09:50:01,208,吉田 梨紗,algy4503x230xbkc,490870049331,OK
2026-09-07 09:50:35,208,山本 博敏,va500x255xgry,490870049320,OK
2026-09-07 09:51:11,208,安齋 大輔,spltm196x255xblk,490870049316,OK
2026-09-07 09:51:48,208,竹本 和也,2012wilsonairx260x78,490870049305,OK
2026-09-07 09:52:17,208,砂原 和枝,rpremium2853x245xoke,490870049294,OK
2026-09-07 09:53:17,208,小松 芳枝,fs900dbrs,490870049283,OK
2026-09-07 09:53:57,208,山田 誉子,xst6032bkwh260,490870049272,OK
2026-09-07 09:54:45,208,國井 幸絵,4945269365346,490870049261,NG_商品違い
2026-09-07 09:54:51,208,國井 幸絵,spltm209x290xblk,490870049261,OK
2026-09-07 09:55:47,208,岡村 信也,edm235x260xwpbrn,490870049250,OK
2026-09-07 09:56:20,208,小笠原 美穂,bck030x200xblk,490870049246,OK
2026-09-07 09:56:51,208,福井 実果,bck030x200xgry,490870049235,OK
2026-09-07 09:59:04,208,原田 未菜,2012wilsonairx250x70,490870049224,OK
2026-09-07 09:59:45,208,武富 紀子,bck030x220xblk,490870049213,OK
2026-09-07 10:00:18,208,宮崎 隆人,penny6001x3lxsbg,490870049202,NG_商品違い
2026-09-07 10:00:23,208,宮崎 隆人,penny6001x3lxblk,490870049202,OK
2026-09-07 10:00:57,208,清水 颯太,jk1074x250xblk,490870049191,OK
2026-09-07 10:01:32,208,西馬優矢,lg1700x280xblk,490870049180,OK
2026-09-07 10:02:03,208,高橋 かよこ,bck030x220xblk,490870049176,OK
2026-09-07 10:02:32,208,古瀬 希容子,rpremium2853x235xble,490870049165,OK
2026-09-07 10:03:27,208,鎌形 健太郎,mz8017xsxblw,490870049154,OK
2026-09-07 10:04:06,208,上田 雪子,wilson8xx280x83bk,490870049143,OK
2026-09-07 10:04:40,208,齋藤 剛義,penny6001x2lxdbr,490870049132,OK
2026-09-07 10:05:11,208,矢島 剛,fs900blks,490870049121,OK
2026-09-07 10:05:46,208,伊藤 貴大和,fs900blks,490870049110,OK
2026-09-07 10:06:31,208,福岡 香織,mz8017x2lxblw,490870049106,OK
2026-09-07 10:07:06,208,三宅 淳子,sac043x170xppl,490870049095,OK
2026-09-07 10:07:57,208,高田 健吾,fs900blks,490870049084,OK
2026-09-07 10:08:40,208,高橋 憲幸,nb22act30x280xwht,490870049073,OK
2026-09-07 10:09:16,208,瀬井 穣治,bck030x220xblk,490870049062,OK
2026-09-07 10:09:42,208,折戸 吏,bck030x220xblk,490870049051,OK
2026-09-07 10:10:11,208,福原 有希子,bck030x220xblk,490870049040,OK
2026-09-07 10:10:54,208,川島 亜紗子,parkavenue2111blk230,490870049036,OK
2026-09-07 10:11:30,208,小野 晴耶,2012wilsonairx290x72,490870049025,OK
2026-09-07 10:12:09,208,片白 友美,mz8016xsxbkw,490870049014,OK
2026-09-07 10:14:17,208,早坂 ちはる,bbap27x140xblu,490870049740,OK
2026-09-07 10:17:24,208,越智 ちえ,mz7017x220xblw,490870050156,OK
2026-09-07 10:17:58,208,高野 明香,bck030x230xgry,490870050145,OK
2026-09-07 10:18:39,208,山中 沙里,bck030x210xbkw,490870050134,OK
2026-09-07 10:19:08,208,寺島 文香,bck030x210xbkw,490870050123,OK
2026-09-07 10:19:37,208,徳石 恵里香,bck030x210xbkw,490870050112,OK
2026-09-07 10:20:05,208,金子 沙織,bck030x210xbkw,490870050101,OK
2026-09-07 10:20:35,208,芳村 真弓,bck030x210xbkw,490870050090,OK
2026-09-07 10:21:45,208,長谷川 淳,l204x255xbkb,490870050086,OK
2026-09-07 10:22:33,208,大澤 りつこ,l304x250xbkb,490870050075,OK
2026-09-07 10:23:06,208,南部 頌子,bck030x200xbkw,490870050064,OK
2026-09-07 10:23:41,208,伊藤 ひとみ,rstac007xlxbkbr,490870050053,OK
2026-09-07 10:26:38,208,後藤栄次,bck030x200xbkw,490870050042,OK
2026-09-07 10:27:26,208,澤畑祐佳,dwalkxsx4022,490870050031,NG_商品違い
2026-09-07 10:27:38,208,澤畑祐佳,dwalkxsx1203,490870050031,OK
2026-09-07 10:28:25,208,三神 あや,asahir301x240x310blk,490870050020,OK
2026-09-07 10:29:09,208,古澤 貴洋,fs900blk2l,490870050016,OK
2026-09-07 10:29:49,208,佐藤真理,fs900blk2l,490870050005,OK
2026-09-07 10:30:47,208,野崎眞史,skec118424x270xbbk,490870049994,OK
2026-09-07 10:31:29,208,鈴木秀男,skc216330wwx270xbbk,490870049983,OK
2026-09-07 10:32:15,208,川西 あゆみ,bck030x220xbeg,490870049972,OK
2026-09-07 10:34:10,208,藤怜美,bck030x210xblk,490870049961,OK
2026-09-07 10:34:47,208,,,490870048362,CLEAR
2026-09-07 10:34:54,208,,,490870048351,CLEAR
2026-09-07 10:35:33,208,辻本安代,sjj1520x220xlav,490870048362,OK
2026-09-07 10:36:09,208,松本 利恵,va302x245xkhk,490870048351,OK
2026-09-07 10:36:48,208,山田記津由,skc216330wwx280xnvy,490870048340,OK
2026-09-07 10:37:40,208,菊地 亮子,jk1074x255xblk,490870048336,OK
2026-09-07 10:38:26,208,藤本 淳二,l6476bkr260,490870048325,OK
2026-09-07 10:39:08,208,三宅 滋佳,l6075x280xwet,490870048314,OK
2026-09-07 10:39:46,208,渡邉 安彦,jk1074x255xblk,490870048303,OK
2026-09-07 10:40:28,208,佐藤 恵子,valentino3911blks,490870048292,OK
2026-09-07 10:41:09,208,向林 仁美,dj234bbk270,490870048281,OK
2026-09-07 10:41:45,208,梅津 佳弘,wilson1901x265xblk,490870048270,OK
2026-09-07 10:42:42,208,野村 浩文,bck030x220xbeg,490870048266,OK
2026-09-07 10:43:21,208,岡村 優海,b151142x199xble235,490870048255,OK
2026-09-07 10:43:56,208,上甲 美穂,pn8369x225xbeg,490870048244,OK
2026-09-07 10:44:43,208,池内 綾香,ifme305809x170xblu,490870048233,OK
2026-09-07 10:45:29,208,甲斐 黎美,ifme303419x165xred,490870048222,OK
2026-09-07 10:46:10,208,竹中 良太,precure3724x180xppl,490870048211,OK
2026-09-07 10:46:54,208,林 昭宏,edm235x265xwpbrn,490870048200,OK
2026-09-07 10:47:30,208,的野 美知子,jk1074x265xblk,490870048196,OK
2026-09-07 10:48:17,208,上原 菜穂,fkr1364x215xbkp,490870048185,OK
2026-09-07 10:49:11,208,川口 佳奈重,edw51333xmxoak,490870048174,OK
2026-09-07 10:49:58,208,芦田 利子,490870048174,490870048163,NG_商品違い
2026-09-07 10:50:10,208,芦田 利子,xst6033bkbm,490870048163,OK
2026-09-07 10:51:19,208,,,490870048152,CLEAR
2026-09-07 10:53:01,208,羽石 紗佳,mz828arawx235xblk,490870048152,OK
2026-09-07 10:53:34,208,奥田 朋子,mz710x250xgrg,490870048141,OK
2026-09-07 10:54:10,208,中山 仁志,fkr1363x240xbkr,490870048130,OK
2026-09-07 10:54:43,208,渡辺 尚子,mz710x250xgrg,490870048126,OK
2026-09-07 10:55:18,208,白 成淑,fkr1363x240xbkr,490870048115,OK
2026-09-07 10:55:56,208,篠原 尚弘,penny6001xlxdbr,490870048104,OK
2026-09-07 10:56:24,208,小川 寛,mz7017x200xabk,490870048093,OK
2026-09-07 10:56:56,208,船津 由香利,fkr1364x210xbkp,490870048082,OK
2026-09-07 10:57:23,208,田中 裕美子,wilson910x250x1blk,490870048071,OK
2026-09-07 10:57:56,208,菅野 清秀,spltm196x255xblk,490870048060,OK
2026-09-07 10:58:41,208,吉竹 竜太郎,l6075x265xwet,490870048056,NG_商品違い
2026-09-07 10:58:44,208,吉竹 竜太郎,l6476wet265,490870048056,OK
2026-09-07 10:59:29,208,風間 ひとみ,jk1313x265xwht,490870048045,NG_商品違い
2026-09-07 10:59:34,208,風間 ひとみ,l6476bkr265,490870048045,OK
2026-09-07 11:00:25,208,横尾 奈々,algy4503x220xblk,490870048034,OK
2026-09-07 11:01:00,208,永塚 綾乃,mz834x235xwhb,490870048023,OK
2026-09-07 11:01:33,208,野際 美幸,pn8403x235xbeg,490870048012,NG_商品違い
2026-09-07 11:01:39,208,野際 美幸,pn8403x235xblk,490870048012,OK
2026-09-07 11:02:17,208,佐々木 さおり,skec125525x240xblk,490870048001,OK
2026-09-07 11:02:52,208,森 久美子,mz808x235xwhg,490870047990,OK
2026-09-07 11:03:37,208,田中 久範,fkr1363x225xbkr,490870047986,OK
2026-09-07 11:04:34,208,小胎 勝樹,robks1a10blk270,490870047975,OK
2026-09-07 11:05:13,208,名部 円,fkr1363x200xbkr,490870047964,OK
2026-09-07 11:05:52,208,藤坂 弘子,rpremium2857x230xblk,490870047953,OK
2026-09-07 11:06:53,208,石塚 広大,fkr1534x210xblk,490870047942,OK
2026-09-07 11:07:37,208,石田佳太郎,xst6032bkb280,490870047931,OK
2026-09-07 11:08:26,208,石川 博隆,dj360x270xgry,490870047920,OK
2026-09-07 11:09:19,208,高瀬征樹,skec205353x250xbbk,490870047916,OK
2026-09-07 11:10:17,208,松本 智子,l761x245x780gry,490870047905,OK
2026-09-07 11:10:59,208,青木 由美子,b151142bks240,490870047894,OK
2026-09-07 11:11:30,208,比内 寿美,jk1074x280xwht,490870047883,OK
2026-09-07 11:12:13,208,林原 徳子,moz491x2lxbkw,490870047872,OK
2026-09-07 11:12:47,208,鎌田 直美,moz491x2lxbkw,490870047861,OK
2026-09-07 11:13:31,208,大島 愛美,moz491xlxblk,490870047846,OK
2026-09-07 11:14:41,208,大和田 博美,mz7017x220xbeg,490870047850,OK
2026-09-07 11:18:35,208,田中 ｱｲﾘｰ,ifmesc0003x195xyel,490870046741,OK
2026-09-07 11:18:35,208,田中 ｱｲﾘｰ,ifmesc0003x190xwht,490870046741,OK
2026-09-07 11:19:58,208,安藤 勇輝,ifmesc0003x215xwht,490870046730,OK
2026-09-07 11:19:58,208,安藤 勇輝,ifmesc0003x195xwht,490870046730,OK
2026-09-07 11:21:43,208,大井 華恵,ifmesc0003x175xwht,490870046726,OK
2026-09-07 11:21:43,208,大井 華恵,ifmesc0003x170xwht,490870046726,OK
2026-09-07 11:21:43,208,大井 華恵,ifmesc0003x165xwht,490870046726,OK
2026-09-07 11:46:59,208,吉見 由紀子,kg9612xlx87blk,490873196461,OK
2026-09-07 11:47:29,208,有間 裕美,algy4503x220xwhc,490873196450,OK
2026-09-07 11:48:23,208,小野 裕香,fkr1364x215xnvm,490873196446,OK
2026-09-07 11:48:58,208,井上 真理子,edw37190x235xblk,490873196435,OK
2026-09-07 11:49:24,208,河合 教子,moz491xmxbkw,490873196424,OK
2026-09-07 11:50:16,208,沼田藤悦,dr6265x265xlbr,490873196413,OK
2026-09-07 11:51:35,208,松尾 恵,fkr1363x215xbkr,490873196402,OK
2026-09-07 11:52:12,208,堀尾哲司,l6236x260xwbk,490873196391,OK
2026-09-07 11:52:44,208,今泉 留美子,l303x250xblk,490873196380,OK
2026-09-07 11:53:15,208,嶋 崇人,2012wilsonairx270x76,490873196376,OK
2026-09-07 11:55:23,208,浅井 新,2012wilsonairx260x78,492535638560,OK
2026-09-07 11:56:27,208,和泉田瑶,me3754x170xmlt,492535638556,OK
2026-09-07 11:56:59,208,内藤 優太,xstreetxst241x280xjknvy,492535638545,OK
2026-09-07 11:57:56,208,岩瀧 忍,edm235x265xwpblk,492535638534,OK
2026-09-07 11:58:37,208,ﾗｲﾝﾄﾞﾀｯﾄ ｴﾄﾞﾑﾝﾄﾞ,du6009x280xblk,492535638523,OK
2026-09-07 11:59:15,208,内藤 わか,fkr1364x240xnvm,492535638512,OK
2026-09-07 11:59:53,208,水谷 忠,wilson9xx270x5blk,492535638501,OK
2026-09-07 12:00:32,208,中野渡 師維,2012wilsonairx280x78,492535638490,OK
2026-09-07 13:05:09,208,青木 美雪,edw4663x245xblk,492535638486,OK
2026-09-07 13:05:46,208,今枝 梨菜,fkr1364x200xnvm,492535638475,OK
2026-09-07 13:06:09,208,,$614324,$614324,NG_伝票未登録
2026-09-07 13:06:19,208,関戸 山茶未,bck030x190xgry,492535638464,OK
2026-09-07 13:06:56,208,深尾早紀子,bck030x190xgry,492535638453,OK
2026-09-07 13:07:46,208,宮浦良幸,wilson8xx265x85bk,492535638442,OK
2026-09-07 13:08:19,208,進藤 美都子,l50497x250xnvy,492535638431,OK
2026-09-07 13:08:54,208,須釜 智子,lg1700x260xblk,492535638420,OK
2026-09-07 13:09:46,208,森田 聡美,parka8132whs230,492535638416,OK
2026-09-07 13:10:28,208,須藤 裕美,precure3724x190xppl,492535638405,OK
2026-09-07 13:11:15,208,秋田 美香,l203x260xblk,492535638394,OK
2026-09-07 13:14:40,208,,492535639035,492535639035,NG_伝票未登録
2026-09-07 13:14:43,208,,,,CLEAR
2026-09-07 13:15:08,208,,492535639035,492535639035,NG_伝票未登録
2026-09-07 13:15:12,208,,,,CLEAR
2026-09-07 13:15:48,208,,492535639035,492535639035,NG_伝票未登録
2026-09-07 13:15:50,208,,,,CLEAR
2026-09-07 13:15:56,208,,492535639035,492535639035,NG_伝票未登録
2026-09-07 13:15:58,208,,,,CLEAR
2026-09-07 13:18:49,208,,492535639035,492535639035,NG_伝票未登録
2026-09-07 13:18:51,208,,,,CLEAR
2026-09-07 13:19:21,208,山口 英里奈,bck030x220xbkw,492535639035,OK
2026-09-07 13:19:57,208,国嶋英寿,l304x240xbkb,492535639024,OK
2026-09-07 13:21:13,208,神田 大喜,2012wilsonairx265x78,492535639013,OK
2026-09-07 13:22:31,208,宇山 里奈,mz408x2lxblk,492535639002,NG_商品違い
2026-09-07 13:22:42,208,宇山 里奈,mz8017x2lxbeg,492535639002,OK
2026-09-07 13:23:30,208,横田 裕輔,lg1700x280xblk,492535638991,OK
2026-09-07 13:23:56,208,,$642122,$642122,NG_伝票未登録
2026-09-07 13:23:59,208,,$642122,$642122,NG_伝票未登録
2026-09-07 13:24:42,208,,,492535638980,CLEAR
2026-09-07 13:24:45,208,鎌倉裕,l50497x250xnvy,492535638980,OK
2026-09-07 13:25:35,208,村上由美,bs0525x235xblk,492535638976,OK
2026-09-07 13:26:10,208,佐藤 晴美,pw7602xmxblk,492535638965,OK
2026-09-07 13:26:56,208,安西利弘,skc216330wwx260xnvy,492535638954,OK
2026-09-07 13:27:40,208,原毅彦,edm235x265xwpbrn,492535638943,OK
2026-09-07 13:28:17,208,米永孝,xstreetxst241x255xjkwht,492535638932,OK
2026-09-08 08:56:34,208,齋藤 千秋,2012wilsonairx290x78,490878298153,OK
2026-09-08 08:57:18,208,亀ｹ沢 洋美,2012wilsonairx260x73,490878298142,OK
2026-09-08 08:58:01,208,おおたに かずひこ,nikehq2415005x265x005,490878298131,OK
2026-09-08 08:58:39,208,藁谷 智恵,bck030x230xgry,490878298120,OK
2026-09-08 08:59:05,208,山本 愛美,bck030x220xbkw,490878298116,OK
2026-09-08 08:59:41,208,大高 香織,bck030x200xbkw,490878298105,OK
2026-09-08 09:00:10,208,福島 梢,fs900blkl,490878298094,OK
2026-09-08 09:00:51,208,田中 俊也,fs900blks,490878298083,OK
2026-09-08 09:01:54,208,及川 幸子,dwalkxmx1203,490878298072,OK
2026-09-08 09:03:16,208,川崎猛司,nev817xlxbkr,490878298061,OK
2026-09-08 09:03:52,208,大黒聖和,2012wilsonairx280x78,490878298050,OK
2026-09-08 09:04:34,208,園田琴美,skec118424x280xwht,490878298046,OK
2026-09-08 09:05:17,208,中嶋 友視,mz7017x250xnvy,490878298035,OK
2026-09-08 09:05:53,208,斉藤 幸江,l303x230xbeg,490878298024,OK
2026-09-08 09:06:47,208,向 美津紀,puma312247x225x01,490878298013,OK
2026-09-08 09:07:26,208,尾續 猛,lg1700x270xblk,490878298002,OK
2026-09-08 09:07:52,208,小坂 香織,lg1700x270xblk,490878297991,OK
2026-09-08 09:08:19,208,五十嵐 玲子,lg1700x270xblk,490878297980,OK
2026-09-08 09:08:56,208,浦上 啓司,mz7017x200xgry,490878297976,OK
2026-09-08 09:10:00,208,石川 妙子,jk1074x240xwht,490878297965,NG_商品違い
2026-09-08 09:10:07,208,石川 妙子,jk1074x240xwht,490878297965,NG_商品違い
2026-09-08 09:10:15,208,石川 妙子,jk1074x240xwht,490878297965,NG_商品違い
2026-09-08 09:11:28,208,石川 妙子,490878297954,490878297965,NG_商品違い
2026-09-08 09:11:31,208,,,490878297965,CLEAR
2026-09-08 09:12:36,208,石山 信幸,edm235x255xwpbrn,490878297954,OK
2026-09-08 09:13:04,208,谷 弥生,bck030x230xbkw,490878297943,OK
2026-09-08 09:13:33,208,金子 晴美,l303x250xblk,490878297932,OK
2026-09-08 09:14:02,208,妹尾 華愛,bck030x230xbkw,490878297921,OK
2026-09-08 09:14:29,208,上田美希,bck030x230xbkw,490878297910,OK
2026-09-08 09:14:54,208,中川 小百合,bck030x230xbkw,490878297906,OK
2026-09-08 09:15:23,208,藤田 一輝,2012wilsonairx265x78,490878297895,OK
2026-09-08 09:15:47,208,宇井 崇,2012wilsonairx265x78,490878297884,OK
2026-09-08 09:16:17,208,田熊 究一,2012wilsonairx265x78,490878297873,OK
2026-09-08 09:16:46,208,伊東 美紗都,b151142bke235,490878297862,OK
2026-09-08 09:17:19,208,高橋 純子,b151142bke235,490878297851,OK
2026-09-08 09:17:46,208,柳 幸枝,l203x255xbkb,490878297840,OK
2026-09-08 09:18:18,208,正木 愛,l203x255xbkb,490878297836,OK
2026-09-08 09:18:46,208,植田直美,pn8403x235xwht,490878297825,OK
2026-09-08 09:19:16,208,上堀内 卓也,2012wilsonairx270x78,490878297814,OK
2026-09-08 09:19:49,208,矢吹 司,2012wilsonairx260x78,490878297803,OK
2026-09-08 09:20:16,208,久保木 潤,2012wilsonairx270x78,490878297792,OK
2026-09-08 09:20:45,208,池田 典明,2012wilsonairx270x78,490878297781,OK
2026-09-08 09:21:19,208,渡邉 直希,2012wilsonairx270x78,490878297770,OK
2026-09-08 09:21:51,208,新村 千晶,2012wilsonairx260x78,490878297766,OK
2026-09-08 09:22:25,208,吉田 早穂,sa2814x240xblk,490878297755,OK
2026-09-08 09:23:04,208,佐々木英之,wilsonairxmx710bk,490878297744,OK
2026-09-08 09:23:41,208,鳥海 敬之,bck030x220xblk,490878297733,OK
2026-09-08 09:24:26,208,及川 美紀子,bck030x220xblk,490878297722,OK
2026-09-08 09:25:11,208,鈴木 孝,pn8403x230xbeg,490878297711,OK
2026-09-08 09:25:42,208,粟田 貴子,mz7017x240xlvd,490878297700,OK
2026-09-08 09:26:18,208,石津 紗由美,bck030x190xblk,490878297696,OK
2026-09-08 09:26:47,208,北原 智美,skec303690lx230xlav,490878297685,OK
2026-09-08 09:27:19,208,(株)One's Planning,sa2841x250xrdcm,490878297674,OK
2026-09-08 09:27:55,208,深井千種,mz7017x240xnvy,490878297663,OK
2026-09-08 09:29:39,208,松本 夕紀,bck030x200xblk,490878297652,OK
2026-09-08 09:30:12,208,立田 一雄,fs900dbrs,490878297641,OK
2026-09-08 09:30:47,208,松重 芙美,bck030x200xblk,490878297630,OK
2026-09-08 09:31:16,208,田中 俊行,fs900dbrs,490878297626,OK
2026-09-08 09:32:00,208,島塚浩志,edm235x260xwpbrn,490878297615,OK
2026-09-08 09:32:25,208,榎硲 尚,edm235x260xwpbrn,490878297604,OK
2026-09-08 09:32:54,208,谷 綾香,bck030x200xgry,490878297593,OK
2026-09-08 09:33:43,208,大津 勝己,edm235x270xwpblk,490878297571,OK
2026-09-08 09:34:39,208,,,490878297571,CLEAR
2026-09-08 09:38:09,208,濱田 美波,bck030x200xgry,490878297582,OK
2026-09-08 09:38:48,208,山本 英詞,2012wilsonairx265x70,490878297560,OK
2026-09-08 09:39:23,208,魚地 克之,alb5503x300xwht,490878297556,OK
2026-09-08 09:42:24,208,澤入 素広ｻﾜｲﾘ,2012wilsonairx255x76,492535640354,OK
2026-09-08 09:42:47,208,,7631401,7631401,NG_伝票未登録
2026-09-08 09:43:22,208,保泉 明美,sanrio1502x245xbeg,492535640343,OK
2026-09-08 09:43:58,208,平山真由美,mz408xmxbkw,492535640332,OK
2026-09-08 09:44:31,208,山口 憲一,dstar4966x160xppl,492535640321,OK
2026-09-08 09:45:04,208,山本 裕貴,bck030x210xblk,492535640310,OK
2026-09-08 09:45:37,208,丸岡 昭平,algy4503x220xwhc,492535640306,OK
2026-09-08 09:46:03,208,,005,005,NG_伝票未登録
2026-09-08 09:46:16,208,篠村 政範,2012wilsonairx255x78,492535640295,OK
2026-09-08 09:46:36,208,,4102482,4102482,NG_伝票未登録
2026-09-08 09:46:55,208,片岡勤,rs338x280x1blk,492535640284,OK
2026-09-08 09:47:27,208,富樫 知美,l50493x260xnvy,492535640273,OK
2026-09-08 09:47:56,208,,$682101,$682101,NG_伝票未登録
2026-09-08 09:48:06,208,田宮大也,lg1700x255xblk,492535640262,OK
2026-09-08 09:48:25,208,,$612125,$612125,NG_伝票未登録
2026-09-08 09:49:16,208,,,492535640251,CLEAR
2026-09-08 09:49:32,208,小島 愛,l50497x260xnvy,492535640240,OK
2026-09-08 09:49:57,208,,$471851,$471851,NG_伝票未登録
2026-09-08 09:50:08,208,新庄 俊樹,fkr1363x240xbkr,492535640236,OK
2026-09-08 09:50:43,208,名波 佑一朗,moz491xlxbkw,492535640225,OK
2026-09-08 09:51:06,208,,$718311,$718311,NG_伝票未登録
2026-09-08 09:51:18,208,古川 薫,sa2841x235xcmdb,492535640214,OK
2026-09-08 09:51:58,208,大原礼乃,ifme206321x180xwht,492535640203,OK
2026-09-08 09:52:31,208,小笠 裕美,fkr1364x210xbkp,492535640192,OK
2026-09-08 09:52:55,208,,7162235,7162235,NG_伝票未登録
2026-09-08 09:53:04,208,高野 一矢,sa2814x245xblk,492535640181,OK
2026-09-08 09:53:25,208,,$685321,$685321,NG_伝票未登録
2026-09-08 09:53:33,208,大前郁美,jk1074x235xwht,492535640170,OK
2026-09-08 09:54:13,208,野口 ひかり,mz19315x235xnvy,492535640166,OK
2026-09-08 09:54:42,208,畠山 頼子,penny6001xlxdbr,492535640155,NG_商品違い
2026-09-08 09:54:51,208,畠山 頼子,penny6001xlxsbg,492535640155,OK
2026-09-08 09:55:38,208,飯沢ゆき,fc96170snmxmxbrn,492535640144,OK
2026-09-08 09:56:07,208,富澤 陽子,fkr1364x210xbkp,492535640133,OK
2026-09-08 09:56:29,208,,$723353,$723353,NG_伝票未登録
2026-09-08 09:56:38,208,高木 美華,fkr1364x220xbkp,492535640122,OK
2026-09-08 09:57:02,208,,7233401,7233401,NG_伝票未登録
2026-09-08 09:57:03,208,,7233401,7233401,NG_伝票未登録
2026-09-08 09:58:36,208,上村 代里子,fkr1363x240xbkr,492535640111,OK
2026-09-08 09:59:04,208,池戸 久夫,rc040x270xnvy,492535640100,OK
2026-09-08 09:59:24,208,,7154310,7154310,NG_伝票未登録
2026-09-08 09:59:32,208,近藤 剛生,2012wilsonairx265x73,492535640096,NG_商品違い
2026-09-08 09:59:44,208,近藤 剛生,2012wilsonairx265x78bit,492535640096,OK
2026-09-08 10:00:30,208,杉本 美和,l303x240xbkb,492535640085,OK
2026-09-08 10:00:49,208,,$$63610,$$63610,NG_伝票未登録
2026-09-08 10:01:00,208,菊池 寿野,parkavenue2111blk240,492535640074,OK
2026-09-08 10:01:34,208,後藤 理紗子,fkr1364x210xbkp,492535640063,OK
2026-09-08 10:02:01,208,稲垣 真二,robks1a20blk265,492535640052,OK
2026-09-08 10:02:34,208,長谷川 詔一,wilsoncaj16012blk265,492535640041,NG_商品違い
2026-09-08 10:02:42,208,長谷川 詔一,wilsoncaj16011dbr265,492535640041,OK
2026-09-08 10:03:25,208,北村 史恵,fkr1364x220xnvm,492535640030,OK
2026-09-08 10:04:06,208,園田 清香,mz7016x190xlvd,492535640026,OK
2026-09-08 10:04:44,208,東原 正美,puma311996lx230x01,492535640015,OK
2026-09-08 10:05:24,208,中西 陽子,pn8369x230xblk,492535640004,OK
2026-09-08 10:05:58,208,山川均,skec233023x260xntl,492535639993,OK
2026-09-08 10:06:38,208,勝野 将輝,0199252190529,492535639982,NG_商品違い
2026-09-08 10:06:46,208,勝野 将輝,0199252190529,492535639982,NG_商品違い
2026-09-08 10:07:12,208,勝野 将輝,0199252190529,492535639982,NG_商品違い
2026-09-08 10:09:11,208,,,492535639982,CLEAR
2026-09-08 10:09:21,208,高塚 洋介,jk1074x280xwht,492535639971,OK
2026-09-08 10:09:53,208,田中 梨里子,spltm196x290xblk,492535639960,OK
2026-09-08 10:10:31,208,福田 嗣幸,spltm196x290xblk,492535639956,OK
2026-09-08 10:11:36,208,株式会社 WOODBASE,jk1074x245xwht,492535639945,OK
2026-09-08 10:12:23,208,御手洗 彩夏,ifme206300x140xpnk,492535639934,OK
2026-09-08 10:12:57,208,山本 恵美子,l303x230xbkb,492535639923,OK
2026-09-08 10:13:27,208,名和野 裕,2012wilsonairx250x78,492535639912,OK
2026-09-08 10:14:08,208,吉房裕貴,2012wilsonairx260x70,492535639901,OK
2026-09-08 10:15:57,208,齊藤 正樹,2012wilsonairx260x70,492535639890,OK
2026-09-08 10:16:20,208,,$531465,$531465,NG_伝票未登録
2026-09-08 10:16:31,208,上嶋洋子,dc1514x245xblk,492535639886,OK
2026-09-08 10:17:08,208,木村 真也,ifme303419x160xyel,492535639875,OK
2026-09-08 10:17:47,208,八重樫 周子,b151142oke230,492535639864,OK
2026-09-08 10:18:20,208,林 よし子,mk281x245xabl,492535639853,NG_商品違い
2026-09-08 10:18:32,208,林 よし子,mk281x245xblk,492535639853,OK
2026-09-08 10:19:19,208,久保田 ゆかり,va312x265xblk,492535639842,OK
2026-09-08 10:19:40,208,,$619460,$619460,NG_伝票未登録
2026-09-08 10:19:43,208,,$619460,$619460,NG_伝票未登録
2026-09-08 10:20:18,208,徳永 初美,alb5503x270xwht,492535639831,OK
2026-09-08 10:20:54,208,内山 正子,jk1074x230xwht,492535639820,OK
2026-09-08 10:21:18,208,,$$97101,$$97101,NG_伝票未登録
2026-09-08 10:21:28,208,安斉 渚,avv300x240xblk,492535639816,OK
2026-09-08 10:22:10,208,阿部 昭敏,spltm196x265xblk,492535639805,OK
2026-09-08 10:22:45,208,小林治,adsih6000x255xblk,492535639794,OK
2026-09-08 10:23:31,208,木村 加穂,ifme303419x165xblk,492535639783,OK
2026-09-08 10:24:11,208,内山 沙織,avv300x225x1bk,492535639772,OK
2026-09-08 10:24:52,208,笠岡 美智子,mz7017x190xabk,492535639761,OK
2026-09-08 10:27:31,208,,,490878297965,CLEAR
2026-09-08 10:30:45,208,齋藤 千冬,edw7971x255xblk,492535639540,OK
2026-09-08 10:31:42,208,宇野 真奈美,algy3463x210xblk,492535639536,OK
2026-09-08 10:32:48,208,,,492535639525,CLEAR
2026-09-08 10:32:50,208,三木 有恒,du6017x250xblk,492535639525,OK
2026-09-08 10:33:45,208,川田順子,bs0104x230x14dbr,492535639514,OK
2026-09-08 10:34:20,208,,$$51210,$$51210,NG_伝票未登録
2026-09-08 10:34:23,208,,$$51210,$$51210,NG_伝票未登録
2026-09-08 10:35:23,208,,,492535639503,CLEAR
2026-09-08 10:35:43,208,堀 朋美,ifmesc0002x185xblu,492535639492,OK
2026-09-08 10:36:54,208,笹谷 奈津子,ifmesc0003x240xpnk,492535639481,OK
2026-09-08 10:37:52,208,高山 あおい,ifmesc0002x155xyel,492535639470,OK
2026-09-08 10:38:55,208,児玉 寛子,sy12080x2lxblk,492535639466,OK
2026-09-08 10:39:42,208,冨澤 美里,sy12080x2lxblk,492535639455,OK
2026-09-08 13:42:47,208,七門 雄士,mz710x250xblk,492535643143,OK
2026-09-08 13:43:18,208,戸塚 潤子,l303x230xblk,492535643132,OK
2026-09-08 13:43:47,208,吉川 知子,l761x245x780blk,492535643121,OK
2026-09-08 13:44:17,208,佐藤 卓美,avv300x240xblk,492535643110,OK
2026-09-08 13:44:56,208,和田 一夫,spltm197x260xcha,492535643106,OK
2026-09-08 13:45:34,208,康 宗憲,spltm197x255xcha,492535643095,OK
2026-09-08 13:46:17,208,大井 周,spltm197x270xsbk,492535643084,OK
2026-09-08 13:46:45,208,,$714121,$714121,NG_伝票未登録
2026-09-08 13:47:11,208,唐橋 美帆子,l761x230x780blk,492535643073,OK
2026-09-08 13:47:44,208,永峰 佐智子,l761x245x780blk,492535643062,OK
2026-09-08 13:49:18,208,中村聖子,nmj160x220xwht,492535643051,OK
2026-09-08 13:49:46,208,望月利枝,hmz5504x190xnvy,492535643040,OK
2026-09-08 13:50:22,208,吉武 昭典,jk1074x245xblk,492535643036,OK
2026-09-08 13:51:04,208,柳橋 弘美,mz8017xlxblw,492535643025,OK
2026-09-08 13:51:51,208,河合秀信,dj360x265xnvy,492535643014,OK
2026-09-08 13:52:33,208,井上 千聖,pw7602x3lxblk,492535643003,OK
2026-09-08 13:53:43,208,原田 留美,jls2861x240xblk,492535642992,NG_商品違い
2026-09-08 13:54:14,208,原田 留美,hls2863x240xbkb,492535642992,OK
2026-09-08 13:54:40,208,飯田 健二,l303x245xblk,492535642981,OK
2026-09-08 13:55:01,208,,$718212,$718212,NG_伝票未登録
2026-09-08 13:55:17,208,米田博行,lg1700x270xnvy,492535642970,OK
2026-09-08 13:56:09,208,大瀧 昌克,jms1835x255xdgy,492535642966,OK
2026-09-08 13:57:19,208,,,492535642955,CLEAR
2026-09-08 13:57:21,208,武山 真実,fkr1364x220xnvm,492535642955,OK
2026-09-08 13:57:58,208,山下 瑞恵,msadv01wht240,492535642944,OK
2026-09-08 13:58:32,208,上田 理佳子,msadv01wht235,492535642933,OK
2026-09-08 13:59:01,208,奥本 真由美,msadv01wht235,492535642922,OK
2026-09-08 13:59:58,208,遠藤 さやか,spltl172nvy235,492535642911,OK
2026-09-08 14:00:31,208,平賀 稔,spltm196x265xbrn,492535642900,OK
2026-09-09 08:55:43,208,,$619244,$619244,NG_伝票未登録
2026-09-09 08:55:56,208,,,492535646761,CLEAR
2026-09-09 08:56:02,208,,,492535646750,CLEAR
2026-09-09 08:57:02,208,青島 聡子,bck218x190xpnk,492535646761,OK
2026-09-09 08:57:53,208,加藤遼修,lg1700x265xblk,492535646750,OK
2026-09-09 08:58:37,208,長瀬 めぐみ,fkr1364x210xbkp,492535646746,OK
2026-09-09 08:59:19,208,山田 節子,l303x235xbeg,492535646735,OK
2026-09-09 08:59:55,208,佐藤 宣恵,bck030x220xpcc,492535646724,OK
2026-09-09 09:00:27,208,小谷野 初代,sa2814x240xblk,492535646713,OK
2026-09-09 09:01:04,208,渡井 可那子,sac043x190xpnk,492535646702,OK
2026-09-09 09:02:07,208,池ﾉ谷 篤史,2012wilsonairx265x78bit,492535646691,OK
2026-09-09 09:02:43,208,小畑 圭佑,2012wilsonairx265x78bit,492535646680,OK
2026-09-09 09:03:15,208,塩田 優香,bck030x230xgry,492535646676,OK
2026-09-09 09:03:53,208,松林 紫春,fkr1534x190xblk,492535646665,OK
2026-09-09 09:04:46,208,及川 麻弓,mz7016x220xbeg,492535646654,OK
2026-09-09 09:05:31,208,岩橋 智,2012wilsonairx265x72,492535646643,OK
2026-09-09 09:06:20,208,青山 麻希,puma311996lx245x01,492535646632,OK
2026-09-09 09:07:32,208,郷野玲奈,bck030x210xblk,492535646621,OK
2026-09-09 09:08:07,208,長屋 和幸,l6075x270xblk,492535646610,OK
2026-09-09 09:08:51,208,千頭和 仁美,xst6033bpks,492535646606,OK
2026-09-09 09:09:22,208,濱本ちひろ,bck030x200xpcc,492535646595,OK
2026-09-09 09:10:04,208,古家後 綾子,jk1074x265xwht,492535646584,OK
2026-09-09 09:10:38,208,久松 健人,wilson9xx265x5blk,492535646573,OK
2026-09-09 09:11:13,208,鈴木 叙子,fs900dbrl,492535646562,OK
2026-09-09 09:11:48,208,北村 めぐみ,fs900dbrl,492535646551,OK
2026-09-09 09:12:26,208,林 乃理子,bck030x210xbkw,492535646540,OK
2026-09-09 09:12:58,208,福永桃子,bck030x210xbkw,492535646536,OK
2026-09-09 09:13:29,208,山村 麻美,bck030x210xbkw,492535646525,OK
2026-09-09 09:13:57,208,戸塚 実久子,bck030x210xbkw,492535646514,OK
2026-09-09 09:14:27,208,飯塚 久美子,bck030x210xbkw,492535646503,OK
2026-09-09 09:14:59,208,小野 圭介,xst6032bkb280,492535646492,OK
2026-09-09 09:15:38,208,山下 佑子,bck030x210xbkw,492535646481,OK
2026-09-09 09:16:18,208,武中 淳子,mz2961x225x2gyg,492535646470,OK
2026-09-09 09:16:40,208,,$671125,$671125,NG_伝票未登録
2026-09-09 09:16:50,208,鈴木 秀子,gy8082lax250xwbk,492535646466,OK
2026-09-09 09:17:35,208,,$902411,$902411,NG_伝票未登録
2026-09-09 09:17:45,208,小柴 茂,jk1074x230xblk,492535646455,OK
2026-09-09 09:18:24,208,森崎 静一,l50497x265xnvy,492535646444,OK
2026-09-09 09:19:13,208,関根 朱実,eve343x235xblk,492535646433,OK
2026-09-09 09:19:46,208,荒木 久恵,4549095068817,492535646422,NG_商品違い
2026-09-09 09:20:17,208,荒木 久恵,tu80bx250x01bk,492535646422,OK
2026-09-09 09:21:03,208,須藤 桂子,moz491xlxblk,492535646411,OK
2026-09-09 09:22:01,208,戸川 修,du6009x270xmgn,492535646400,OK
2026-09-09 09:23:08,208,小河 美保子,mz3025arx240xwht,492535646396,OK
2026-09-09 09:24:16,208,山本 瑞希,ifme303419x170xblk,492535646385,OK
2026-09-09 09:25:17,208,早野 梨央,2012wilsonairx270x70,492535646374,OK
2026-09-09 09:26:21,208,山田 彩,ifme206300x140xppl,492535646363,OK
2026-09-09 09:27:09,208,芳川紘子,mz3017x240xpnk,492535646352,OK
2026-09-09 09:27:58,208,,$418105,$418105,NG_伝票未登録
2026-09-09 09:28:08,208,小泉 雄亮,tu8002x265x008,492535646341,OK
2026-09-09 09:28:55,208,永井 靖信,2012wilsonairx260x78,492535646330,OK
2026-09-09 09:31:43,208,,$372115,$372115,NG_伝票未登録
2026-09-09 09:31:53,208,吉田希望,precure3724x170xppl,492535646326,OK
2026-09-09 09:32:34,208,大徳 怜央奈,l304x235xbkb,492535646315,OK
2026-09-09 09:33:07,208,河住 宏輝,2012wilsonairx260x78,492535646304,OK
2026-09-09 09:33:30,208,,7621112,7621112,NG_伝票未登録
2026-09-09 09:33:47,208,加藤 郁夫,starcrestjb60x260x604,492535646293,OK
2026-09-09 09:34:16,208,永井徳幸,2012wilsonairx260x78,492535646282,OK
2026-09-09 09:34:40,208,,$$64623,$$64623,NG_伝票未登録
2026-09-09 09:34:48,208,中込 幸三,2012wilsonairx265x79,492535646271,OK
2026-09-09 09:35:49,208,吉川 弘修,wilsoncaj16012blk265,492535646260,OK
2026-09-09 09:36:24,208,佐々木 桂丈,fs900blkl,492535646256,OK
2026-09-09 09:37:00,208,只野 拓也,fs900blkl,492535646245,OK
2026-09-09 09:37:30,208,,$$61118,$$61118,NG_伝票未登録
2026-09-09 09:37:33,208,,$$61118,$$61118,NG_伝票未登録
2026-09-09 09:37:38,208,橘弘之,fs900blkl,492535646234,OK
2026-09-09 09:38:21,208,難波 武志,fs900blkl,492535646223,OK
2026-09-09 09:39:02,208,,7622155,7622155,NG_伝票未登録
2026-09-09 09:39:09,208,大坪 ﾌﾞﾚﾝﾀﾞｹｲｺ,fs900blkl,492535646212,OK
2026-09-09 09:39:49,208,秋山 久美子,b151142x240x062blk,492535646201,OK
2026-09-09 09:40:24,208,山口 友佳,im6220x240x6230bk,492535646190,OK
2026-09-09 09:40:52,208,,,492535646186,CLEAR
2026-09-09 09:41:35,208,濱口 雄司,mz710x250xblk,492535646186,OK
2026-09-09 09:42:14,208,古賀 美佳,mz710x250xpnk,492535646175,OK
2026-09-09 09:42:37,208,,$610324,$610324,NG_伝票未登録
2026-09-09 09:42:46,208,鎌倉 紋帆,l303x230xblk,492535646164,OK
2026-09-09 09:43:21,208,小野寺 冬彦,hm9050blk3l,492535646153,OK
2026-09-09 09:44:06,208,福田 真美,l303x235xblk,492535646142,OK
2026-09-09 09:44:42,208,五十嵐 咲子,fkr1534x200xwht,492535646131,OK
2026-09-09 09:45:18,208,大澤 あゆみ,l761x225x780blk,492535646120,OK
2026-09-09 09:46:09,208,勝山忠芳,l761x245x780gry,492535646116,OK
2026-09-09 09:46:46,208,入江奈見,spltm196x245xblk,492535646105,OK
2026-09-09 09:47:08,208,,$614324,$614324,NG_伝票未登録
2026-09-09 09:47:18,208,田中雅大,fs900dbrl,492535646094,OK
2026-09-09 09:48:07,208,田坂 洋介,l761x240x780gry,492535646083,OK
2026-09-09 09:48:39,208,田中 由美子,l761x245x780gry,492535646072,OK
2026-09-09 09:49:21,208,平田 倫也,msadv01wts280,492535646061,OK
2026-09-09 09:50:11,208,長濱 未菜,mz7017x220xsax,492535646050,OK
2026-09-09 09:50:46,208,小須田 未来,algy4503x220xblk,492535646046,OK
2026-09-09 09:51:38,208,島根 涼,tr744blk2l,492535646035,OK
2026-09-09 09:52:23,208,春日 昌代,mz7017x210xnvy,492535646024,OK
2026-09-09 09:52:59,208,松尾 直,2012wilsonairx255x79,492535646013,OK
2026-09-09 09:53:32,208,長谷川 愛,algy4503x220xbkc,492535646002,OK
2026-09-09 09:54:10,208,藤原 真愛,mz8017x2lxblw,492535645991,OK
2026-09-09 09:54:49,208,藤井 千恵,starcrestjb60x255x605,492535645980,OK
2026-09-09 09:55:23,208,小川 さやか,mz7017x210xblw,492535645976,OK
2026-09-09 09:58:14,208,東理恵,im6620x235x6630bl,492535645965,OK
2026-09-09 09:58:44,208,中村 久美子,dnc1376lex170xpnk,492535645954,OK
2026-09-09 09:59:27,208,竹本 洋子,l303x245xbkb,492535645943,NG_商品違い
2026-09-09 09:59:35,208,竹本 洋子,L-303BLACK245,492535645943,NG_商品違い
2026-09-09 09:59:37,208,竹本 洋子,l303x245xblk,492535645943,OK
2026-09-09 10:00:19,208,近藤利伸,wilsonairx2lx710bk,492535645932,OK
2026-09-09 10:01:00,208,藤井 洋子,l303x240xblk,492535645921,OK
2026-09-09 10:01:23,208,,7641202,7641202,NG_伝票未登録
2026-09-09 10:01:30,208,北原 英里子,l303x240xblk,492535645910,OK
2026-09-09 10:02:03,208,,,492535645906,CLEAR
2026-09-09 10:04:38,208,中村 明雄,fkr1364x230xnvm,492535645906,OK
2026-09-09 10:05:09,208,栗田 裕子,fkr1364x220xnvm,492535645895,OK
2026-09-09 10:05:56,208,岩永 香,fkr1364x220xnvm,492535645884,OK
2026-09-09 10:06:19,208,,7121423,7121423,NG_伝票未登録
2026-09-09 10:06:28,208,細田 恵,fkr1364x210xnvm,492535645873,OK
2026-09-09 10:06:21,208,,002,002,NG_伝票未登録
2026-09-09 10:07:03,208,安部 智紀,fkr1364x230xnvm,492535645862,OK
2026-09-09 10:07:34,208,豊田 加奈,nbw23731pbx235x31p,492535645851,OK
2026-09-09 10:08:12,208,関 友美子,fkr1364x210xnvm,492535645840,OK
2026-09-09 10:08:51,208,橋本 未菜,fkr1364x215xbkp,492535645836,OK
2026-09-09 10:09:28,208,金澤 國晴,fkr1364x200xnvm,492535645825,OK
2026-09-09 10:09:55,208,加藤 沙羅,fkr1364x200xnvm,492535645814,OK
2026-09-09 10:10:38,208,石塚 鮎子,pw7602xlxblk,492535645803,OK
2026-09-09 10:11:18,208,中田 まなみ,sa2841x240xwhbu,492535645792,OK
2026-09-09 10:11:54,208,山口 悟史,spltm197x250xnvy,492535645781,OK
2026-09-09 10:13:33,208,相馬 受也,cc400x280x2dbr,492535645770,OK
2026-09-09 10:14:17,208,古澤 留美子,spltm196x270xblk,492535645766,OK
2026-09-09 10:15:00,208,村田 暁仁,4523118899244,492535645755,NG_商品違い
2026-09-09 10:15:10,208,村田 暁仁,spltm197x265xblk,492535645755,OK
2026-09-09 10:16:19,208,柏木 美由紀,pn8334x240xblk,492535645744,OK
2026-09-09 10:18:02,208,小嶋 宏美,fkr1363x180xbkr,492535645733,OK
2026-09-09 10:18:52,208,増田 洋吏,jk1074x260xwht,492535645722,OK
2026-09-09 10:19:24,208,横本恵身,jk1074x240xwht,492535645711,OK
2026-09-09 10:20:00,208,桐生 ひとみ,jk1074x270xblk,492535645700,OK
2026-09-09 10:20:32,208,沼田 宇弘,2012wilsonairx255x70,492535645696,OK
2026-09-09 10:21:18,208,加藤剛,rs338x270x2blk,492535645685,OK
2026-09-09 10:22:17,208,志賀 健太郎,fs900dbrm,492535645674,OK
2026-09-09 10:22:53,208,森西 俊行,fs900dbrm,492535645663,OK
2026-09-09 10:23:32,208,吉田 雅,fs900dbrm,492535645652,OK
2026-09-09 10:24:15,208,松井 駿,mz7017x200xsax,492535645641,OK
2026-09-09 10:27:46,208,小山 翔平,2012wilsonairx290x78,490885133292,OK
2026-09-09 10:28:20,208,黒川 友香,sjj2600x220xblk,490885133281,OK
2026-09-09 10:29:01,208,多胡 央子,rpremium2857x250xblk,490885133270,OK
2026-09-09 10:29:44,208,小川 芽衣,rpremium2853x230xoke,490885133266,OK
2026-09-09 10:30:20,208,朝比奈 真理子,moz491xmxbkw,490885133255,OK
2026-09-09 10:30:47,208,笠原 唯,jk1074x240xblk,490885133244,OK
2026-09-09 10:31:16,208,中村 美喜子,jk1074x240xblk,490885133233,OK
2026-09-09 10:31:56,208,山田 ゆかり,moz491x2lxblk,490885133222,OK
2026-09-09 10:32:37,208,過能 厚弘,fs900blks,490885133211,OK
2026-09-09 10:33:25,208,鷲崎 光,rc05x280x1bk,490885133200,OK
2026-09-09 10:34:13,208,長澤佳代子,skc216330wwx255xnvy,490885133196,OK
2026-09-09 10:34:53,208,石神 ﾓﾓｴ,l303x245xbkb,490885133185,OK
2026-09-09 10:35:28,208,前田 杏奈,parka81321blk220,490885133174,OK
2026-09-09 10:36:08,208,渡邉 稜太,2012wilsonairx265x78dbr,490885133163,OK
2026-09-09 10:37:06,208,高橋 香織,b151142x199xoke240,490885133152,OK
2026-09-09 10:37:54,208,竹本 裕美江,mz710x240xblk,490885133141,OK
2026-09-09 10:38:34,208,高矢 理沙,b151142x235x062ble,490885133130,OK
2026-09-09 10:39:20,208,尾崎 志帆,pw7602x3lxblk,490885133126,OK
2026-09-09 10:40:04,208,小林 美由紀,pw7602xlxblk,490885133115,OK
2026-09-09 10:40:41,208,,,490885133104,CLEAR
2026-09-09 10:41:37,208,神道徹平,bck030x220xbeg,490885133104,OK
2026-09-09 10:42:14,208,草別 恵実子,bck030x220xbeg,490885133093,OK
2026-09-09 10:42:51,208,岩田 政宏,topaztz14021rosk225,490885133082,OK
2026-09-09 10:43:27,208,尾崎 栞,jw201ax150x56br,490885133071,NG_商品違い
2026-09-09 10:43:37,208,尾崎 栞,pwpt7017x150x80blu,490885133071,OK
2026-09-09 10:44:52,208,迫田 知子,l303x240xbkb,490885133060,OK
2026-09-09 10:45:46,208,寄田 圭子,mz19315x235xnvy,490885133056,OK
2026-09-09 10:46:18,208,青儀 浩幸,bck030x190xpcc,490885133045,OK
2026-09-09 10:46:55,208,小原 昌美,arpeggiox255xblk,490885133034,OK
2026-09-09 10:47:42,208,渡辺 奈津紀,4550247655236,490885133023,NG_商品違い
2026-09-09 10:47:47,208,渡辺 奈津紀,mz710x240xgrg,490885133023,OK
2026-09-09 10:48:23,208,錦織 福子,mz7017x210xsax,490885133012,OK
2026-09-09 10:48:53,208,山下 健太,fkr1363x230xbkr,490885133001,OK
2026-09-09 10:49:44,208,渡 大樹,fkr1364x225xnvm,490885132990,OK
2026-09-09 10:50:19,208,綾部 恭子,fkr1363x210xbkr,490885132986,OK
2026-09-09 10:50:46,208,高田 知明,2012wilsonairx270x79,490885132975,OK
2026-09-09 10:51:33,208,名和田和美,dsph6003lx240xnvy,490885132964,OK
2026-09-09 10:52:18,208,飯代 綾乃,bck030x220xpcc,490885132953,OK
2026-09-09 10:53:00,208,櫛田 竜彦,l6075x255xblk,490885132942,NG_商品違い
2026-09-09 10:53:23,208,櫛田 竜彦,l6075x255xblk,490885132942,NG_商品違い
2026-09-09 10:53:32,208,櫛田 竜彦,l6075x255xwht,490885132942,OK
2026-09-09 10:54:17,208,中村智代,skec303690lx190xblk,490885132931,OK
2026-09-09 10:54:47,208,日野 真里子,skec303690lx190xblk,490885132920,OK
2026-09-09 10:55:22,208,花島 健太郎,2012wilsonairx265x78,490885132916,OK
2026-09-09 10:56:07,208,岩崎 かおり,fkr1363x200xbkr,490885132905,OK
2026-09-09 10:56:41,208,小草晃典,pwpt7017x180xpnk,490885132894,OK
2026-09-09 10:57:35,208,向後 裕太,jk1313x270xblk,490885132883,OK
2026-09-09 10:58:18,208,武山ﾐﾁﾙ,197461whtll,490885132872,OK
2026-09-09 10:59:05,208,阿部 道雄,va500x265xblk,490885132861,OK
2026-09-09 10:59:55,208,和田節子,jk1074x280xwht,490885132850,OK
2026-09-09 11:01:24,208,水野めぐみ,spltl171nvy225,490885132846,OK
2026-09-09 11:02:02,208,奈良橋 俊征,penny6001xlxgry,490885132835,OK
2026-09-09 11:02:45,208,岩崎 恵理,bck030x210xbeg,490885132824,OK
2026-09-09 11:03:35,208,三澤宏紀,sjj1520x225xlav,490885132813,OK
2026-09-09 11:04:12,208,原 和典,wilson8xx290x82bk,490885132802,OK
2026-09-09 11:05:15,208,酒井 裕美,4550230276905,490885132791,NG_商品違い
2026-09-09 11:05:35,208,酒井 裕美,fkr1364x220xbkp,490885132791,OK
2026-09-09 11:06:20,208,,,490885132780,CLEAR
2026-09-09 11:06:23,208,福家 みゆき,bck030x220xblk,490885132780,OK
2026-09-09 11:06:57,208,松井 真理子,bck030x220xblk,490885132776,OK
2026-09-09 11:07:37,208,濱野 爾朗,wilsoncaj16022blk265,490885132765,OK
2026-09-09 11:09:47,208,中村 静子,mz6209x245xwin,490885132754,OK
2026-09-09 11:10:17,208,勝呂 未央,jk1074x225xwht,490885132743,OK
2026-09-09 11:10:53,208,山木 由絵,jk1074x225xwht,490885132732,OK
2026-09-09 11:11:28,208,天野智弘,wilsoncaj16022blk265,490885132721,OK
2026-09-09 11:12:13,208,中谷 亜衣,fkr1364x220xbkp,490885132710,OK
2026-09-09 11:12:55,208,西川 瑞季,bck030x220xpcc,490885132706,OK
2026-09-09 11:13:52,208,谷口 千晴,bck030x230xgry,490885132695,OK
2026-09-09 11:14:21,208,吉川 直人,bck030x230xgry,490885132684,OK
2026-09-09 11:14:59,208,山本 祐子,bck030x230xgry,490885132673,OK
2026-09-09 11:15:36,208,折戸名津子,mz7016x240xbkw,490885132662,OK
2026-09-09 11:16:16,208,池上 大輔,mz7017x200xabk,490885132651,OK
2026-09-09 11:16:52,208,下方 未来,mz7017x200xabk,490885132640,OK
2026-09-09 11:17:33,208,宮崎 博隆,wilsoncaj16012blk270,490885132636,OK
2026-09-09 11:18:26,208,寺地 奈津子,bck030x210xblk,490885132625,OK
2026-09-09 11:19:02,208,角田 恭子,bck030x210xblk,490885132614,OK
2026-09-09 11:19:57,208,関谷 幸恵,avv300x235xdbr,490885132603,OK
2026-09-09 11:20:44,208,高橋 文夫,l6339wbk250,490885132592,OK
2026-09-09 11:21:26,208,野崎 兼史,l6476wet255,490885132581,OK
2026-09-09 11:22:13,208,竹中 恵梨,bck030x200xpcc,490885132570,OK
2026-09-09 11:22:45,208,村瀬 亮,dr630x260x2blk,490885132566,OK
2026-09-09 11:24:16,208,木村 俊文,2105560050293,490885132555,NG_商品違い
2026-09-09 11:24:21,208,木村 俊文,rpremium2857x225xblk,490885132555,OK
2026-09-09 11:25:04,208,今井 麻美,bck030x210xbkw,490885132544,OK
2026-09-09 11:25:44,208,土屋 美香,mz3366x240x833wdp,490885132533,OK
2026-09-09 11:26:17,208,中村 正美,pw7602x2lxblk,490885132522,OK
2026-09-09 11:26:58,208,本田 善之,tu7796x265xbrn,490885132511,OK
2026-09-09 11:27:40,208,廣瀬 佳代,jk1074x230xblk,490885132500,OK
2026-09-09 11:28:16,208,渡邉 綾子,dr6265x255xlbr,490885132496,OK
2026-09-09 11:29:08,208,梶野博志,tu8002x250x008,490885132485,OK
2026-09-09 13:09:48,208,松本 里織,bck030x230xbeg,492535649620,OK
2026-09-09 13:10:19,208,丹波 映里,bck030x230xbeg,492535649616,OK
2026-09-09 13:10:47,208,谷 沙織,bck030x230xbeg,492535649605,OK
2026-09-09 13:11:20,208,西川 ちとせ,bck030x230xbeg,492535649594,OK
2026-09-09 13:11:49,208,宮成 恵,bck030x230xbeg,492535649583,OK
2026-09-09 13:12:21,208,甲斐中 瞳,spltm196x260xblk,492535649572,OK
2026-09-09 13:13:09,208,森島 一美,l761x230x780gry,492535649561,OK
2026-09-09 13:13:50,208,藤島 ﾀｶｼ,tr744blk2l,492535649550,OK
2026-09-09 13:14:28,208,前田 晃奈,mz7017x220xsax,492535649546,OK
2026-09-09 13:14:59,208,濱亜希菜,mz7017x230xgry,492535649535,OK
2026-09-09 13:15:28,208,野上八重子,4571501710263,492535649524,NG_商品違い
2026-09-09 13:15:33,208,野上八重子,topaztz14014blk240,492535649524,OK
2026-09-09 13:16:08,208,藤井 孝典,topaztz14014blk240,492535649513,OK
2026-09-09 13:16:39,208,梅原 隆超,topaztz14022brw230,492535649502,OK
2026-09-09 13:17:19,208,西川 満治,sa2814x235xcml,492535649491,OK
2026-09-09 13:17:51,208,石森 由佳里,avv300x235x1bk,492535649480,OK
2026-09-09 13:18:31,208,植田 由紀,topaztz14021rosk245,492535649476,OK
2026-09-09 13:19:23,208,大平 瑞生,99wilson3630xmxblk,492535649465,OK
2026-09-09 13:19:54,208,白井 陽子,topaztz14012brw235,492535649454,OK
2026-09-09 13:20:29,208,田野 史雄,tz2404prz235,492535649443,OK
2026-09-09 13:21:10,208,上野 京子,rc040x270xblk,492535649432,OK
2026-09-09 13:21:39,208,,,492535649421,CLEAR
2026-09-09 13:24:56,208,塩崎実里,bck030x210xbkw,492535649421,OK
2026-09-09 13:25:42,208,神野 侑代,bck030x210xbkw,492535649410,OK
2026-09-09 13:26:09,208,高屋 愛実,bck030x210xbkw,492535649406,OK
2026-09-09 13:26:44,208,小笠原 里実,l304x240xbkb,492535649395,NG_商品違い
2026-09-09 13:26:48,208,小笠原 里実,l303x240xbkb,492535649395,OK
2026-09-09 13:27:12,208,,$617414,$617414,NG_伝票未登録
2026-09-09 13:27:14,208,,$617414,$617414,NG_伝票未登録
2026-09-09 13:27:23,208,平手 尚美,fkr1363x200xbkr,492535649384,NG_商品違い
2026-09-09 13:29:08,208,平手 尚美,492535649373,492535649384,NG_商品違い
2026-09-09 13:29:09,208,,,492535649384,CLEAR
2026-09-09 13:29:17,208,堤 沙千恵,bck030x230xbkw,492535649373,OK
2026-09-09 13:29:55,208,後藤 実果,bck030x230xbkw,492535649362,OK
2026-09-09 13:30:20,208,谷下 翔馬,bck030x230xbkw,492535649351,OK
2026-09-09 13:30:59,208,林 里佳,l304x235xbkb,492535649340,OK
2026-09-09 13:31:30,208,岡 安沙,fkr1363x210xbkr,492535649336,OK
2026-09-09 13:32:03,208,入内嶋 恵子,bck030x230xpcc,492535649325,OK
2026-09-09 13:32:32,208,斉藤 香緒梨,bck030x230xpcc,492535649314,OK
2026-09-09 13:32:56,208,,4151461,4151461,NG_伝票未登録
2026-09-09 13:33:01,208,中澤 あゆみ,bck030x230xpcc,492535649303,OK
2026-09-09 13:33:33,208,谷 厚志,wilsoncaj16022blk260,492535649292,OK
2026-09-09 13:34:07,208,国分 裕志,fs900blkm,492535649281,OK
2026-09-09 13:34:53,208,,,492535649270,CLEAR
2026-09-09 13:35:32,208,,$$68051,$$68051,NG_伝票未登録
2026-09-09 13:35:43,208,岩永 孝行,jk1074x260xwht,492535649270,OK
2026-09-09 13:36:23,208,廣池 修次,fs900blkm,492535649266,OK
2026-09-09 13:37:07,208,真島 香央里,fs900blks,492535649255,OK
2026-09-09 13:37:52,208,松井 万貴,bck030x210xpcc,492535649244,OK
2026-09-09 13:39:29,208,川邉 沙紀,ifmesc0003x170xpnk,492535649233,OK
2026-09-09 13:40:06,208,武田寿樹,ds8154xlxbrn,492535649222,OK
2026-09-09 13:40:48,208,巖本 剛,ds8154xlxgry,492535649211,OK
2026-09-09 13:42:58,208,中道 慧次郎,2012wilsonairx280x73,492535649200,OK
2026-09-09 13:42:58,208,中道 慧次郎,2012wilsonairx280x73,492535649200,OK
2026-09-09 13:44:24,208,,,492535649196,CLEAR
2026-09-09 13:45:36,208,三ｹ田 明香,avv300x250xdbr,492535649196,OK
2026-09-09 13:45:36,208,三ｹ田 明香,sako,492535649196,OK
2026-09-09 13:46:10,208,嶋崎 有里,2012wilsonairx260x78bit,492535649185,OK
2026-09-09 13:46:10,208,嶋崎 有里,2012wilsonairx260x78,492535649185,OK
2026-09-09 13:48:26,208,田村 圭佑,sako,492535649174,OK
2026-09-09 13:48:26,208,田村 圭佑,tu8002x260x008,492535649174,OK
2026-09-09 13:51:13,208,小寺 恵,memo,492535649163,OK
2026-09-09 13:51:13,208,小寺 恵,mz8017xlxbeg,492535649163,OK
2026-09-09 13:51:13,208,小寺 恵,memo,492535649163,OK
2026-09-09 13:51:13,208,小寺 恵,gohai,492535649163,OK
2026-09-09 13:51:59,208,,,492535649152,CLEAR
2026-09-09 13:52:21,208,坂本 みのり,b151142bks230,492535649152,OK
2026-09-09 13:52:21,208,坂本 みのり,b151142x199xoke230,492535649152,OK
2026-09-09 13:55:33,208,滝脇 邦子,spltamm119x255xtap,492535649141,OK
2026-09-09 13:55:33,208,滝脇 邦子,sako,492535649141,OK
2026-09-09 13:55:33,208,滝脇 邦子,dm2011x255xwhb,492535649141,OK
2026-09-10 08:55:56,208,,005,005,NG_伝票未登録
2026-09-10 08:55:58,208,,,,CLEAR
2026-09-10 08:56:58,208,須崎 果寿紗,sy12080xmxbge,492535651263,OK
2026-09-10 09:00:35,208,宮崎 晴奈,ifmesc0002x215xgrn,492535651252,OK
2026-09-10 09:01:12,208,七野 彩衣里,ifmesc0003x175xpnk,492535651241,OK
2026-09-10 09:01:52,208,飯田 春佳,ifmesc0002x180xblu,492535651230,OK
2026-09-10 09:02:55,208,野田彩音,lz56601kxmxnvy,492535651226,OK
2026-09-10 09:04:23,208,柞磨 久美子,ba36603x180xppl,492535651215,OK
2026-09-10 09:04:59,208,中臺 翔太,ba36603x210xblu,492535651204,OK
2026-09-10 09:05:31,208,高須 友里奈,lz56601kxmxlpp,492535651193,OK
2026-09-10 09:06:10,208,,005,005,NG_伝票未登録
2026-09-10 09:06:28,208,高木啓匡,sk4900x2lxgym,492535651182,OK
2026-09-10 09:07:20,208,,,492535651171,CLEAR
2026-09-10 09:10:09,208,小西 みちる,ifmesc0003x200xwht,492535651171,OK
2026-09-10 09:11:07,208,佐々木 誠吾,ifmesc0003x205xgrn,492535651160,OK
2026-09-10 09:11:49,208,丸山 美沙子,ifmesc0003x165xwht,492535651156,OK
2026-09-10 09:12:21,208,黒崎 佳奈,ifmesc0003x160xyel,492535651145,OK
2026-09-10 09:13:00,208,田口 直之,ifmesc0003x160xblu,492535651134,OK
2026-09-10 09:13:55,208,大西 穂高,ifmesc0003x185xwht,492535651123,OK
2026-09-10 09:14:38,208,野澤 みのり,ifmesc0003x185xwht,492535651112,OK
2026-09-10 09:15:10,208,阿部 百合,ifmesc0003x180xgrn,492535651101,OK
2026-09-10 09:17:03,208,佐野 一世,ds8154x2lxblk,492535651090,OK
2026-09-10 09:17:37,208,酒井 雪,2012dietslippersxfreexnvy,492535651086,OK
2026-09-10 09:18:26,208,青山 由貴枝,2012dietslippers1pnkfree,492535651075,OK
2026-09-10 09:19:05,208,久保 輝美,ds8154xlxblk,492535651064,OK
2026-09-10 09:20:16,208,鈴木智子,2012dietslippers1pnkfree,492535651053,OK
2026-09-10 09:21:05,208,森脇 友絵,ds8154xmxblk,492535651042,NG_商品違い
2026-09-10 09:21:13,208,森脇 友絵,ds8155xmxblk,492535651042,OK
2026-09-10 09:21:45,208,生熊 恭子,2012dietslippers1pnkfree,492535651031,OK
2026-09-10 09:22:30,208,宮村 久,ds8154xmxgry,492535651020,OK
2026-09-10 09:23:48,208,田中英美子,ds8155xlxlgy,492535651016,OK
2026-09-10 09:24:27,208,高田ｴｽﾃﾙ,ds8155xlxblk,492535651005,OK
2026-09-10 09:26:03,208,佐野 貴世,asahir301x240x310blk,492535650994,OK
2026-09-10 09:26:03,208,佐野 貴世,asahir301x240x310nvy,492535650994,OK
2026-09-10 09:27:49,208,古舘 佳佑,mz7017x220xbeg,492535650983,OK
2026-09-10 09:27:49,208,古舘 佳佑,mz7017x210xblw,492535650983,OK
2026-09-10 09:30:00,208,田中 紫乃,wilson8xx280x82bk,492535650972,OK
2026-09-10 09:30:00,208,田中 紫乃,wilson8xx280x82bk,492535650972,OK
2026-09-10 09:31:54,208,中田 美保子,jk1074x280xwht,492535650961,OK
2026-09-10 09:31:54,208,中田 美保子,jk1074x255xblk,492535650961,OK
2026-09-10 09:33:39,208,白山 真千子,wilson8xx265x81bk,492535650950,OK
2026-09-10 09:33:39,208,白山 真千子,wilson8xx265x82bk,492535650950,OK
2026-09-10 09:36:54,208,舘野 真以子,parka81321blk210,492535650946,OK
2026-09-10 09:36:54,208,舘野 真以子,parka8132whs200,492535650946,OK
2026-09-10 09:38:14,208,関田 亜樹,l203x265xblk,492535650935,NG_商品違い
2026-09-10 09:38:35,208,関田 亜樹,l203x265xblk,492535650935,NG_商品違い
2026-09-10 09:39:01,208,関田 亜樹,l203x270xbkb,492535650935,OK
2026-09-10 09:39:01,208,関田 亜樹,l203x265xbkb,492535650935,OK
2026-09-10 09:40:28,208,野辺 俊博,2012wilsonairx250x73,492535650924,OK
2026-09-10 09:40:28,208,野辺 俊博,2012wilsonairx250x79,492535650924,OK
2026-09-10 09:41:38,208,,,492535650913,CLEAR
2026-09-10 09:42:04,208,鬼頭 千夏,mz8016xmxnvy,492535650913,OK
2026-09-10 09:42:04,208,鬼頭 千夏,mz8016x2lxbkw,492535650913,OK
2026-09-10 09:44:12,208,上山 比花里,bck030x200xbeg,492535650902,OK
2026-09-10 09:44:12,208,上山 比花里,bck030x210xblk,492535650902,OK
2026-09-10 09:45:38,208,,,492535650891,CLEAR
2026-09-10 09:45:53,208,加藤 克弥,fkr1534x200xblk,492535650891,OK
2026-09-10 09:45:53,208,加藤 克弥,fkr1534x180xblk,492535650891,OK
2026-09-10 09:47:12,208,酒井 静香,bck030x230xblk,492535650880,OK
2026-09-10 09:47:12,208,酒井 静香,bck030x220xbeg,492535650880,OK
2026-09-10 09:48:26,208,渡辺 鉄平,fkr1364x210xnvm,492535650876,NG_商品違い
2026-09-10 09:48:52,208,渡辺 鉄平,fkr1364x200xnvm,492535650876,OK
2026-09-10 09:48:52,208,渡辺 鉄平,fkr1363x190xbkr,492535650876,OK
2026-09-10 09:50:53,208,日東ﾒﾃﾞｨｯｸ人事課,xst6032bkb280,492535650865,OK
2026-09-10 09:50:53,208,日東ﾒﾃﾞｨｯｸ人事課,xst6032bkb270,492535650865,OK
2026-09-10 09:50:53,208,日東ﾒﾃﾞｨｯｸ人事課,xst6032bkb270,492535650865,OK
2026-09-10 09:55:42,208,南部 明里,moz491xmxbkw,492535650854,OK
2026-09-10 09:55:42,208,南部 明里,moz491xmxbkw,492535650854,OK
2026-09-10 09:57:31,208,蕪木 孝治,spltm196x270xnvy,492535650843,OK
2026-09-10 09:57:31,208,蕪木 孝治,spltm196x265xblk,492535650843,OK
2026-09-10 10:00:54,208,堀川 茂樹,sk4900xlxgym,492535650832,OK
2026-09-10 10:00:54,208,堀川 茂樹,penny6001xlxgry,492535650832,OK
2026-09-10 10:02:37,208,芝 敦子,rbks130x270xblk,492535650821,OK
2026-09-10 10:02:37,208,芝 敦子,rbks130x270xblk,492535650821,OK
2026-09-10 10:02:37,208,芝 敦子,rbks130x270xblk,492535650821,OK
2026-09-10 10:05:12,208,秋元 詩和,jk1074x265xwht,492535650810,OK
2026-09-10 10:05:12,208,秋元 詩和,msadv01wts265,492535650810,OK
2026-09-10 10:06:47,208,加藤 久美子,cc400x260x2blk,492535650806,OK
2026-09-10 10:06:47,208,加藤 久美子,cc400x260x2dbr,492535650806,OK
2026-09-10 10:09:17,208,,,492535650795,CLEAR
2026-09-10 10:09:32,208,池田 英一,spltm196x250xkhk,492535650795,OK
2026-09-10 10:09:32,208,池田 英一,spltm196x250xsbk,492535650795,OK
2026-09-10 10:11:02,208,会谷 菩教,fkr1364x240xnvm,492535650784,OK
2026-09-10 10:11:02,208,会谷 菩教,jk1074x235xblk,492535650784,OK
2026-09-10 10:14:46,208,鈴木 沙織,gohai,492535650773,OK
2026-09-10 10:14:46,208,鈴木 沙織,xst6032bkb250,492535650773,OK
2026-09-10 10:14:46,208,鈴木 沙織,memo,492535650773,OK
2026-09-10 10:14:46,208,鈴木 沙織,memo,492535650773,OK
2026-09-10 10:16:02,208,伊藤 あやの,spltl172grg225,492535650762,OK
2026-09-10 10:16:02,208,伊藤 あやの,rpremium2853x225xblk,492535650762,OK
2026-09-10 10:18:05,208,加藤 昌幸,dr6275x255xdbr,492535650751,OK
2026-09-10 10:18:05,208,加藤 昌幸,dr6275x255xblk,492535650751,OK
2026-09-10 10:21:20,208,木村 淳志,wilsoncaj16021dbr260,492535650740,OK
2026-09-10 10:21:20,208,木村 淳志,wilsoncaj16021dbr260,492535650740,OK
2026-09-10 10:23:07,208,山田 裕貴,wilsoncaj16012blk265,492535650736,OK
2026-09-10 10:23:07,208,山田 裕貴,wilsoncaj16012blk265,492535650736,OK
2026-09-10 10:23:58,208,,7154010,7154010,NG_伝票未登録
2026-09-10 10:24:45,208,八幡 奈津美,mz7017x210xgry,492535650725,OK
2026-09-10 10:24:45,208,八幡 奈津美,mz7017x190xblw,492535650725,OK
2026-09-10 10:26:02,208,島崎 佳世,dr630x250x1blk,492535650714,NG_商品違い
2026-09-10 10:26:37,208,島崎 佳世,2012wilsonairx250x78,492535650714,OK
2026-09-10 10:26:37,208,島崎 佳世,fs900blks,492535650714,OK
2026-09-10 10:28:19,208,須賀由美,2012wilsonairx280x78,492535650703,OK
2026-09-10 10:28:19,208,須賀由美,2012wilsonairx280x78,492535650703,OK
2026-09-10 10:29:37,208,石山 ゆかり,bck030x220xbeg,492535650692,OK
2026-09-10 10:29:37,208,石山 ゆかり,bck030x190xbeg,492535650692,OK
2026-09-10 10:36:47,208,内村純子,doq7572x3lxbeg,492535650681,OK
2026-09-10 10:36:47,208,内村純子,doq7572x3lxslv,492535650681,OK
2026-09-10 10:38:02,208,望月 明日美,bck030x220xblk,492535650670,OK
2026-09-10 10:38:02,208,望月 明日美,bck030x230xpcc,492535650670,OK
2026-09-10 10:39:30,208,坂井 美樹,bck030x230xbeg,492535650666,OK
2026-09-10 10:39:30,208,坂井 美樹,bck030x200xgry,492535650666,OK
2026-09-10 10:40:56,208,白木 加奈子,precure3724x160xppl,492535650655,OK
2026-09-10 10:40:56,208,白木 加奈子,precure3724x160xpnk,492535650655,OK
2026-09-10 10:44:29,208,早風 公貴,ifmesc0002x205xyel,492535650644,OK
2026-09-10 10:44:29,208,早風 公貴,ifmesc0002x200xwht,492535650644,OK
2026-09-10 10:47:47,208,若林 香緒里,ifmesc0003x195xwht,492535650633,OK
2026-09-10 10:47:47,208,若林 香緒里,ifmesc0003x215xwht,492535650633,OK
2026-09-10 10:48:43,208,,,492535650622,CLEAR
2026-09-10 10:49:17,208,曽我 友里江,ifmesc0003x205xblu,492535650622,OK
2026-09-10 10:49:17,208,曽我 友里江,ifmesc0003x200xblu,492535650622,OK
2026-09-10 10:50:42,208,田畑 悦子,ds8155xmxlgy,492535650611,NG_商品違い
2026-09-10 10:50:48,208,田畑 悦子,ds8155xlxlgy,492535650611,OK
2026-09-10 10:50:48,208,田畑 悦子,ds8154xmxblk,492535650611,OK
2026-09-10 10:52:57,208,織田忠夫,xst217x280xwhb,492535652792,OK
2026-09-10 10:53:32,208,楫山 千絵,xst6032bkb250,492535652781,OK
2026-09-10 10:54:18,208,塚本 純司,2012wilsonairx255x76,492535652770,OK
2026-09-10 10:54:55,208,徳田 綾乃,bck218x210xlve,492535652766,OK
2026-09-10 10:55:46,208,川地 いずみ,gy8082lax255xwbk,492535652755,OK
2026-09-10 10:56:34,208,荻原 大輔,jk1074x230xblk,492535652744,OK
2026-09-10 10:57:07,208,廣田 祐治,2012wilsonairx250x78,492535652733,OK
2026-09-10 11:00:45,208,花輪 愛子,l203x280xblk,490891318713,OK
2026-09-10 11:01:21,208,小野 さや香,fkr1363x200xbkr,490891318702,NG_商品違い
2026-09-10 11:02:34,208,,,490891318702,CLEAR
2026-09-10 11:02:45,208,谷口 美佐生,bck030x190xbkw,490891318691,OK
2026-09-10 11:03:18,208,本多 由香,l304x235xbkb,490891318680,OK
2026-09-10 11:03:47,208,尾形 広美,im6220x240x6120bk,490891318676,OK
2026-09-10 11:04:36,208,佐々木 真紀,wilsoncaj16022blk255,490891318665,OK
2026-09-10 11:05:18,208,鵜澤 牧穂,mz710x240xpnk,490891318654,OK
2026-09-10 11:05:46,208,玄場 公規,wilsoncaj16022blk255,490891318643,OK
2026-09-10 11:07:10,208,田中 清,apltamm117x260xstn,490891318632,OK
2026-09-10 11:08:01,208,矢野 梨香,jk1074x240xwht,490891318621,OK
2026-09-10 11:08:32,208,河野 祥恵,bck030x200xgry,490891318610,OK
2026-09-10 11:09:11,208,城戸和宏,bck030x230xgry,490891318606,OK
2026-09-10 11:09:50,208,石堂 敬子,mz7017x250xnvy,490891318595,OK
2026-09-10 11:10:24,208,神崎 哲也,165hmmm951blk250,490891318584,OK
2026-09-10 11:10:53,208,筒井 正彦,fs900blks,490891318573,OK
2026-09-10 11:11:34,208,桝谷 麻衣,fs900blks,490891318562,OK
2026-09-10 11:12:17,208,伊藤 彩夏,bck030x210xpcc,490891318551,OK
2026-09-10 11:12:48,208,大平 和,mz8017xmxblw,490891318540,OK
2026-09-10 11:13:28,208,森本 隆,fs900dbrm,490891318536,OK
2026-09-10 11:15:53,208,,,490891318525,CLEAR
2026-09-10 11:15:54,208,宇津 哲也,edw7671x245xblk,490891318525,OK
2026-09-10 11:17:07,208,大塚 菜央,valentino391blkl,490891318514,OK
2026-09-10 11:18:12,208,,,490891318503,CLEAR
2026-09-10 11:18:14,208,加藤 雄太,edw7971x255xblk,490891318503,OK
2026-09-10 11:19:07,208,日笠雅貴,edw7977x270xcml,490891318492,OK
2026-09-10 11:20:11,208,河面 真理子,puma311996mx270x13,490891318481,OK
2026-09-10 11:21:48,208,野宮洋平,f1ga200045ylwblk280,490891318470,OK
2026-09-10 11:23:21,208,大西宏尚,shl220003xmx7brg,490891318466,NG_商品違い
2026-09-10 11:23:23,208,大西宏尚,shl220003xmx7blk,490891318466,OK
2026-09-10 11:24:20,208,浪川 茜,ifmesc0003x180xblu,490891318455,OK
2026-09-10 11:25:05,208,佐藤 卓,ifmesc0002x170xyel,490891318444,OK
2026-09-10 11:25:47,208,森嶋 俊介,ba36603x190xppl,490891318433,NG_商品違い
2026-09-10 11:25:51,208,森嶋 俊介,ba36603x200xsax,490891318433,OK
2026-09-10 11:26:52,208,大野 友美,ba36603x210xblk,490891318422,OK
2026-09-10 11:27:34,208,山田 亮子,edw7971x270xcml,490891318411,OK
2026-09-10 11:28:14,208,大熊 奈穂子,ifmesc0003x195xpnk,490891318400,OK
2026-09-10 11:29:45,208,竹内 智英理,ifmesc0003x190xyel,490891318396,OK
2026-09-10 11:30:32,208,花田 友里恵,ifmesc0003x175xyel,490891318385,OK
2026-09-10 11:31:16,208,上田 あき子,ifmesc0003x160xwht,490891318374,OK
2026-09-10 11:31:59,208,丸山 恵利奈,ifmesc0003x185xpnk,490891318363,OK
2026-09-10 11:32:34,208,小根澤 綾,ifmesc0003x150xpnk,490891318352,OK
2026-09-10 11:33:12,208,小山 智香子,ifmesc0003x240xblu,490891318341,OK
2026-09-10 11:34:29,208,守谷 水寿,ds8154xlxblk,490891318330,OK
2026-09-10 11:34:57,208,橋屋 雅美,ds8154xmxblk,490891318326,OK
2026-09-10 11:35:29,208,村田定治,ds8154xmxbrn,490891318315,OK
2026-09-10 11:36:10,208,藤井 勇佑,ds8154x2lxblk,490891318304,OK
2026-09-10 11:36:36,208,三橋広明,ds8154xlxblk,490891318293,OK
2026-09-10 11:37:09,208,佐久間 美樹,ds8154x2lxbrn,490891318282,OK
2026-09-10 11:38:30,208,柳井清司,ds8154xmxnvy,490891318271,OK
2026-09-10 11:39:06,208,杉山 昌弘,ds8154xlxnvy,490891318260,OK
2026-09-10 11:39:44,208,小林 明,ds8154x2lxnvy,490891318256,OK
2026-09-10 11:40:39,208,(株)ﾘｻｲｸﾙ 片山美恵,4920207610726,490891318245,NG_商品違い
2026-09-10 11:40:51,208,(株)ﾘｻｲｸﾙ 片山美恵,sy12080xmxblk,490891318245,OK
2026-09-10 11:41:29,208,新田 まゆみ,sy12080xlxblk,490891318234,OK
2026-09-10 11:42:04,208,市川 雅子,sy12080xmxblk,490891318223,OK
2026-09-10 11:44:43,208,高田 直美,skec303690lx230xnvy,490891318212,OK
2026-09-10 11:44:43,208,高田 直美,ifme205811x175xgry,490891318212,OK
2026-09-10 11:46:32,208,伊藤 憲子,puma402631x250x12,490891318201,OK
2026-09-10 11:46:32,208,伊藤 憲子,sa2814x250xcml,490891318201,OK
2026-09-10 11:49:42,208,坂口 敏和,edm235x255xwpbrn,490891318190,OK
2026-09-10 11:49:42,208,坂口 敏和,edm235x255xwpblk,490891318190,OK
2026-09-10 11:49:42,208,坂口 敏和,edm235x255xwpbrn,490891318190,OK
2026-09-10 11:49:42,208,坂口 敏和,edm235x255xwpblk,490891318190,OK
2026-09-10 11:52:55,208,大西晃史,edm235x255xwpbrn,490891318186,OK
2026-09-10 11:52:55,208,大西晃史,l689x260xblk,490891318186,OK
2026-09-10 12:13:31,208,宮城 りせ,pn8403x235xbeg,490891318175,OK
2026-09-10 12:13:31,208,宮城 りせ,pn8403x235xwht,490891318175,OK
2026-09-10 12:15:39,208,佐藤 信子,xst6033nvpkl,490891318164,OK
2026-09-10 12:15:39,208,佐藤 信子,xst6033bpkm,490891318164,OK
2026-09-10 12:17:38,208,打越 美由紀,l303x240xbkb,490891318153,OK
2026-09-10 12:17:38,208,打越 美由紀,bck030x210xbeg,490891318153,OK
2026-09-10 12:19:05,208,石田 晴香,bck030x190xvnl,490891318142,OK
2026-09-10 12:19:05,208,石田 晴香,bck030x190xbeg,490891318142,OK
2026-09-10 12:20:33,208,竹中 且ﾐ,mz8016xlxnvy,490891318131,OK
2026-09-10 12:20:33,208,竹中 且ﾐ,mz8016xlxsax,490891318131,OK
2026-09-10 12:21:37,208,伊藤 幸子,bck030x220xblk,490891318120,OK
2026-09-10 12:21:37,208,伊藤 幸子,bck030x180xblk,490891318120,OK
2026-09-10 12:22:57,208,山崎 哲也,edm235x255xwpblk,490891318116,OK
2026-09-10 12:22:57,208,山崎 哲也,edm235x255xwpblk,490891318116,OK
2026-09-10 12:24:46,208,森田 大智,2012wilsonairx255x79,490891318105,OK
2026-09-10 12:24:46,208,森田 大智,2012wilsonairx255x78,490891318105,OK
2026-09-10 12:26:55,208,関口 敦史,dr6255x265xwin,490891318094,OK
2026-09-10 12:26:55,208,関口 敦史,l6236x265xwhr,490891318094,OK
2026-09-10 12:26:55,208,関口 敦史,gs303x2lx20khk,490891318094,OK
2026-09-10 12:29:30,208,高橋 悦実,mz7017x210xsax,490891318083,OK
2026-09-10 12:29:30,208,高橋 悦実,mz7017x250xgry,490891318083,OK
2026-09-10 12:31:15,208,小菅 豊,du6009x265xdbn,490891318072,OK
2026-09-10 12:31:15,208,小菅 豊,du6009x265xblk,490891318072,OK
2026-09-10 12:33:37,208,高木 寛奈,l761x230x780blk,490891318061,OK
2026-09-10 12:33:37,208,高木 寛奈,fkr1534x220xblk,490891318061,OK
2026-09-10 12:34:51,208,,,490891318050,CLEAR
2026-09-10 12:35:15,208,高田 真由美,bt60xa6blk220,490891318050,OK
2026-09-10 12:35:15,208,高田 真由美,pw7602xsx1blk,490891318050,OK
2026-09-10 12:37:19,208,坂下 詩織,moz4777xlxpnk,490891318046,OK
2026-09-10 12:37:19,208,坂下 詩織,fkr1364x230xnvm,490891318046,OK
2026-09-10 12:38:48,208,東條 洋介,bck030x230xbeg,490891318035,OK
2026-09-10 12:38:48,208,東條 洋介,bck030x230xblk,490891318035,OK
2026-09-10 12:40:44,208,土田 大樹,xstreetxst241x270xjknvy,490891318024,OK
2026-09-10 12:40:44,208,土田 大樹,xstreetxst241x270xjkwht,490891318024,OK
2026-09-10 12:42:14,208,桝 知広,2012wilsonairx290x70,490891318013,OK
2026-09-10 12:42:14,208,桝 知広,2012wilsonairx290x78,490891318013,OK
2026-09-10 12:44:32,208,村田 ゆかり,mz710x240xgrg,490891318002,OK
2026-09-10 12:44:32,208,村田 ゆかり,mz710x240xblk,490891318002,OK
2026-09-10 12:45:46,208,高橋 裕一,2012wilsonairx270x71,490891317991,OK
2026-09-10 12:45:46,208,高橋 裕一,2012wilsonairx270x71,490891317991,OK
2026-09-10 12:46:57,208,石田 奈美,fkr1534x220xblk,490891317980,OK
2026-09-10 12:46:57,208,石田 奈美,fkr1534x180xblu,490891317980,OK
2026-09-10 12:48:36,208,大澤 敬,jk1074x235xblk,490891317976,OK
2026-09-10 12:48:36,208,大澤 敬,jk1074x235xwht,490891317976,OK
2026-09-10 12:50:51,208,中野 ももこ,ifme303419x165xgrn,490891317965,OK
2026-09-10 12:50:51,208,中野 ももこ,ifme303419x170xblk,490891317965,OK
2026-09-10 12:52:39,208,岩田 真琴,2012wilsonairx260x78,490891317954,OK
2026-09-10 12:52:39,208,岩田 真琴,bc320x270xbrn,490891317954,OK
2026-09-10 12:56:01,208,鈴木 青葉,l303x250xblk,490891317943,OK
2026-09-10 12:56:01,208,鈴木 青葉,l303x250xblk,490891317943,OK
2026-09-10 12:58:09,208,田中 理恵子,bck030x200xgry,490891317932,OK
2026-09-10 12:58:09,208,田中 理恵子,ifmesc0003x200xblu,490891317932,OK
2026-09-10 13:00:12,208,大島 伊織,ifmesc0003x235xgrn,490891317921,OK
2026-09-10 13:00:12,208,大島 伊織,ifmesc0003x185xpnk,490891317921,OK
2026-09-10 13:01:37,208,大坂 優衣,ifmesc0002x165xpnk,490891317910,OK
2026-09-10 13:01:37,208,大坂 優衣,ifmesc0002x160xpnk,490891317910,OK
2026-09-10 13:02:47,208,葛島 咲季,ds8155xmxblk,490891317906,OK
2026-09-10 13:02:47,208,葛島 咲季,ds8155xmxblk,490891317906,OK
2026-09-10 13:05:06,208,,,490891318702,CLEAR
2026-09-10 13:06:26,208,,490894095915,490894095915,NG_伝票未登録
2026-09-10 13:06:28,208,,,490891318702,CLEAR
2026-09-10 13:07:21,208,大槻 宗平,xstreetxst241x280xjkwht,490894095915,OK
2026-09-10 13:08:23,208,中村 俊,xst6032bkb260,490894095904,OK
2026-09-10 13:09:10,208,阿見 明日香,jk1074x270xwht,490894095893,OK
2026-09-10 13:10:03,208,鈴木 真理子,l303x250xblk,490894095882,OK
2026-09-10 13:10:38,208,我妻 良見,penny6001xmxblk,490894095871,OK
2026-09-10 13:11:34,208,川崎 拓也,2012wilsonairx260x78,490894095860,OK
2026-09-10 13:12:07,208,八木 悠衣,2012wilsonairx260x78,490894095856,OK
2026-09-10 13:12:45,208,寺内 梓,ifme306807x160xblk,490894095845,OK
2026-09-10 13:13:30,208,近藤あゆみ,sa2841x245xwhbu,490894095834,OK
2026-09-10 13:13:57,208,本田 泰代,bck030x210xbeg,490894095823,OK
2026-09-10 13:14:45,208,西田 将司,sjj1520x205xsax,490894095812,OK
2026-09-10 13:15:25,208,大口 彩子,sjj1520x215xbkm,490894095801,OK
2026-09-10 13:17:15,208,,,490894095790,CLEAR
2026-09-10 13:18:29,208,飯塚 麻由子,mz19315x230xnvy,490894095790,OK
2026-09-10 13:19:01,208,別所 賢吾,2012wilsonairx265x71,490894095786,OK
2026-09-10 13:19:50,208,横川 直人,nbct30sb2x290xsb2,490894095775,OK
2026-09-10 13:21:04,208,遠藤 耕一郎,parka8132whs220,490894095764,OK
2026-09-10 13:22:46,208,,,490891318702,CLEAR
2026-09-10 13:23:07,208,谷垣 祥子,2012wilsonairx280x78bit,490894095753,OK
2026-09-10 13:23:39,208,,,490894095742,CLEAR
2026-09-10 13:23:57,208,,,490891318702,CLEAR
2026-09-10 13:24:14,208,岩屋 佳代子,254hpl1006xlxbrn,490894095742,OK
2026-09-10 13:24:49,208,庄原 佳澄,edw4663x245xbeg,490894095731,OK
2026-09-10 13:25:54,208,梅澤 陽子,msadv01wts240,490894095720,OK
2026-09-10 13:26:37,208,丹崎祐子,va41x230x5blk,490894095716,OK
2026-09-10 13:27:05,208,川原 和美,topaztz14014blk250,490894095705,OK
2026-09-10 13:27:38,208,向原 絵里子,sjj1520x240xbkm,490894095694,OK
2026-09-10 13:28:48,208,阿部 貴幸,spltm196x260xblk,490894095683,OK
2026-09-10 13:29:32,208,熊野 美英,pw7602xmxblk,490894095672,OK
2026-09-10 13:30:06,208,古川 法子,bt60xa1blk255,490894095661,OK
2026-09-10 13:30:44,208,四釜 あゆみ,sjj1520x240xblk,490894095650,OK
2026-09-10 13:31:21,208,野上 裕加,mz7017x230xnvy,490894095646,OK
2026-09-10 13:32:05,208,藤崎 航汰,nikehv9981001x280x001,490894095635,OK
2026-09-10 13:33:40,208,渡邉 彩,fkr1364x215xnvm,490894095624,OK
2026-09-10 13:34:07,208,野口 里奈,fkr1364x215xnvm,490894095613,OK
2026-09-10 13:34:41,208,大谷 悌,apltamm117x255xblk,490894095602,OK
2026-09-10 13:35:34,208,倉本 ふさ江,spltl172nvy225,490894095591,OK
2026-09-10 13:36:09,208,古野 隆志,spltm197x245xcha,490894095580,OK
2026-09-10 13:36:40,208,堀之内 梨恵,jk1074x225xblk,490894095576,OK
2026-09-10 13:37:12,208,守谷 美紀,jk1074x225xblk,490894095565,OK
2026-09-10 13:37:58,208,山田一夫,spltamm119x265xblk,490894095554,OK
2026-09-10 13:38:39,208,原田 由右,parka8132whs210,490894095543,OK
2026-09-10 13:39:27,208,康本 唯菜,apltamm117x270xstn,490894095532,OK
2026-09-10 13:40:22,208,ﾀｯｶｰ 陽子,skc141481x220xbbk,490894095521,OK
2026-09-10 13:42:17,208,兵藤晃寿,wilson1901x270xblk,490894095510,OK
2026-09-10 13:43:12,208,怒田 菜月,pwpt7017x180x80blu,490894095506,NG_商品違い
2026-09-10 13:43:26,208,怒田 菜月,pwpt7017x180xblu,490894095506,OK
2026-09-10 13:44:46,208,今本 真紀,fkr1363x230xbkr,490894095495,OK
2026-09-10 13:45:16,208,川上 倫子,skec303690lx200xblk,490894095484,OK
2026-09-10 13:45:58,208,津田 明奈,l303x235xgry,490894095473,OK
2026-09-10 13:46:33,208,福田 修,165hmmm951blk260,490894095462,OK
2026-09-10 13:47:05,208,村田 実希,bck030x190xpcc,490894095451,OK
2026-09-10 13:47:37,208,藤浪 あゆ美,bck030x220xbkw,490894095440,OK
2026-09-10 13:48:44,208,飛田 喜久,hjs375x220xwht,490894095436,OK
2026-09-10 13:49:18,208,松岡 智子,rc020x260xblk,490894095425,OK
2026-09-10 13:50:22,208,土橋 孝子,adsjp9365x220xjp9365,490894095414,OK
2026-09-10 13:51:00,208,杉野 理恵,adsjp9366x235xjp9366,490894095403,OK
2026-09-10 13:51:33,208,鈴木 ひとみ,adskj4367x225xkj4367,490894095392,OK
2026-09-10 13:52:06,208,松本 真紀,pl3130cmls,490894095381,OK
2026-09-10 13:52:36,208,茂木 紀夫,edm235x260xwpbrn,490894095370,OK
2026-09-10 13:53:13,208,ｽｽﾞｷﾔｽﾉﾘ,fg550x280x03blk,490894095366,OK
2026-09-10 13:54:31,208,並木 稔,sa2841x245xcmdb,490894095355,OK
2026-09-10 13:55:08,208,梶原 美和,starcrestjb60x255x604,490894095344,OK
2026-09-10 13:55:42,208,川又 華代,wilson8xx290x82bk,490894095333,OK
2026-09-10 13:56:18,208,渡邊 伸,2012wilsonairx270x70,490894095322,OK
2026-09-10 13:56:54,208,東海林 千佳,ifme305809x170xred,490894095311,OK
2026-09-10 13:57:32,208,村越 さゆり,sa2814x230xblk,490894095300,OK
2026-09-10 13:58:16,208,遠藤 由里,l761x235x780blk,490894095296,OK
2026-09-10 13:58:41,208,柴田 侑子,l761x235x780blk,490894095285,OK
2026-09-10 13:59:09,208,東 真美子,jk1074x255xblk,490894095274,OK
2026-09-10 13:59:58,208,足立 信二,wilson910x260x1blk,490894095263,OK
2026-09-10 14:00:34,208,加藤 大和,l6476bkr255,490894095252,OK
2026-09-10 14:01:13,208,黒田 ゆかり,puma311996mx265x13,490894095241,OK
2026-09-10 14:01:53,208,森田 泰志,bck030x210xblk,490894095230,OK
2026-09-10 14:02:27,208,山本 実代子,mz8017xlxbeg,490894095226,OK
2026-09-10 14:03:04,208,株)いただき 山嵜貴晃,xstreetxst241x255xjkblk,490894095215,OK
2026-09-10 14:03:38,208,折田 睦子,pn8334x245xblk,490894095204,OK
2026-09-10 14:04:07,208,赤平 啓子,fkr1364x240xnvm,490894095193,OK
2026-09-10 14:04:38,208,竹原 奈美江,fkr1364x190xnvm,490894095182,OK
2026-09-10 14:05:24,208,内田 明彦,l204x260xdgy,490894095171,OK
2026-09-10 14:06:07,208,野中 鉄也,wilson1708x255xcml,490894095160,OK
2026-09-10 14:07:08,208,竹谷 浩介,xst6032bkb250,490894095156,OK
2026-09-10 14:07:43,208,中間 洋良,fs900blkm,490894095145,OK
